,momentum,volatility,strength,breadth,safe_haven,put_call
1996-01-05,,,,-6.329620987823769,,
1996-01-08,,,,-7.802414282488792,,
1996-01-09,,,,-7.60906467416593,,
1996-01-10,,,,-4.967946513545799,,
1996-01-11,,,,-3.0168351789137087,,
1996-01-12,,,,-1.5429056908586503,,
1996-01-15,,,,-3.270584328115757,,
1996-01-16,,,,-2.617127565191829,,
1996-01-17,,,,-3.673619906323497,,
1996-01-18,,,,-4.704132528749695,,
1996-01-19,,,,-4.569471148218861,,
1996-01-22,,,,-3.324829018211676,,
1996-01-23,,,,-4.015841833021599,,
1996-01-24,,,,-4.760332374157873,,
1996-01-25,,,,-4.0611933419690045,,
1996-01-26,,,,-3.3092049223397875,,
1996-01-29,,,,-0.48393916118987446,,
1996-01-30,,,,2.1817525657088557,,
1996-01-31,,,,2.1483762874023813,,
1996-02-01,,,,4.320810060691821,,
1996-02-02,,,,6.275432110756701,,
1996-02-05,,,,7.504745169873297,,
1996-02-06,,,,5.586282107355698,,
1996-02-07,,,,4.566895026660489,,
1996-02-08,,,,7.016551359985418,,
1996-02-09,,,,8.65388335314198,,
1996-02-12,,,,7.25949661561704,,
1996-02-13,,,,7.758581608409813,,
1996-02-14,,,,8.894896921940607,,
1996-02-15,,,,6.911847697382237,,
1996-02-16,,,,3.8342249810512823,,
1996-02-19,,,,3.1365847433069227,,
1996-02-20,,,,1.8382497217032274,,
1996-02-21,,,,1.503859364605237,,
1996-02-22,,,,3.2311198363734617,,
1996-02-23,,,,3.0072067400145115,,
1996-02-26,,,,4.27896351474783,,
1996-02-27,,,,2.0459365064514494,,
1996-02-28,,,,1.6738815004975443,,
1996-02-29,,,,-1.3581770590765585,,
1996-03-01,,,,1.0708732625968325,,
1996-03-04,,,,0.6943139598018756,,
1996-03-05,,,,0.5680649382702209,,
1996-03-06,,,,1.5557542706205825,,
1996-03-07,,,,7.910930749881595e-05,,
1996-03-08,,,,-2.363675413041175,,
1996-03-11,,,,-3.388498513624176,,
1996-03-12,,,,-4.045154446240901,,
1996-03-13,,,,-1.855073702686053,,
1996-03-14,,,,-2.063246215945193,,
1996-03-15,,,,-2.5972100445342434,,
1996-03-18,,,,-4.1250101577677505,,
1996-03-19,,,,-5.011381498415046,,
1996-03-20,,,,-4.100213192779028,,
1996-03-21,,,,-1.5365195738879596,,
1996-03-22,,,0.5,-2.8935240238597326,,
1996-03-25,,,0.5,-1.6401499672280757,,
1996-03-26,,,0.5,-0.7964830036323682,,
1996-03-27,,,0.5,0.6210639428891108,,
1996-03-28,,,1.0,3.2354228676644,,
1996-03-29,,,0.5,2.465344316256193,,
1996-04-01,,,1.0,2.92619162012562,,
1996-04-02,,,0.5,3.303248235385006,,
1996-04-03,,,1.0,5.0662961003166,,
1996-04-04,,,1.0,2.69060359654747,,
1996-04-05,,,1.0,2.2014025545016596,,
1996-04-08,,,1.0,3.9829668828928617,,
1996-04-09,,,1.0,3.9860638149208003,,
1996-04-10,,,1.0,4.170415928681298,,
1996-04-11,,,1.0,2.139430492281491,,
1996-04-12,,,1.0,2.295897721018632,,
1996-04-15,,,1.0,2.96937102294183,,
1996-04-16,,,1.0,3.156758146169877,,
1996-04-17,,,1.0,6.037348033091476,,
1996-04-18,,,1.0,7.666921330411084,,
1996-04-19,,,1.0,6.636571887715953,,
1996-04-22,,,1.0,3.24810397607589,,
1996-04-23,,,1.0,2.11208499022542,,
1996-04-24,,,1.0,5.182615171372196,,
1996-04-25,,,1.0,1.876684982205671,,
1996-04-26,,,1.0,1.3536513286240053,,
1996-04-29,,,1.0,0.562078334456737,,
1996-04-30,,,1.0,1.005336830704541,,
1996-05-01,,,1.0,3.1861847263773577,,
1996-05-02,,,1.0,1.6977874773169153,,
1996-05-03,,,1.0,0.48000791852621993,,
1996-05-06,,,1.0,-1.7890844569153896,,
1996-05-07,,,1.0,-0.5547054529013011,,
1996-05-08,,,1.0,2.091604650225771,,
1996-05-09,,,1.0,-0.8341416686136476,,
1996-05-10,,,1.0,-2.682479556764138,,
1996-05-13,,,0.5,-1.4674832684902488,,
1996-05-14,,,1.0,-0.6552135804517362,,
1996-05-15,,,0.5,1.2820979852084464,,
1996-05-16,,,1.0,3.0489892647874797,,
1996-05-17,,,0.5,-0.2326451533172396,,
1996-05-20,,,0.5,-2.7358005839343145,,
1996-05-21,,,0.5,-3.6929277517266685,,
1996-05-22,,,0.5,-2.4760317955826223,,
1996-05-23,,,1.0,-4.025844197724413,,
1996-05-24,,,0.5,-1.6575088873735577,,
1996-05-27,,,0.5,-3.9015981818759085,,
1996-05-28,,,0.5,-4.101307603447494,,
1996-05-29,,,0.5,-0.446524401406047,,
1996-05-30,,,0.5,-2.7289745109641355,,
1996-05-31,,,1.0,-0.2327973265056944,,
1996-06-03,,,1.0,1.6277112787079464,,
1996-06-04,,,1.0,1.8772183189861429,,
1996-06-05,,,1.0,1.535905897303861,,
1996-06-06,,,1.0,2.8930139161334645,,
1996-06-07,,,1.0,2.9124659313837737,,
1996-06-10,,,1.0,2.746563034755647,,
1996-06-11,,,1.0,1.3380970283468652,,
1996-06-12,,,1.0,4.185715750613788,,
1996-06-13,,,1.0,3.606494705022986,,
1996-06-14,,,1.0,6.405313849661752,,
1996-06-17,,,1.0,3.9679840587446984,,
1996-06-18,,,1.0,1.9738051389264353,,
1996-06-19,,,1.0,0.7058405681883475,,
1996-06-20,,,0.5,-0.5134031715012929,,
1996-06-21,,,0.5,-2.6018753221640942,,
1996-06-24,,,0.5,-4.1288070817865785,,
1996-06-25,,,0.5,-4.287205794190373,,
1996-06-26,,,0.5,-4.053168377063214,,
1996-06-27,,,0.5,-1.67986503576541,,
1996-06-28,,,0.5,-1.1926168474421446,,
1996-07-01,,,0.5,-2.9757774206413137,,
1996-07-02,,,0.5,-2.9801815259792708,,
1996-07-03,,,0.5,-4.98378488489727,,
1996-07-04,,,0.5,-4.259460360368974,,
1996-07-05,,,0.5,-3.3031948403002453,,
1996-07-08,,,1.0,-1.0662503238788763,,
1996-07-09,,,1.0,-2.872386628630248,,
1996-07-10,,,0.5,-2.8955890597884064,,
1996-07-11,,,1.0,-1.0963910489164024,,
1996-07-12,,,1.0,-1.987956312750345,,
1996-07-15,,,0.5,-0.35378243770398576,,
1996-07-16,,,1.0,-2.1076401763040007,,
1996-07-17,,,1.0,0.2755671284793675,,
1996-07-18,,,1.0,1.861827650574476,,
1996-07-19,,,1.0,2.4324044413792487,,
1996-07-22,,,1.0,1.4446945429464713,,
1996-07-23,,,1.0,0.2729318987742044,,
1996-07-24,,,0.5,-3.2312375373670035,,
1996-07-25,,,0.5,-3.552830712391218,,
1996-07-26,,,0.5,-4.7250433101383695,,
1996-07-29,,,0.5,-5.502308162840539,,
1996-07-30,,,0.5,-6.865524860505974,,
1996-07-31,,,0.5,-3.6172476131410995,,
1996-08-01,,,0.5,-2.595929865297224,,
1996-08-02,,,0.5,-3.214851707970475,,
1996-08-05,,,0.5,-2.993969579248565,,
1996-08-06,,,0.5,-2.631429655748818,,
1996-08-07,,,0.5,-1.0620788092490059,,
1996-08-08,,,0.5,-1.9598826621128358,,
1996-08-09,,,0.5,-1.0580858144559462,,
1996-08-12,,,0.5,-1.4111611209185047,,
1996-08-13,,,0.5,-1.7000409171151423,,
1996-08-14,,,0.5,-1.5727607503669336,,
1996-08-15,,,0.5,-1.2868042503002168,,
1996-08-16,,,0.5,-3.961930750245644,,
1996-08-19,,,0.5,-6.6961251592919,,
1996-08-20,,,0.5,-5.47864785760246,,
1996-08-21,,,0.5,-1.5734391562201846,,
1996-08-22,,,0.5,-1.1055411278165137,,
1996-08-23,,,0.5,0.18637544087740016,,
1996-08-26,,,0.5,-1.1202382756457654,,
1996-08-27,,,0.5,-0.18928586189198873,,
1996-08-28,,,0.5,2.0269479311792846,,
1996-08-29,,,0.5,2.3856846709648694,,
1996-08-30,,,0.5,2.679196548971257,,
1996-09-02,,,0.5,3.6466153582492105,,
1996-09-03,,,0.5,0.9835943840220797,,
1996-09-04,,,0.0,2.259304496018066,,
1996-09-05,,,0.5,4.93943095128751,,
1996-09-06,,,0.5,3.677716232871598,,
1996-09-09,,,0.5,0.09994964507675977,,
1996-09-10,,,0.5,-1.7364048358462887,,
1996-09-11,,,0.0,-3.6025130475106013,,
1996-09-12,,,0.5,-3.4929652206904915,,
1996-09-13,,,0.0,-3.7669715442013114,,
1996-09-16,,,0.5,-5.263885808891983,,
1996-09-17,,,0.5,-2.852270207275257,,
1996-09-18,,,0.5,-0.5154938059524813,,
1996-09-19,,,0.5,-2.60358584123385,,
1996-09-20,,,0.5,-3.2211156882822416,,
1996-09-23,,,0.5,-4.27182192677638,,
1996-09-24,,,0.5,-4.767854303726129,,
1996-09-25,,,0.5,-3.355517157594105,,
1996-09-26,,,0.5,-5.290877674395178,,
1996-09-27,,,0.5,-6.328899915414237,,
1996-09-30,,,0.0,-5.178190839884374,,
1996-10-01,,,0.0,-5.1457925053599425,,
1996-10-02,,,0.0,-4.21019386802177,,
1996-10-03,,,0.0,-5.262885892017812,,
1996-10-04,,,0.0,-6.669633911650939,,
1996-10-07,,,0.0,-8.72970047316895,,
1996-10-08,,,0.0,-6.23339129622914,,
1996-10-09,,,0.0,-4.37277469691475,,
1996-10-10,,,0.5,-0.3049974792938833,,
1996-10-11,,,1.0,1.9322747896686423,,
1996-10-14,,,0.5,-1.5099569902711132,,
1996-10-15,,,0.5,-0.5081466284036374,,
1996-10-16,,,0.0,-0.9612108777847946,,
1996-10-17,,,0.5,-0.9682634454602865,,
1996-10-18,,,0.5,0.29869354462340264,,
1996-10-21,,,0.5,0.2443856274191476,,
1996-10-22,,,0.5,3.2908609678883955,,
1996-10-23,,,0.5,5.237977155545052,,
1996-10-24,,,0.5,1.3765267636277678,,
1996-10-25,,,0.5,2.2171582611499923,,
1996-10-28,,,0.5,2.1776749409409026,,
1996-10-29,,,0.5,0.14537040622437344,,
1996-10-30,,,0.5,0.11893942327448734,,
1996-10-31,,,0.5,-1.3572313809572385,,
1996-11-01,,,0.5,-2.9286438571468323,,
1996-11-04,,,0.5,-5.305254064938319,,
1996-11-05,,,0.0,-4.886116962222261,,
1996-11-06,,,0.0,-6.179550241818214,,
1996-11-07,,,0.0,-3.6014501978512645,,
1996-11-08,,,0.5,-1.3102774346055786,,
1996-11-11,,,0.5,-0.16295426467729074,,
1996-11-12,,,1.0,0.41212832890039885,,
1996-11-13,,,0.5,0.5190140872821446,,
1996-11-14,,,0.5,0.24282970777629995,,
1996-11-15,,,0.5,0.7441333972715185,,
1996-11-18,,,0.0,0.6088364159494242,,
1996-11-19,,,0.0,-0.7745883869504719,,
1996-11-20,,,0.0,-2.6337541347776603,,
1996-11-21,,,0.0,-3.4276170193635407,,
1996-11-22,,,0.0,-4.258959379479261,,
1996-11-25,,,0.0,-4.030057674119395,,
1996-11-26,,,0.0,-2.75186536973405,,
1996-11-27,,,0.0,-4.251526211600588,,
1996-11-28,,,0.0,-3.478521445855026,,
1996-11-29,,,0.0,-1.2096993647904744,,
1996-12-02,,,0.0,-2.626117662101298,,
1996-12-03,,,0.0,-2.875914450810153,,
1996-12-04,,,0.0,-5.262111823390127,,
1996-12-05,,,0.0,-1.7599096736828284,,
1996-12-06,,,0.0,0.37825572153223264,,
1996-12-09,,,0.6666666666666666,1.0367546812536452,,
1996-12-10,,,0.5,0.8482538301166188,,
1996-12-11,,,0.5,3.239480406459053,,
1996-12-12,,,0.5,0.28684760528467784,,
1996-12-13,,,0.5,-0.4925792320398095,,
1996-12-16,,,0.6666666666666666,1.7787988101492482,,
1996-12-17,,,0.3333333333333333,1.0917444810312027,,
1996-12-18,,,1.0,3.984154575389168,,
1996-12-19,,,1.0,4.168853743500228,,
1996-12-20,,,1.0,6.138153062863824,,
1996-12-23,,,1.0,4.658488869615855,,
1996-12-24,,,0.5,3.447854529685699,,
1996-12-25,,,0.5,2.8209718879246624,,
1996-12-26,,,0.75,4.3080679083019975,,
1996-12-27,,,0.75,3.52478283406527,,
1996-12-30,,,0.75,2.883913227871584,,
1996-12-31,,,0.5,0.35956536825856705,,
1997-01-01,,,0.75,3.385098937666102,,
1997-01-02,,,1.0,2.58780822172681,,
1997-01-03,,,0.5,2.480933999594663,,
1997-01-06,,,1.0,1.666218726941087,,
1997-01-07,,,1.0,2.0905425947699805,,
1997-01-08,,,1.0,4.437716668448168,,
1997-01-09,,,1.0,4.358131819639411,,
1997-01-10,,,1.0,7.020289670614066,,
1997-01-13,,,1.0,5.925691548684234,,
1997-01-14,,,1.0,6.302838539832555,,
1997-01-15,,,1.0,8.611413350772091,,
1997-01-16,,,0.5,3.9547927415407984,,
1997-01-17,,,0.5,2.5084667885333793,,
1997-01-20,,,0.5,0.23420009970912709,,
1997-01-21,,,0.5,-1.8083817366016246,,
1997-01-22,,,0.5,1.4295058518714001,,
1997-01-23,,,0.5,1.1695956969856909,,
1997-01-24,,,1.0,-0.31578533882989024,,
1997-01-27,,,1.0,2.65072108641191,,
1997-01-28,,,1.0,3.4414990707006536,,
1997-01-29,,,1.0,3.543044694209626,,
1997-01-30,,,0.5,1.807945658898784,,
1997-01-31,,,0.5,-0.3389535518100872,,
1997-02-03,,,0.5,-2.4591438151173453,,
1997-02-04,,,0.5,-0.7392994850960087,,
1997-02-05,,,0.5,0.4860276940123573,,
1997-02-06,,,0.5,0.5794772041919287,,
1997-02-07,,,0.5,1.5650268034297607,,
1997-02-10,,,0.5,2.371385566442532,,
1997-02-11,,,1.0,3.7584063725438903,,
1997-02-12,,,1.0,5.438696122990457,,
1997-02-13,,,1.0,4.086205918810373,,
1997-02-14,,,1.0,4.615986660844851,,
1997-02-17,,,1.0,4.503989086145787,,
1997-02-18,,,0.5,1.8669001613920062,,
1997-02-19,,,1.0,4.072918313866189,,
1997-02-20,,,1.0,1.3323877113450617,,
1997-02-21,,,1.0,-1.2735009634449512,,
1997-02-24,,,0.5,-3.7692280610004163,,
1997-02-25,,,0.5,-3.993004777182159,,
1997-02-26,,,1.0,-2.176094817694493,,
1997-02-27,,,0.5,0.946831512795417,,
1997-02-28,,,1.0,3.865589419559888,,
1997-03-03,,,1.0,6.253664070549001,,
1997-03-04,,,1.0,6.025725148631,,
1997-03-05,,,1.0,6.566502394334455,,
1997-03-06,,,0.5,4.463501959000916,,
1997-03-07,,,0.8,4.197410693728022,,
1997-03-10,,,0.0,0.16151784032292496,,
1997-03-11,,,0.0,-1.6860308579176082,,
1997-03-12,,,0.0,1.1659747526128679,,
1997-03-13,,,0.0,-0.6823842933167457,,
1997-03-14,,,1.0,0.3507764872862997,,
1997-03-17,,,0.0,-0.25845560131120976,,
1997-03-18,,,0.0,-1.6660091283455363,,
1997-03-19,,,1.0,-2.2721892868281666,,
1997-03-20,,,0.5,-2.2227003255866817,,
1997-03-21,,,0.5,-1.8185729936618302,,
1997-03-24,,,0.5,-1.4879233584505882,,
1997-03-25,,,1.0,-3.0355736569141185,,
1997-03-26,,,1.0,-1.756378446566096,,
1997-03-27,,,0.5,-1.0734005471904418,,
1997-03-28,,,0.5,-0.8782368113376341,,
1997-03-31,,,0.5,-3.9912846638217023,,
1997-04-01,,,0.5,-2.9019601794904832,,
1997-04-02,,,1.0,0.17112348950778844,,
1997-04-03,,,1.0,1.594555582324555,,
1997-04-04,,,1.0,-0.1499090690071834,,
1997-04-07,,,1.0,-1.5771983291876963,,
1997-04-08,,,1.0,-1.290434996608115,,
1997-04-09,,,1.0,2.398735002775181,,
1997-04-10,,,1.0,-0.946489543183945,,
1997-04-11,,,1.0,0.49832673739495514,,
1997-04-14,,,1.0,0.9531764215049637,,
1997-04-15,,,1.0,0.23441707214042443,,
1997-04-16,,,1.0,0.19179578629671087,,
1997-04-17,,,0.5,2.5205601887882194,,
1997-04-18,,,0.5,2.062276518099452,,
1997-04-21,,,1.0,4.232771696626826,,
1997-04-22,,,1.0,2.9177222972401298,,
1997-04-23,,,0.5,3.2963182431964704,,
1997-04-24,,,1.0,1.4242603807971108,,
1997-04-25,,,1.0,1.3471221297430906,,
1997-04-28,,,1.0,0.920372651607983,,
1997-04-29,,,0.0,-0.8833314668661969,,
1997-04-30,,,1.0,2.7318197089276595,,
1997-05-01,,,1.0,2.2351252163953577,,
1997-05-02,,,0.5,0.9196479043234737,,
1997-05-05,,,0.0,-1.2475608055535228,,
1997-05-06,,,0.0,-0.11164065908924516,,
1997-05-07,,,1.0,0.6359303698360725,,
1997-05-08,,,1.0,1.7930339389567873,,
1997-05-09,,,1.0,1.6488459500555532,,
1997-05-12,,,1.0,0.2581466864090881,,
1997-05-13,,,0.0,-0.6978799838471103,,
1997-05-14,,,0.5,1.6108254677614566,,
1997-05-15,,,0.5,1.4997662918048282,,
1997-05-16,,,0.5,0.49980878420394975,,
1997-05-19,,,0.5,0.04529809616686771,,
1997-05-20,,,1.0,-1.235665194045291,,
1997-05-21,,,0.5,-1.7382715224006928,,
1997-05-22,,,0.5,-3.422222154691477,,
1997-05-23,,,0.5,-2.254545399293026,,
1997-05-26,,,0.5,-2.753718963057931,,
1997-05-27,,,1.0,-3.1621336970473983,,
1997-05-28,,,0.5,-2.769018479402417,,
1997-05-29,,,0.5,-0.6291969376928852,,
1997-05-30,,,1.0,2.0306570509785504,,
1997-06-02,,,1.0,2.388719405346087,,
1997-06-03,,,1.0,2.6816795134649802,,
1997-06-04,,,1.0,4.194101420107712,,
1997-06-05,,,1.0,4.522446616451765,,
1997-06-06,,,1.0,2.972910868005988,,
1997-06-09,,,1.0,2.0687452556412627,,
1997-06-10,,,0.8,2.238064300070124,,
1997-06-11,,,1.0,4.922052609148285,,
1997-06-12,,,1.0,6.027133952939507,,
1997-06-13,,,0.8333333333333334,5.47674596149596,,
1997-06-16,,,0.75,3.2082466957694207,,
1997-06-17,,,0.8,4.624929114720436,,
1997-06-18,,,1.0,5.0567601847712655,,
1997-06-19,,,1.0,3.5918946966310346,,
1997-06-20,,,1.0,2.393368388152664,,
1997-06-23,,,1.0,1.4127559539430883,,
1997-06-24,,,1.0,1.8831639623170726,,
1997-06-25,,,0.5,1.1771341509866953,,
1997-06-26,,,1.0,1.8722006689891146,,
1997-06-27,,,1.0,0.25907327462745644,,
1997-06-30,,,1.0,1.8483326792406474,,
1997-07-01,,,1.0,0.9668176466514382,,
1997-07-02,,,1.0,2.7910326199875417,,
1997-07-03,,,1.0,0.6472085072625328,,
1997-07-04,,,1.0,1.620443324123891,,
1997-07-07,,,1.0,1.8712718106468198,,
1997-07-08,,,1.0,1.7128587541655795,,
1997-07-09,,,1.0,4.49233898068093,,
1997-07-10,,,1.0,4.2210046205571246,,
1997-07-11,,,1.0,2.1808219622740097,,
1997-07-14,,,1.0,-0.9429638490485394,,
1997-07-15,,,0.5,0.13757503259665033,,
1997-07-16,,,1.0,-0.43289315514819554,,
1997-07-17,,,1.0,0.19126923669693133,,
1997-07-18,,,1.0,0.15649301184294379,,
1997-07-21,,,0.5,-1.508323899401229,,
1997-07-22,,,1.0,-0.32499228132827734,,
1997-07-23,,,1.0,2.825006315276866,,
1997-07-24,,,1.0,1.4022778943174348,,
1997-07-25,,,0.5,-1.579954450103919,,
1997-07-28,,,1.0,-1.1108718228122971,,
1997-07-29,,,1.0,0.36383214497175786,,
1997-07-30,,,1.0,0.47949902770416564,,
1997-07-31,,,1.0,2.937771931757955,,
1997-08-01,,,1.0,2.7672679441655994,,
1997-08-04,,,1.0,4.2641283179536735,,
1997-08-05,,,1.0,5.1251958965075515,,
1997-08-06,,,1.0,6.375160278960725,,
1997-08-07,,,1.0,3.5796765918769546,,
1997-08-08,,,1.0,2.019735393353871,,
1997-08-11,,,1.0,1.8343289581986215,,
1997-08-12,,,1.0,0.9553600567079624,,
1997-08-13,,,1.0,-0.854705408148032,,
1997-08-14,,,1.0,-2.6993044248483913,,
1997-08-15,,,1.0,-2.208521802148683,,
1997-08-18,,,0.5,-4.534245110848924,,
1997-08-19,,,0.5,-6.800745999785485,,
1997-08-20,,,1.0,-3.927883090733576,,
1997-08-21,,,1.0,-5.940995256054745,,
1997-08-22,,,1.0,-7.224450664044793,,
1997-08-25,,,0.5,-7.9109141796730125,,
1997-08-26,,,1.0,-5.563475237914282,,
1997-08-27,,,1.0,-2.551934285566228,,
1997-08-28,,,0.5,-4.815218960917825,,
1997-08-29,,,0.5,-6.66699733166004,,
1997-09-01,,,0.5,-4.909361453176396,,
1997-09-02,,,0.5,-2.7440230071443223,,
1997-09-03,,,0.5,-0.24510973311808035,,
1997-09-04,,,0.5,-0.9278170543693389,,
1997-09-05,,,0.5,1.6045133191523608,,
1997-09-08,,,1.0,1.4946018065792044,,
1997-09-09,,,1.0,1.4046742053829853,,
1997-09-10,,,1.0,1.3310970771315334,,
1997-09-11,,,0.5,1.2708976085621637,,
1997-09-12,,,0.5,-0.2329019566309579,,
1997-09-15,,,0.5,-1.6451016008798756,,
1997-09-16,,,0.5,-0.8005376734471703,,
1997-09-17,,,0.5,-0.47316718736586644,,
1997-09-18,,,0.5,-3.4780458805720746,,
1997-09-19,,,0.5,-2.1184011750135148,,
1997-09-22,,,0.5,-4.460510052283786,,
1997-09-23,,,0.5,-4.013144588232188,,
1997-09-24,,,1.0,-1.4653001176445157,,
1997-09-25,,,1.0,-0.28979100534551205,,
1997-09-26,,,1.0,0.8538073592627635,,
1997-09-29,,,1.0,2.6985696575786258,,
1997-09-30,,,1.0,3.117011538018876,,
1997-10-01,,,0.5,0.18664580383362386,,
1997-10-02,,,0.5,0.15271020313660133,,
1997-10-03,,,0.5,0.12494471165721927,,
1997-10-06,,,0.5,0.10222749135590666,,
1997-10-07,,,0.5,0.0836406747457418,,
1997-10-08,,,0.5,0.0684332793374251,,
1997-10-09,,,1.0,0.6014454103669845,,
1997-10-10,,,1.0,2.4920916993911706,,
1997-10-13,,,1.0,0.40262048132004735,,
1997-10-14,,,0.5,-1.3069468789199623,,
1997-10-15,,,0.5,0.2034070990654863,,
1997-10-16,,,1.0,2.711878535599036,,
1997-10-17,,,1.0,2.764264256399211,,
1997-10-20,,,1.0,2.2616707552357176,,
1997-10-21,,,1.0,-0.1495421093525962,,
1997-10-22,,,0.5,0.05946554689333052,,
1997-10-23,,,0.5,-2.6786190979963678,,
1997-10-24,,,0.5,-4.191597443815211,,
1997-10-27,,,1.0,-4.3385797267579,,
1997-10-28,,,0.5,-7.00429250371101,,
1997-10-29,,,0.5,-2.276239321218096,,
1997-10-30,,,0.5,-4.044195808269352,,
1997-10-31,,,0.5,-3.3088874794931056,,
1997-11-03,,,0.5,-3.798180665039814,,
1997-11-04,,,0.5,-3.2894205441234843,,
1997-11-05,,,0.5,-2.5095258997373957,,
1997-11-06,,,0.5,-3.6896120997851427,,
1997-11-07,,,1.0,-3.5642280816423897,,
1997-11-10,,,0.5,-3.8252775213437733,,
1997-11-11,,,0.5,-3.4934088810994504,,
1997-11-12,,,0.5,-5.585516357263188,,
1997-11-13,,,0.5,-7.479058837760792,,
1997-11-14,,,0.5,-6.11922995816792,,
1997-11-17,,,1.0,-5.188460874864662,,
1997-11-18,,,0.5,-6.063286170343814,,
1997-11-19,,,0.5,-7.324506866644939,,
1997-11-20,,,0.0,-4.720051072709494,,
1997-11-21,,,0.0,-1.8618599685804933,,
1997-11-24,,,0.0,-4.25061270156586,,
1997-11-25,,,0.5,-1.8414103921902474,,
1997-11-26,,,0.5,-0.9611539572465656,,
1997-11-27,,,1.0,1.2136013077073569,,
1997-11-28,,,0.5,-1.3706898391485278,,
1997-12-01,,,0.5,-0.9396553229397043,,
1997-12-02,,,0.5,-2.041536173314304,,
1997-12-03,,,1.0,-0.03398414180261096,,
1997-12-04,,,0.5,-2.0278052069294104,,
1997-12-05,,,0.3333333333333333,-2.5682042602149724,,
1997-12-08,,,0.5,-3.373985303812251,,
1997-12-09,,,0.0,-5.48780615766457,,
1997-12-10,,,0.0,-5.035477765361921,,
1997-12-11,,,0.0,-5.756299989841572,,
1997-12-12,,,0.0,-6.346063628052195,,
1997-12-15,,,0.0,-4.28314296840634,,
1997-12-16,,,0.5,-1.8680260650597311,,
1997-12-17,,,0.5,0.8352514013147672,,
1997-12-18,,,0.5,-0.04388521710610015,,
1997-12-19,,,0.0,0.8731848223677369,,
1997-12-22,,,0.5,3.078060309209968,,
1997-12-23,,,0.5,3.427503889353611,,
1997-12-24,,,0.5,2.2588668185620446,,
1997-12-25,,,0.5,1.8481637606416728,,
1997-12-26,,,0.0,1.8757703496159142,,
1997-12-29,,,0.0,2.807448467867567,,
1997-12-30,,,0.5,0.2970032918916441,,
1997-12-31,,,0.5,3.5157299660931653,,
1998-01-01,,,0.5,3.7855972449853175,,
1998-01-02,,,0.5,5.460943200442533,,
1998-01-05,,,0.5,6.46804443672571,,
1998-01-06,,,0.5,2.9283999936846694,,
1998-01-07,,,0.5,4.395963631196548,,
1998-01-08,,,0.5,0.505788425524446,,
1998-01-09,,,0.0,-3.0407185609345464,,
1998-01-12,,,0.0,-5.942406095310085,,
1998-01-13,,,0.0,-2.861968623435522,,
1998-01-14,,,0.5,-1.4325197828108807,,
1998-01-15,,,0.5,-0.8084252768452657,,
1998-01-16,,,0.0,0.9749247734902383,,
1998-01-19,,,1.0,2.070392996492014,,
1998-01-20,,,0.5,0.05759426985710099,,
1998-01-21,,,0.5,0.2289407662467191,,
1998-01-22,,,0.0,-2.903593918525414,,
1998-01-23,,,0.0,-4.012031387884431,,
1998-01-26,,,0.0,-3.282571135541806,,
1998-01-27,,,0.0,-5.776649110897844,,
1998-01-28,,,0.0,-6.362712908916418,,
1998-01-29,,,0.0,-5.933128743658886,,
1998-01-30,,,0.0,-2.4907416993572684,,
1998-02-02,,,0.5,-0.7651522994741277,,
1998-02-03,,,0.0,-1.8987609722970142,,
1998-02-04,,,0.0,-2.0989862500611935,,
1998-02-05,,,0.5,-0.4446251136864299,,
1998-02-06,,,0.3333333333333333,-0.5456023657434427,,
1998-02-09,,,1.0,0.09905260984627459,,
1998-02-10,,,0.5,-1.5553205919439583,,
1998-02-11,,,0.0,-1.9998077570450574,,
1998-02-12,,,0.0,-3.090751801218684,,
1998-02-13,,,0.0,-0.7106151100880126,,
1998-02-16,,,0.0,-0.581412362799283,,
1998-02-17,,,0.0,1.8879353395278609,,
1998-02-18,,,0.5,2.453765277795523,,
1998-02-19,,,0.5,3.8258079545599744,,
1998-02-20,,,0.5,2.2211155991854326,,
1998-02-23,,,0.0,4.908185490242628,,
1998-02-24,,,0.0,4.1976063101985135,,
1998-02-25,,,0.0,6.161677890162422,,
1998-02-26,,,0.5,4.859554637405617,,
1998-02-27,,,1.0,6.703271976059143,,
1998-03-02,,,1.0,8.211767980412027,,
1998-03-03,,,1.0,3.991446529428019,,
1998-03-04,,,1.0,6.720274433168381,,
1998-03-05,,,0.5,3.1347699907741275,,
1998-03-06,,,0.5,0.9284481742697395,,
1998-03-09,,,1.0,2.5778212334934243,,
1998-03-10,,,1.0,0.2909446455855275,,
1998-03-11,,,1.0,-0.6710452899754781,,
1998-03-12,,,0.5,-0.7308552372526639,,
1998-03-13,,,0.5,-0.5979724668430885,,
1998-03-16,,,0.5,2.238022527128384,,
1998-03-17,,,0.0,-0.1688906596222328,,
1998-03-18,,,1.0,3.3163621875818117,,
1998-03-19,,,1.0,2.3497508807487546,,
1998-03-20,,,1.0,2.104341629703526,,
1998-03-23,,,1.0,3.176279515211977,,
1998-03-24,,,1.0,3.144228694264345,,
1998-03-25,,,1.0,5.663459840761739,,
1998-03-26,,,0.5,2.6337398697141476,,
1998-03-27,,,1.0,4.33669625703885,,
1998-03-30,,,1.0,1.1845696648499657,,
1998-03-31,,,1.0,-1.3944430014863933,,
1998-04-01,,,1.0,2.3136375442384076,,
1998-04-02,,,1.0,2.8020670816496063,,
1998-04-03,,,1.0,3.2016912486224056,,
1998-04-06,,,1.0,4.07411102160015,,
1998-04-07,,,1.0,4.969727199491033,,
1998-04-08,,,1.0,4.066140435947208,,
1998-04-09,,,1.0,4.9632058112295345,,
1998-04-10,,,0.5,1.6971683910059807,,
1998-04-13,,,0.5,-1.338680407358745,,
1998-04-14,,,0.5,-1.0952839696571548,,
1998-04-15,,,1.0,2.5584040248259665,,
1998-04-16,,,1.0,1.1841487475848806,,
1998-04-17,,,1.0,2.605212611660358,,
1998-04-20,,,1.0,1.949719409540292,,
1998-04-21,,,1.0,2.8679522441693304,,
1998-04-22,,,1.0,1.8010518361385424,,
1998-04-23,,,0.5,-1.2536848613411946,,
1998-04-24,,,0.5,-1.9348330683700687,,
1998-04-27,,,0.5,-3.2194088741209663,,
1998-04-28,,,0.5,-4.634061806098973,,
1998-04-29,,,0.5,-2.518777841353704,,
1998-04-30,,,1.0,0.30281812980151673,,
1998-05-01,,,1.0,0.24776028801942276,,
1998-05-04,,,1.0,2.2027129629249838,,
1998-05-05,,,1.0,1.9840378787568045,,
1998-05-06,,,1.0,-0.37669628101716146,,
1998-05-07,,,1.0,-0.3082060481049502,,
1998-05-08,,,1.0,-2.2521685848131425,,
1998-05-11,,,1.0,-0.024501569392569762,,
1998-05-12,,,0.5,-2.7473194658666498,,
1998-05-13,,,0.5,-5.33871592661817,,
1998-05-14,,,0.5,-1.6407675763239555,,
1998-05-15,,,0.5,-1.5242643806286906,,
1998-05-18,,,0.5,0.025601870394708712,,
1998-05-19,,,1.0,2.020946984868399,,
1998-05-20,,,1.0,4.380774805801419,,
1998-05-21,,,0.5,1.2206339320193407,,
1998-05-22,,,1.0,1.1805186716521878,,
1998-05-25,,,1.0,0.056788004079062114,,
1998-05-26,,,1.0,-2.3171734512080415,,
1998-05-27,,,1.0,-2.9867782782611254,,
1998-05-28,,,1.0,-4.080091318577285,,
1998-05-29,,,0.5,-5.156438351563233,,
1998-06-01,,,0.5,-5.127995014915372,,
1998-06-02,,,0.0,-6.922905012203487,,
1998-06-03,,,0.5,-4.027831373621033,,
1998-06-04,,,0.0,-5.295498396599028,,
1998-06-05,,,0.0,-7.7872259608537515,,
1998-06-08,,,0.0,-9.46227578615307,,
1998-06-09,,,0.5,-5.378225643216145,,
1998-06-10,,,0.0,-6.0367300717223005,,
1998-06-11,,,0.0,-4.757324604136427,,
1998-06-12,,,0.5,-2.2559928579298023,,
1998-06-15,,,0.0,-4.936721429215295,,
1998-06-16,,,0.0,-5.675499351176151,,
1998-06-17,,,0.5,-1.9163176509623023,,
1998-06-18,,,0.5,-3.5678962598782484,,
1998-06-19,,,0.0,-5.6464605762640225,,
1998-06-22,,,0.0,-8.074376835125111,,
1998-06-23,,,0.0,-6.060853774193271,,
1998-06-24,,,0.0,-1.8679712697944917,,
1998-06-25,,,0.5,0.8352962338045085,,
1998-06-26,,,0.5,-0.22566671779631195,,
1998-06-29,,,0.5,2.1789999581666555,,
1998-06-30,,,0.0,0.8737272384999899,,
1998-07-01,,,1.0,-1.2851322594091006,,
1998-07-02,,,0.0,-3.7787445758801743,,
1998-07-03,,,0.0,-5.4553364711746894,,
1998-07-06,,,0.0,-2.0998207491429257,,
1998-07-07,,,0.3333333333333333,-0.8089442492987565,,
1998-07-08,,,1.0,0.610863796028291,,
1998-07-09,,,0.5,1.0452521967504202,,
1998-07-10,,,1.0,2.8552063427957997,,
1998-07-13,,,0.5,1.4269870077420168,,
1998-07-14,,,0.5,1.1675348245161954,,
1998-07-15,,,1.0,1.3188921291496145,,
1998-07-16,,,1.0,4.170002651122413,,
1998-07-17,,,1.0,2.5027294418274275,,
1998-07-20,,,0.0,-0.31594863850483396,,
1998-07-21,,,0.0,-1.8948670678675925,,
1998-07-22,,,0.5,-1.3685276009825753,,
1998-07-23,,,0.0,-4.5742498553493816,,
1998-07-24,,,0.0,-5.742568063467677,,
1998-07-27,,,0.0,-6.334828415564464,,
1998-07-28,,,0.0,-3.183041430916377,,
1998-07-29,,,1.0,0.12296610197751184,,
1998-07-30,,,1.0,-1.89939137110931,,
1998-07-31,,,0.75,-2.281320212725799,,
1998-08-03,,,0.25,-4.04835290132111,,
1998-08-04,,,0.0,-4.948652373808181,,
1998-08-05,,,0.5,-3.1398064876612377,,
1998-08-06,,,0.5,-3.4780234899046496,,
1998-08-07,,,0.5,-3.02747376446744,,
1998-08-10,,,0.16666666666666666,-4.840660352746089,,
1998-08-11,,,0.14285714285714285,-5.5969039249740735,,
1998-08-12,,,0.0,-6.942921393160606,,
1998-08-13,,,0.0,-4.044208412585949,,
1998-08-14,,,0.0,-4.581625064843049,,
1998-08-17,,,0.0,-6.112238689417042,,
1998-08-18,,,0.0,-7.00092256406849,,
1998-08-19,,,0.0,-4.818936643328763,,
1998-08-20,,,0.5,-0.8518572536326212,,
1998-08-21,,,0.0,-2.3333377529721453,,
1998-08-24,,,0.5,-1.7272763433408456,,
1998-08-25,,,1.0,0.2231375372665822,,
1998-08-26,,,1.0,0.1825670759453854,,
1998-08-27,,,0.0,-0.3960814833174123,,
1998-08-28,,,0.0,-3.5967939408960667,,
1998-08-31,,,0.0,-3.4882859516422364,,
1998-09-01,,,0.0,-5.3995066877072855,,
1998-09-02,,,0.0,-2.0541418353968677,,
1998-09-03,,,0.0,-0.7715705925974362,,
1998-09-04,,,0.5,1.368714969693008,,
1998-09-07,,,0.5,3.4834940661124625,,
1998-09-08,,,0.5,4.486495145001106,,
1998-09-09,,,1.0,3.488950573182722,,
1998-09-10,,,0.5,1.7636868326040445,,
1998-09-11,,,0.5,-1.28425622786942,,
1998-09-14,,,0.5,1.6765176317432036,,
1998-09-15,,,0.5,0.4626053350626203,,
1998-09-16,,,0.5,-0.16695927131240196,,
1998-09-17,,,0.5,-2.5002394038010576,,
1998-09-18,,,0.5,-2.7729231485645016,,
1998-09-21,,,0.5,-3.541482576098229,,
1998-09-22,,,0.5,-3.8066675622621875,,
1998-09-23,,,0.5,-0.0236370963963327,,
1998-09-24,,,0.5,3.071569648403002,,
1998-09-25,,,0.5,2.694920621420638,,
1998-09-28,,,0.5,1.6594805084350666,,
1998-09-29,,,1.0,-0.6422432203713107,,
1998-09-30,,,0.5,-1.4345626348492546,,
1998-10-01,,,0.5,-1.1737330648766628,,
1998-10-02,,,0.5,-0.9603270530809057,,
1998-10-05,,,0.0,-4.24026758888438,,
1998-10-06,,,0.0,-2.560218936359946,,
1998-10-07,,,0.5,1.359820870250956,,
1998-10-08,,,0.0,-1.6146920152492197,,
1998-10-09,,,0.0,-0.41202073974936076,,
1998-10-12,,,0.0,-1.2461987870676594,,
1998-10-13,,,0.0,-3.383253553055359,,
1998-10-14,,,1.0,-0.22266199795438282,,
1998-10-15,,,0.6666666666666666,-0.5458143619626771,,
1998-10-16,,,0.0,-1.5374844779694639,,
1998-10-19,,,0.0,-2.712487300156835,,
1998-10-20,,,0.2,-4.5829441546737755,,
1998-10-21,,,0.2,-3.749681581096725,,
1998-10-22,,,0.3333333333333333,-2.8861031118064107,,
1998-10-23,,,0.5,-0.36135709147797057,,
1998-10-26,,,1.0,2.7952532887907533,,
1998-10-27,,,1.0,2.468843599919707,,
1998-10-28,,,1.0,1.1108720362979412,,
1998-10-29,,,0.5,0.7270771206074063,,
1998-10-30,,,0.5,-1.4051187195030326,,
1998-11-02,,,0.0,-2.6041880432297546,,
1998-11-03,,,0.0,-2.6761538535516176,,
1998-11-04,,,0.3333333333333333,-1.8259440619967777,,
1998-11-05,,,0.5,-1.1303178689064541,,
1998-11-06,,,0.5,-0.01571462001437077,,
1998-11-09,,,0.5,2.168960765442789,,
1998-11-10,,,0.5,2.6836951717259185,,
1998-11-11,,,0.5,2.3775687768666605,,
1998-11-12,,,0.5,1.7634653628909034,,
1998-11-13,,,0.5,1.6246534787289206,,
1998-11-16,,,0.5,-0.6707380628581573,,
1998-11-17,,,0.5,-0.0033311423384918973,,
1998-11-18,,,0.5,3.451819974450327,,
1998-11-19,,,0.5,0.4605799790957202,,
1998-11-20,,,0.5,-1.623161835285321,,
1998-11-23,,,0.5,-3.8734960470516273,,
1998-11-24,,,0.5,-3.7146785839513314,,
1998-11-25,,,1.0,-2.493827932323816,,
1998-11-26,,,0.5,-4.585859217355851,,
1998-11-27,,,0.5,-6.297521177836606,,
1998-11-30,,,0.5,-5.516153690957222,,
1998-12-01,,,0.0,-5.240489383510455,,
1998-12-02,,,1.0,-2.287673131963097,,
1998-12-03,,,1.0,-2.5990052897879887,,
1998-12-04,,,1.0,0.05535930835528356,,
1998-12-07,,,1.0,2.954384888654325,,
1998-12-08,,,1.0,2.417223999808084,,
1998-12-09,,,0.5,1.4322741816611588,,
1998-12-10,,,1.0,1.3536788759045844,,
1998-12-11,,,1.0,3.6530099893764794,,
1998-12-14,,,0.5,1.7160990822171178,,
1998-12-15,,,0.5,-1.868646205458724,,
1998-12-16,,,0.5,-0.07434689537531859,,
1998-12-17,,,0.0,-2.9699201871252625,,
1998-12-18,,,0.5,-0.4299346985570312,,
1998-12-21,,,1.0,2.9209625193624316,,
1998-12-22,,,1.0,2.7535147885692624,,
1998-12-23,,,1.0,2.616512099738487,,
1998-12-24,,,1.0,1.595328081604216,,
1998-12-25,,,1.0,1.8507229758579948,,
1998-12-28,,,1.0,3.6960460711565424,,
1998-12-29,,,1.0,2.478583149128079,,
1998-12-30,,,1.0,4.755204394741157,,
1998-12-31,,,0.5,1.3451672320609442,,
1999-01-01,,,0.5,2.5551368262316823,,
1999-01-04,,,1.0,4.817839221462287,,
1999-01-05,,,1.0,4.3055048175600525,,
1999-01-06,,,1.0,5.886322123458226,,
1999-01-07,,,1.0,7.3615362828294595,,
1999-01-08,,,1.0,8.204893322315014,,
1999-01-11,,,1.0,6.894912718257738,,
1999-01-12,,,1.0,4.186746769483602,,
1999-01-13,,,1.0,3.425520084122946,,
1999-01-14,,,1.0,1.7117891597369548,,
1999-01-15,,,0.0,-1.8721725056697665,,
1999-01-18,,,0.5,-0.4408684137298079,,
1999-01-19,,,0.5,-3.087983247597117,,
1999-01-20,,,0.5,-2.5265317480340044,,
1999-01-21,,,1.0,0.8419285697903623,,
1999-01-22,,,1.0,0.3252142843739325,,
1999-01-25,,,1.0,-1.3702792218758746,,
1999-01-26,,,1.0,-1.12113754517117,,
1999-01-27,,,0.75,1.2645238266781351,,
1999-01-28,,,0.6666666666666666,-1.8744805054451643,,
1999-01-29,,,1.0,-1.5336658680914979,,
1999-02-01,,,0.5,-3.4366357102566814,,
1999-02-02,,,0.0,-4.811792853846376,,
1999-02-03,,,0.5,-1.755103244056124,,
1999-02-04,,,0.0,-3.2541753815004664,,
1999-02-05,,,0.5,-3.5715980394094724,,
1999-02-08,,,0.0,-4.376762032244114,,
1999-02-09,,,0.5,-3.2173507536542743,,
1999-02-10,,,1.0,0.2767130197374142,,
1999-02-11,,,1.0,2.408219743421522,,
1999-02-12,,,1.0,1.4249070627994265,,
1999-02-15,,,0.5,-0.8341669486186525,,
1999-02-16,,,1.0,-0.3188638670516244,,
1999-02-17,,,1.0,1.9209295633213999,,
1999-02-18,,,0.5,0.4807605518084172,,
1999-02-19,,,0.0,-0.15210500306584088,,
1999-02-22,,,0.0,-3.2153586388720536,,
1999-02-23,,,0.0,-3.903475249986226,,
1999-02-24,,,0.5,-0.8301161136250921,,
1999-02-25,,,0.5,-1.4064586384205302,,
1999-02-26,,,0.5,-2.059829795071343,,
1999-03-01,,,0.7,-0.23076983233109788,,
1999-03-02,,,0.8181818181818182,0.3566428644563749,,
1999-03-03,,,0.875,1.7463441618279438,,
1999-03-04,,,0.5,-0.7529911403225931,,
1999-03-05,,,0.5,0.11118906700878803,,
1999-03-08,,,1.0,0.818245600279918,,
1999-03-09,,,0.6666666666666666,1.3967464002290242,,
1999-03-10,,,1.0,0.7791561456419285,,
1999-03-11,,,0.75,-0.6352358808384231,,
1999-03-12,,,0.6666666666666666,-0.8833748115950736,,
1999-03-15,,,0.6666666666666666,-0.7227612094868783,,
1999-03-16,,,0.6,-2.0458955350347194,,
1999-03-17,,,0.6666666666666666,-1.4920963468465884,,
1999-03-18,,,0.75,1.1428302616709747,,
1999-03-19,,,0.0,-1.4285934222692043,,
1999-03-22,,,1.0,-1.5324855273111673,,
1999-03-23,,,1.0,-0.8902154314364091,,
1999-03-24,,,1.0,-2.1829035348116084,,
1999-03-25,,,1.0,-0.8769210739367698,,
1999-03-26,,,0.5,-2.5356626968573583,,
1999-03-29,,,0.5,-1.5291785701560199,,
1999-03-30,,,1.0,-0.5238733755821975,,
1999-03-31,,,1.0,1.3895581472509306,,
1999-04-01,,,1.0,0.22782030229621514,,
1999-04-02,,,1.0,0.1863984291514487,,
1999-04-05,,,0.5,-3.4838558306942713,,
1999-04-06,,,0.0,-3.2140638614771313,,
1999-04-07,,,0.5,-2.6296886139358344,,
1999-04-08,,,0.0,-3.9697452295838658,,
1999-04-09,,,0.5,-6.157064278750437,,
1999-04-12,,,0.0,-5.219416228068538,,
1999-04-13,,,0.0,-6.634067822965169,,
1999-04-14,,,0.0,-5.427873673335137,,
1999-04-15,,,0.0,-6.9864420963651135,,
1999-04-16,,,0.75,-2.4434526242987267,,
1999-04-19,,,0.0,-4.18100669260805,,
1999-04-20,,,0.6666666666666666,-1.9662782030429489,,
1999-04-21,,,0.5,-1.9724094388533218,,
1999-04-22,,,0.0,-3.068334995425446,,
1999-04-23,,,0.0,-3.055910450802638,,
1999-04-26,,,0.0,-6.1366540052021605,,
1999-04-27,,,0.0,-4.475444186074494,,
1999-04-28,,,0.5,-2.388999788606403,,
1999-04-29,,,1.0,0.40900017295839924,,
1999-04-30,,,0.5,2.3346365051477824,,
1999-05-03,,,0.5,0.09197532239363881,,
1999-05-04,,,1.0,2.984343445594797,,
1999-05-05,,,1.0,4.98719009185029,,
1999-05-06,,,1.0,6.444064620604783,,
1999-05-07,,,1.0,5.999689235040276,,
1999-05-10,,,1.0,6.7270184650329545,,
1999-05-11,,,1.0,5.503924198663325,,
1999-05-12,,,0.5,3.230483435269992,,
1999-05-13,,,1.0,5.188577356129995,,
1999-05-14,,,1.0,5.15429056410636,,
1999-05-17,,,1.0,3.8535104615415667,,
1999-05-18,,,1.0,2.60741765035219,,
1999-05-19,,,1.0,3.5878871684699742,,
1999-05-20,,,1.0,2.2082713196572508,,
1999-05-21,,,0.5,-0.375050738462251,,
1999-05-24,,,1.0,-0.30685969510547806,,
1999-05-25,,,1.0,1.3852966130955189,,
1999-05-26,,,0.5,-1.7756664074673045,,
1999-05-27,,,0.5,-5.089181606109615,,
1999-05-28,,,0.5,-5.6184213140896855,,
1999-05-31,,,1.0,-0.9605265297097396,,
1999-06-01,,,1.0,-2.96770352430797,,
1999-06-02,,,0.5,-0.6099392471610651,,
1999-06-03,,,0.5,1.6827769795954939,,
1999-06-04,,,0.5,2.467726619669041,,
1999-06-07,,,0.5,2.0190490524564875,,
1999-06-08,,,1.0,1.651949224737126,,
1999-06-09,,,0.5,0.9879584566031026,,
1999-06-10,,,0.5,1.5356023735843571,,
1999-06-11,,,0.5,-1.6526889670673461,,
1999-06-14,,,0.5,-3.1703818821460117,,
1999-06-15,,,0.5,-3.866676085392192,,
1999-06-16,,,1.0,-0.25455316077542745,,
1999-06-17,,,1.0,1.9735474139110154,,
1999-06-18,,,1.0,0.8874478841090119,,
1999-06-21,,,1.0,2.907911905180102,,
1999-06-22,,,1.0,2.7428370133291744,,
1999-06-23,,,1.0,1.1532302836329598,,
1999-06-24,,,1.0,-0.14735704066394278,,
1999-06-25,,,1.0,-0.6660193969068626,,
1999-06-28,,,1.0,1.2732568570762046,,
1999-06-29,,,0.5,-0.4127898442103792,,
1999-06-30,,,0.5,-0.7013735088994014,,
1999-07-01,,,0.5,-1.8465783254631476,,
1999-07-02,,,0.5,0.8527995518937901,,
1999-07-05,,,1.0,4.3341087242767395,,
1999-07-06,,,1.0,4.636998047135514,,
1999-07-07,,,1.0,5.612089311292694,,
1999-07-08,,,1.0,4.22807307287584,,
1999-07-09,,,1.0,3.822968877807505,,
1999-07-12,,,1.0,6.764247263660688,,
1999-07-13,,,1.0,4.807111397540562,,
1999-07-14,,,1.0,5.024000234351369,,
1999-07-15,,,1.0,1.9287274644693002,,
1999-07-16,,,1.0,3.3962315618385195,,
1999-07-19,,,1.0,4.960553096049699,,
1999-07-20,,,1.0,1.5131798058588424,,
1999-07-21,,,1.0,4.147147113884509,,
1999-07-22,,,1.0,2.3022112749964156,,
1999-07-23,,,1.0,-0.2981907750029344,,
1999-07-26,,,0.5,-0.9712469977296739,,
1999-07-27,,,0.5,-1.8855657254151883,,
1999-07-28,,,1.0,-0.45182650261242585,,
1999-07-29,,,1.0,-0.7333125930465304,,
1999-07-30,,,0.5,-3.145437576128981,,
1999-08-02,,,1.0,-4.39172165319644,,
1999-08-03,,,1.0,-4.138681352615269,,
1999-08-04,,,1.0,-0.8407392885033992,,
1999-08-05,,,1.0,-1.051513963320963,,
1999-08-06,,,1.0,-0.860329606353515,,
1999-08-09,,,1.0,0.38700304934712493,,
1999-08-10,,,0.5,-0.774270232352353,,
1999-08-11,,,1.0,-0.633493826470107,,
1999-08-12,,,1.0,-1.063767676202815,,
1999-08-13,,,1.0,-2.506719007802304,,
1999-08-16,,,1.0,0.49450262997993505,,
1999-08-17,,,1.0,1.4955021518017657,,
1999-08-18,,,1.0,3.405410851474173,,
1999-08-19,,,0.5,0.604427060297049,,
1999-08-20,,,1.0,1.5854403220612225,,
1999-08-23,,,1.0,3.4789966271410018,,
1999-08-24,,,1.0,2.8464517858426372,,
1999-08-25,,,1.0,0.8743696429621566,,
1999-08-26,,,1.0,3.2608478896963113,,
1999-08-27,,,1.0,2.3043300915697085,,
1999-08-30,,,0.5,0.7944518931024878,,
1999-08-31,,,1.0,-0.4409029965525108,,
1999-09-01,,,0.5,-1.8152842699066007,,
1999-09-02,,,0.5,-4.394323493559948,,
1999-09-03,,,1.0,-3.9589919492763204,,
1999-09-06,,,1.0,-1.4209934130442605,,
1999-09-07,,,1.0,-2.2535400652180315,,
1999-09-08,,,1.0,-0.7528964169965703,,
1999-09-09,,,1.0,-0.2523697957244663,,
1999-09-10,,,1.0,-1.6610298328654733,,
1999-09-13,,,1.0,-1.3590244087081143,,
1999-09-14,,,1.0,-2.2028381525793668,,
1999-09-15,,,1.0,-2.711413033928573,,
1999-09-16,,,1.0,-4.400247027759743,,
1999-09-17,,,1.0,-2.145656659076152,,
1999-09-20,,,1.0,-2.1191736301532154,,
1999-09-21,,,1.0,-2.824778424670813,,
1999-09-22,,,0.8,0.23427219799660953,,
1999-09-23,,,1.0,1.1007681619972265,,
1999-09-24,,,1.0,1.8097194052704584,,
1999-09-27,,,1.0,0.026134058857646653,,
1999-09-28,,,1.0,-1.4331630427528355,,
1999-09-29,,,1.0,1.3728666013840456,,
1999-09-30,,,1.0,0.39598176476876396,,
1999-10-01,,,1.0,-1.8578331015528309,,
1999-10-04,,,0.5,-4.065499810361408,,
1999-10-05,,,0.5,-2.417227117568424,,
1999-10-06,,,1.0,0.204086903807655,,
1999-10-07,,,1.0,3.43970746675172,,
1999-10-08,,,1.0,2.8143061091604977,,
1999-10-11,,,1.0,2.302614089313134,,
1999-10-12,,,1.0,2.065775163983473,,
1999-10-13,,,1.0,2.4174524068955687,,
1999-10-14,,,1.0,1.9779156056418288,,
1999-10-15,,,0.5,-2.0180690499294154,,
1999-10-18,,,1.0,-2.742056495396795,,
1999-10-19,,,1.0,-2.2435007689610136,,
1999-10-20,,,1.0,-0.3810460836953737,,
1999-10-21,,,1.0,-2.129946795750761,,
1999-10-22,,,1.0,-2.833592832886987,,
1999-10-25,,,0.5,-3.045666863271171,,
1999-10-26,,,0.5,-4.310091069949141,,
1999-10-27,,,0.5,-3.8900745117765694,,
1999-10-28,,,0.5,-6.091879145999013,,
1999-10-29,,,0.5,-7.8933556649082846,,
1999-11-01,,,0.0,-9.367290998561325,,
1999-11-02,,,0.5,-5.4823289988229,,
1999-11-03,,,0.5,-5.5764509990369175,,
1999-11-04,,,0.5,-4.562550817393841,,
1999-11-05,,,0.5,-1.369359759685868,,
1999-11-08,,,1.0,-0.5749307124702552,,
1999-11-09,,,0.5,-0.47039785565748143,,
1999-11-10,,,0.5,1.2514926635529708,,
1999-11-11,,,0.5,0.29667581563424833,,
1999-11-12,,,0.5,-0.12090160539016072,,
1999-11-15,,,0.5,-3.0080104044101335,,
1999-11-16,,,0.5,-3.188372149062836,,
1999-11-17,,,0.5,-4.426849940142321,,
1999-11-18,,,1.0,-1.9856044964800794,,
1999-11-19,,,1.0,0.19359632106175453,,
1999-11-22,,,1.0,0.7038515354141631,,
1999-11-23,,,1.0,1.12133307442977,,
1999-11-24,,,1.0,1.644727060897085,,
1999-11-25,,,1.0,0.982049413461251,,
1999-11-26,,,1.0,1.530767701922842,,
1999-11-29,,,1.0,0.16153721066414267,,
1999-11-30,,,1.0,-2.0496513730929755,,
1999-12-01,,,1.0,-0.9497147598033429,,
1999-12-02,,,1.0,0.6775061056154478,,
1999-12-03,,,1.0,0.5543231773217299,,
1999-12-06,,,1.0,1.9080825996268709,,
1999-12-07,,,1.0,2.288431217876531,,
1999-12-08,,,1.0,0.7814437237171609,,
1999-12-09,,,1.0,0.639363046677677,,
1999-12-10,,,1.0,0.1594788563726445,,
1999-12-13,,,0.6666666666666666,-0.5967900266042004,,
1999-12-14,,,0.75,-2.30646456722162,,
1999-12-15,,,1.0,-1.1598346459085973,,
1999-12-16,,,1.0,0.5055898351656942,,
1999-12-17,,,0.8,0.05002804695374955,,
1999-12-20,,,0.8,0.04093203841670417,,
1999-12-21,,,1.0,-1.0574192412954244,,
1999-12-22,,,1.0,0.22574789348556268,,
1999-12-23,,,1.0,-1.2698426326027226,,
1999-12-24,,,1.0,-4.311689426674957,,
1999-12-27,,,0.5,-7.1641095309158755,,
1999-12-28,,,0.5,-4.4069987071129875,,
1999-12-29,,,1.0,-2.3329989421833517,,
1999-12-30,,,1.0,-2.999726407240925,,
1999-12-31,,,1.0,-2.4543216059243926,,
2000-01-03,,,1.0,1.6282823224254996,,
2000-01-04,,,1.0,2.0595037183481364,,
2000-01-05,,,1.0,0.9577757695575654,,
2000-01-06,,,1.0,2.238180175092554,,
2000-01-07,,,1.0,1.8312383250757258,,
2000-01-10,,,1.0,1.8619222659710484,,
2000-01-11,,,0.5,-1.3856999642055081,,
2000-01-12,,,0.5,0.6844273020136765,,
2000-01-13,,,1.0,-0.5309231165342655,,
2000-01-14,,,1.0,-1.1616643680734904,,
2000-01-17,,,0.5,-0.2231799375146734,,
2000-01-18,,,1.0,-0.5462381306938239,,
2000-01-19,,,1.0,2.098532438523237,,
2000-01-20,,,0.5,-0.46483709575371696,,
2000-01-21,,,1.0,-0.016684896525768163,,
2000-01-24,,,1.0,-0.3772876426119924,,
2000-01-25,,,1.0,-2.4905080712279952,,
2000-01-26,,,1.0,-2.0376884219138143,,
2000-01-27,,,1.0,-0.21265416338402862,,
2000-01-28,,,1.0,-0.17398977004147795,,
2000-01-31,,,1.0,-1.9605370845793921,,
2000-02-01,,,1.0,-0.5131667055649561,,
2000-02-02,,,1.0,1.3983181499923099,,
2000-02-03,,,1.0,0.4168057590846165,,
2000-02-04,,,1.0,-0.022613469839859533,,
2000-02-07,,,0.75,-1.1094110207780676,,
2000-02-08,,,0.6666666666666666,-1.27133628972751,,
2000-02-09,,,1.0,0.4143612174956748,,
2000-02-10,,,1.0,1.0662955415873705,,
2000-02-11,,,1.0,0.5087872612987574,,
2000-02-14,,,1.0,-0.6746286043919265,,
2000-02-15,,,0.5,-2.9156052217752144,,
2000-02-16,,,1.0,-0.9309497269069924,,
2000-02-17,,,1.0,0.8746774961670073,,
2000-02-18,,,1.0,-1.102536594045177,,
2000-02-21,,,1.0,-0.9020753951278719,,
2000-02-22,,,1.0,-2.9198798687409875,,
2000-02-23,,,0.5,-4.207174438060809,,
2000-02-24,,,1.0,-3.442233631140662,,
2000-02-25,,,0.5,-4.998191152751452,,
2000-02-28,,,0.6666666666666666,-1.9076109431602768,,
2000-02-29,,,0.0,-4.8334998625856835,,
2000-03-01,,,0.0,-3.2274089784791946,,
2000-03-02,,,0.5,-4.822425527846615,,
2000-03-03,,,0.6666666666666666,-6.854711795510868,,
2000-03-06,,,0.5,-5.972036923599801,,
2000-03-07,,,0.5,-7.068030210218019,,
2000-03-08,,,0.5,-6.873842899269288,,
2000-03-09,,,0.5,-6.714962372129419,,
2000-03-10,,,0.5,-6.766787395378615,,
2000-03-13,,,0.5,-5.900098778037048,,
2000-03-14,,,0.5,-3.0091717274848553,,
2000-03-15,,,0.5,-0.4620495952148799,,
2000-03-16,,,0.5,-0.7416769415394473,,
2000-03-17,,,0.5,-0.606826588532275,,
2000-03-20,,,0.5,-0.49649448152640674,,
2000-03-21,,,0.5,-0.042586393976150654,,
2000-03-22,,,1.0,1.7833384049286054,,
2000-03-23,,,1.0,0.368185967668858,,
2000-03-24,,,0.5,0.3012430644563383,,
2000-03-27,,,1.0,-0.4808011290811783,,
2000-03-28,,,0.5,-0.7570191056118734,,
2000-03-29,,,0.5,-0.6193792682278964,,
2000-03-30,,,0.5,-0.5067648558228242,,
2000-03-31,,,0.5,0.6762832997813265,,
2000-04-03,,,0.5,-0.17395002745164254,,
2000-04-04,,,0.5,-3.415050022460437,,
2000-04-05,,,0.0,-2.4304954729221753,,
2000-04-06,,,0.5,-2.352223568754507,,
2000-04-07,,,0.5,1.7118170801099515,,
2000-04-10,,,1.0,3.582395792817234,,
2000-04-11,,,0.5,1.112869285032281,,
2000-04-12,,,0.5,-0.9076524031554077,,
2000-04-13,,,0.5,-4.015351966218063,,
2000-04-14,,,0.5,-3.2852879723602326,,
2000-04-17,,,0.5,-4.869781068294737,,
2000-04-18,,,0.0,-4.348002692241147,,
2000-04-19,,,0.0,-3.921093111833666,,
2000-04-20,,,0.0,-3.571803455136635,,
2000-04-21,,,0.0,-2.922384645111792,,
2000-04-24,,,0.0,-4.5728601641823765,,
2000-04-25,,,0.0,-5.7414310434219455,,
2000-04-26,,,0.5,-1.4248072173452253,,
2000-04-27,,,0.5,-3.7112059051006403,,
2000-04-28,,,0.0,-4.854623013264161,,
2000-05-01,,,0.0,-3.971964283579767,,
2000-05-02,,,0.0,-6.340698050201629,,
2000-05-03,,,0.5,-5.551480222892241,,
2000-05-04,,,0.5,-1.269392909639104,,
2000-05-05,,,0.5,0.05231489211346133,,
2000-05-08,,,0.0,-1.775378724634442,,
2000-05-09,,,0.0,-1.634400774700907,,
2000-05-10,,,0.0,-2.064509724755288,,
2000-05-11,,,0.0,-3.507326138436145,,
2000-05-12,,,0.0,-5.051448658720483,,
2000-05-15,,,0.0,-3.4057307207713032,,
2000-05-16,,,0.5,-2.7865069533583386,,
2000-05-17,,,0.5,-2.279869325475004,,
2000-05-18,,,0.5,-2.228983993570458,,
2000-05-19,,,0.5,-2.369168722012193,,
2000-05-22,,,0.0,-3.7565925907372493,,
2000-05-23,,,0.0,-3.437212119694113,,
2000-05-24,,,0.5,-0.9940826433860909,,
2000-05-25,,,0.5,-0.8133403445886197,,
2000-05-26,,,0.5,0.42544880897294834,,
2000-05-29,,,0.5,2.529912661886959,,
2000-05-30,,,0.5,3.8881103597256943,,
2000-05-31,,,0.5,5.726635748866479,,
2000-06-01,,,0.5,1.412701976345298,,
2000-06-02,,,0.5,2.610392526100699,,
2000-06-05,,,0.5,3.5903211577187544,,
2000-06-06,,,0.5,2.9375354926789807,,
2000-06-07,,,0.5,3.130710857646439,,
2000-06-08,,,0.5,5.106945247165269,,
2000-06-09,,,0.5,4.542046111317038,,
2000-06-12,,,0.5,2.2616740910775754,,
2000-06-13,,,0.5,1.1231878926998338,,
2000-06-14,,,0.5,2.37351736675441,,
2000-06-15,,,0.5,0.8510596637081526,,
2000-06-16,,,0.5,2.6963215430339442,,
2000-06-19,,,0.5,2.9333539897550454,,
2000-06-20,,,0.5,2.400016900708673,,
2000-06-21,,,0.5,0.14546837330709467,,
2000-06-22,,,0.5,1.9372013963421695,,
2000-06-23,,,0.5,0.49407386973450135,,
2000-06-26,,,0.0,-2.141212288399046,,
2000-06-27,,,0.0,-3.206446417781039,,
2000-06-28,,,0.5,-0.4416379781844845,,
2000-06-29,,,0.5,1.4568416542126956,,
2000-06-30,,,0.5,-1.1716750101896145,,
2000-07-03,,,0.5,1.586811355299408,,
2000-07-04,,,1.0,3.4801183816086074,,
2000-07-05,,,0.5,1.756460494043405,,
2000-07-06,,,0.5,1.0734676769446037,,
2000-07-07,,,1.0,1.9692008265910397,,
2000-07-10,,,1.0,1.9748006763017598,,
2000-07-11,,,0.5,0.88847328061053,,
2000-07-12,,,0.5,1.4542054114086158,,
2000-07-13,,,0.0,0.09889533660704837,,
2000-07-14,,,0.5,-0.64635836095787,,
2000-07-17,,,0.0,-1.6197477498746216,,
2000-07-18,,,0.0,-2.4161572498974184,,
2000-07-19,,,1.0,-3.795037749916071,,
2000-07-20,,,0.0,-4.923212704476786,,
2000-07-21,,,0.0,-5.482628576390098,,
2000-07-24,,,0.0,-8.122150653410081,,
2000-07-25,,,0.0,-4.099941443699154,,
2000-07-26,,,0.0,-3.718133908481126,,
2000-07-27,,,0.5,-3.042109561484557,,
2000-07-28,,,0.0,-3.0344532775782738,,
2000-07-31,,,0.0,-4.300916318018588,,
2000-08-01,,,0.0,-4.428022442015209,,
2000-08-02,,,0.0,-2.8956547252851697,,
2000-08-03,,,0.0,-4.550990229778776,,
2000-08-04,,,0.0,-5.541719278909908,,
2000-08-07,,,0.0,-4.534133955471742,,
2000-08-08,,,0.0,-2.982473236295061,,
2000-08-09,,,0.5,-1.7129326478777762,,
2000-08-10,,,0.5,-3.4014903482636365,,
2000-08-11,,,0.5,-5.328492103124795,,
2000-08-14,,,0.0,-3.9960389934657403,,
2000-08-15,,,0.0,-3.2694864491992415,,
2000-08-16,,,0.5,-0.12957982207210453,,
2000-08-17,,,0.0,-1.5605653089680864,,
2000-08-18,,,0.0,-1.8222807073375253,,
2000-08-21,,,0.0,-0.7636842150943384,,
2000-08-22,,,0.5,-0.6248325396226404,,
2000-08-23,,,0.5,1.6705915584905682,,
2000-08-24,,,0.5,0.09412036603773663,,
2000-08-25,,,0.5,-0.28662879142367026,,
2000-08-28,,,0.5,-0.23451446571027565,,
2000-08-29,,,0.5,-0.5555118355811348,,
2000-08-30,,,0.5,0.2727630436154357,,
2000-08-31,,,0.5,0.7686243084126295,,
2000-09-01,,,0.5,0.6288744341557877,,
2000-09-04,,,0.0,1.6054427188547358,,
2000-09-05,,,0.0,2.0408167699720567,,
2000-09-06,,,0.5,2.7606682663407742,,
2000-09-07,,,0.5,1.5314558542788146,,
2000-09-08,,,0.0,0.7075547898644841,,
2000-09-11,,,1.0,1.4879993735254873,,
2000-09-12,,,1.0,0.30836312379357983,,
2000-09-13,,,0.5,-0.8386119896234354,,
2000-09-14,,,0.0,-2.8679552642373576,,
2000-09-15,,,0.0,-5.619236125285113,,
2000-09-18,,,0.0,-7.870284102506003,,
2000-09-19,,,0.0,-9.34841426568673,,
2000-09-20,,,0.5,-5.46688439919823,,
2000-09-21,,,0.0,-4.4729054175258245,,
2000-09-22,,,0.0,-6.932377159793858,,
2000-09-25,,,0.5,-3.4901267671040634,,
2000-09-26,,,0.5,-5.764649173085144,,
2000-09-27,,,0.5,-3.9892584143423893,,
2000-09-28,,,0.0,-6.536665975371047,,
2000-09-29,,,0.0,-6.075453979849038,,
2000-10-02,,,0.0,-4.9708259835128485,,
2000-10-03,,,0.0,-3.703403077419602,,
2000-10-04,,,0.5,0.24267020938396477,,
2000-10-05,,,0.5,-1.2559971014131206,,
2000-10-06,,,0.0,-1.0276339920652804,,
2000-10-09,,,0.0,-1.5680641753261388,,
2000-10-10,,,0.0,-4.192052507085025,,
2000-10-11,,,0.0,-5.248042960342294,,
2000-10-12,,,0.0,-3.2029442402800568,,
2000-10-13,,,0.0,-4.62059074204732,,
2000-10-16,,,0.0,-2.325937879856896,,
2000-10-17,,,0.0,-3.357585538064734,,
2000-10-18,,,0.0,-3.47438816750751,,
2000-10-19,,,0.0,-0.29722668250614237,,
2000-10-20,,,0.0,0.3022690779495203,,
2000-10-23,,,0.0,-2.479961663495849,,
2000-10-24,,,0.0,-2.2108777246784217,,
2000-10-25,,,0.0,0.7365545888994752,,
2000-10-26,,,0.0,2.4208173909177537,,
2000-10-27,,,0.5,1.435214228932707,,
2000-10-30,,,0.0,-1.007551994509605,,
2000-10-31,,,0.0,0.4483665499466878,,
2000-11-01,,,0.5,1.8213908135927455,,
2000-11-02,,,0.5,3.672047029303157,,
2000-11-03,,,0.5,4.822583933066221,,
2000-11-06,,,0.5,2.4912050361450877,,
2000-11-07,,,0.5,2.4018950295732537,,
2000-11-08,,,0.5,3.783368660559936,,
2000-11-09,,,0.5,2.0045743586399465,,
2000-11-10,,,0.5,-1.2689846156582278,,
2000-11-13,,,0.5,-3.9473510491749155,,
2000-11-14,,,0.5,0.04307641431143532,,
2000-11-15,,,0.5,2.2170625208002663,,
2000-11-16,,,1.0,0.5412329715638533,,
2000-11-17,,,0.5,0.07919061309769788,,
2000-11-20,,,1.0,0.4284286834435712,,
2000-11-21,,,1.0,0.35053255918110365,,
2000-11-22,,,0.5,-0.4404733606700066,,
2000-11-23,,,0.5,-1.0876600223663695,,
2000-11-24,,,0.5,0.7464599817002443,,
2000-11-27,,,0.5,4.247103621391111,,
2000-11-28,,,0.5,4.747630235683637,,
2000-11-29,,,0.5,3.5207883746502477,,
2000-11-30,,,0.5,2.517008670168384,,
2000-12-01,,,0.5,1.6957343665014046,,
2000-12-04,,,0.5,2.1146917544102406,,
2000-12-05,,,0.5,2.821111435426561,,
2000-12-06,,,0.5,3.03545481080355,,
2000-12-07,,,0.5,2.8471902997483594,,
2000-12-08,,,0.5,4.511337517975932,,
2000-12-11,,,1.0,5.145639787434853,,
2000-12-12,,,0.5,3.1191598260830604,,
2000-12-13,,,0.5,5.642948948613415,,
2000-12-14,,,0.5,2.798776412501883,,
2000-12-15,,,0.5,-0.2555465715893705,,
2000-12-18,,,0.5,-0.20908355857312128,,
2000-12-19,,,0.5,-1.9892501842871004,,
2000-12-20,,,0.5,-1.6275683325985366,,
2000-12-21,,,0.5,-2.786192272126076,,
2000-12-22,,,0.0,-5.188702768103155,,
2000-12-25,,,0.0,-4.245302264811672,,
2000-12-26,,,0.0,-6.382520034845915,,
2000-12-27,,,0.0,-3.040243664873928,,
2000-12-28,,,0.5,0.42161881964860654,,
2000-12-29,,,0.5,3.2540517615306803,,
2001-01-01,,,0.5,3.389678713979648,,
2001-01-02,,,0.5,4.955191675074259,,
2001-01-03,,,0.5,6.5997022796062135,,
2001-01-04,,,0.5,3.7633927742232642,,
2001-01-05,,,0.5,3.8064122698190346,,
2001-01-08,,,0.5,2.932519129851937,,
2001-01-09,,,0.5,2.0356974698788566,,
2001-01-10,,,0.5,1.4837524753554276,,
2001-01-11,,,0.5,-0.058747974709196626,,
2001-01-12,,,0.5,-0.41170288839843383,,
2001-01-15,,,0.5,0.390424909492191,,
2001-01-16,,,0.5,-0.044197801324571295,,
2001-01-17,,,0.5,-0.39979820108374037,,
2001-01-18,,,0.5,1.1274378354769408,,
2001-01-19,,,0.5,3.10426731993568,,
2001-01-22,,,0.5,3.6307641708564655,,
2001-01-23,,,0.5,2.4251706852461985,,
2001-01-24,,,1.0,2.711503287928708,,
2001-01-25,,,1.0,1.6730481446689422,,
2001-01-26,,,1.0,1.3688575729109527,,
2001-01-29,,,0.5,-2.152752894891041,,
2001-01-30,,,1.0,0.7841112678164229,,
2001-01-31,,,0.5,1.0051819463952554,,
2001-02-01,,,0.5,-1.3593965893129745,,
2001-02-02,,,1.0,1.0695846087439316,,
2001-02-05,,,1.0,1.6023874071541262,,
2001-02-06,,,1.0,2.401953333126104,,
2001-02-07,,,0.5,0.8743254543759021,,
2001-02-08,,,1.0,3.2608117353984674,,
2001-02-09,,,1.0,3.0315732380532916,,
2001-02-12,,,1.0,2.4803781038617836,,
2001-02-13,,,1.0,0.938491175886913,,
2001-02-14,,,1.0,0.7678564166347468,,
2001-02-15,,,1.0,2.8100643408829757,,
2001-02-16,,,0.5,-1.3372200847321134,,
2001-02-19,,,1.0,-0.003180069326273775,,
2001-02-20,,,1.0,-1.4571473294487705,,
2001-02-21,,,0.5,-1.1922114513671758,,
2001-02-22,,,0.5,-3.1572639147549633,,
2001-02-23,,,0.5,-6.219579566617699,,
2001-02-26,,,0.5,-5.270565099959935,,
2001-02-27,,,0.5,-5.039553263603583,,
2001-02-28,,,0.5,-2.305089033857475,,
2001-03-01,,,1.0,-0.7950728458833879,,
2001-03-02,,,0.6666666666666666,-2.832332328450046,,
2001-03-05,,,0.0,-5.95372645055004,,
2001-03-06,,,0.0,-4.871230732268214,,
2001-03-07,,,0.5,-2.8946433264012645,,
2001-03-08,,,0.5,-1.4592536306919428,,
2001-03-09,,,0.5,-4.466662061475228,,
2001-03-12,,,0.0,-7.2909053230251875,,
2001-03-13,,,0.0,-9.601649809747881,,
2001-03-14,,,0.5,-4.583168026157354,,
2001-03-15,,,0.5,-1.0225920214014694,,
2001-03-16,,,0.5,-3.3821207447830215,,
2001-03-19,,,0.5,-3.8580987911861087,,
2001-03-20,,,0.5,-5.338444465515908,,
2001-03-21,,,0.5,-2.186000017240286,,
2001-03-22,,,0.5,-3.6067272868329625,,
2001-03-23,,,0.0,-5.86004959831788,,
2001-03-26,,,0.0,-4.794586034987355,,
2001-03-27,,,0.5,-1.9228431195351066,,
2001-03-28,,,0.5,1.3358556294712787,,
2001-03-29,,,0.5,0.002063696840136168,,
2001-03-30,,,0.0,-2.907402429858072,,
2001-04-02,,,0.0,-4.196965624429333,,
2001-04-03,,,0.0,-0.8884264199876338,,
2001-04-04,,,0.0,-1.2723488890807917,,
2001-04-05,,,0.0,-1.0410127274297385,,
2001-04-06,,,0.0,-0.12446495880614906,,
2001-04-09,,,0.0,-0.8291076935686679,,
2001-04-10,,,0.0,-0.8601790220107284,,
2001-04-11,,,0.0,-3.249237381645143,,
2001-04-12,,,0.0,-5.2039214940733,,
2001-04-13,,,0.0,-4.257753949696336,,
2001-04-16,,,0.0,-2.02907141338791,,
2001-04-17,,,0.5,0.8853052072280753,,
2001-04-18,,,1.0,3.269795169550245,,
2001-04-19,,,0.5,3.4025596841774735,,
2001-04-20,,,0.5,2.783912468872478,,
2001-04-23,,,0.5,3.0050192927138455,,
2001-04-24,,,0.5,2.458652148584055,,
2001-04-25,,,0.5,2.3752608488414997,,
2001-04-26,,,0.5,1.216122512688499,,
2001-04-27,,,0.5,-1.55044521689123,,
2001-04-30,,,0.5,-1.2685460865473699,,
2001-05-01,,,0.5,-1.037901343538757,,
2001-05-02,,,0.5,-0.12191928107716415,,
2001-05-03,,,0.5,-0.2815703208813162,,
2001-05-04,,,0.5,-0.775830262539259,,
2001-05-07,,,0.5,0.8197752397406073,,
2001-05-08,,,1.0,0.307088832515042,,
2001-05-09,,,0.5,0.2512544993304889,,
2001-05-10,,,0.5,-1.9762463187296013,,
2001-05-11,,,0.5,-2.162383351687856,,
2001-05-14,,,0.5,-2.1328591059264275,,
2001-05-15,,,0.5,-2.835975632121623,,
2001-05-16,,,0.5,-1.2294346080995087,,
2001-05-17,,,0.5,-0.27862831571777913,,
2001-05-18,,,0.5,0.4993041053218176,,
2001-05-21,,,0.5,2.22670335889967,,
2001-05-22,,,0.5,2.1854845663724576,,
2001-05-23,,,0.5,2.515396463395647,,
2001-05-24,,,0.5,1.3307789245964377,,
2001-05-25,,,0.5,-0.36572633442109753,,
2001-05-28,,,0.5,2.246223908200922,,
2001-05-29,,,0.5,4.019637743073483,,
2001-05-30,,,0.5,2.925158153423758,,
2001-05-31,,,0.5,0.9387657618921642,,
2001-06-01,,,0.5,-0.8682825584518669,,
2001-06-04,,,0.5,-2.1649584569151643,,
2001-06-05,,,0.5,-4.498602373839681,,
2001-06-06,,,0.5,-2.9534019422324658,,
2001-06-07,,,0.5,-3.1436924981901995,,
2001-06-08,,,0.5,-0.02665749851925207,,
2001-06-11,,,0.5,1.4327347739387946,,
2001-06-12,,,0.5,0.44496481504083135,,
2001-06-13,,,0.5,1.818607575942499,,
2001-06-14,,,0.5,-0.5120483469561385,,
2001-06-15,,,0.5,-2.782585011145933,,
2001-06-18,,,0.0,-4.822115009119401,,
2001-06-19,,,1.0,-2.1271850074613265,,
2001-06-20,,,1.0,-0.2858786424683568,,
2001-06-21,,,0.5,-1.1429916165650198,,
2001-06-22,,,0.0,-2.026084049916835,,
2001-06-25,,,0.0,-4.2031596772046855,,
2001-06-26,,,0.5,-1.9844033722583774,,
2001-06-27,,,0.0,-3.623602759120492,,
2001-06-28,,,0.5,-3.8738568029167664,,
2001-06-29,,,0.0,-3.1695192023864447,,
2001-07-02,,,0.5,-2.411424801952545,,
2001-07-03,,,0.5,-3.427529383415719,,
2001-07-04,,,0.0,-4.077069495521953,,
2001-07-05,,,0.0,-4.426693223608871,,
2001-07-06,,,0.0,-4.894567182952713,,
2001-07-09,,,0.0,-4.91373678605222,,
2001-07-10,,,0.0,-2.020330097679087,,
2001-07-11,,,0.5,-1.4711791708283435,,
2001-07-12,,,0.0,0.6144897693222658,,
2001-07-13,,,0.0,1.0482189021727633,,
2001-07-16,,,0.0,1.4030881926868066,,
2001-07-17,,,0.5,0.9661630667437506,,
2001-07-18,,,0.5,0.42686069097215934,,
2001-07-19,,,0.5,-0.5598412528409611,,
2001-07-20,,,0.0,-1.0035064795971502,,
2001-07-23,,,0.0,-0.6392325742158499,,
2001-07-24,,,0.0,-0.70482665163115,,
2001-07-25,,,0.0,-1.667585442243669,,
2001-07-26,,,0.0,-3.0007517254720937,,
2001-07-27,,,0.0,-2.4551605026589853,,
2001-07-30,,,0.0,-0.7360404112664413,,
2001-07-31,,,0.0,0.30687602714563966,,
2001-08-01,,,1.0,-1.021646886880841,,
2001-08-02,,,0.0,-0.6540747256297789,,
2001-08-03,,,1.0,1.2830297699392732,,
2001-08-06,,,0.0,1.2315698117684961,,
2001-08-07,,,0.0,-0.6287156085530499,,
2001-08-08,,,0.0,-1.968949134270678,,
2001-08-09,,,0.0,-1.4291402007669178,,
2001-08-10,,,0.0,-2.623841982445661,,
2001-08-13,,,0.0,-2.692234349273723,,
2001-08-14,,,0.0,-2.2027371948603185,,
2001-08-15,,,0.0,-1.802239523067533,,
2001-08-16,,,0.0,-1.8381959734188906,,
2001-08-17,,,0.5,-1.6857967055245466,,
2001-08-20,,,0.0,-3.01565184997463,,
2001-08-21,,,0.5,-1.0128060590701506,,
2001-08-22,,,0.5,-0.8286595028755777,,
2001-08-23,,,0.5,-0.1325395932618358,,
2001-08-24,,,0.0,-0.8357142126687751,,
2001-08-27,,,0.5,-0.501947992183543,,
2001-08-28,,,0.0,-1.137957448150172,,
2001-08-29,,,0.3333333333333333,-0.9310560939410497,,
2001-08-30,,,0.3333333333333333,-2.216318622315405,,
2001-08-31,,,0.0,-3.0860788728035136,,
2001-09-03,,,0.3333333333333333,-2.5249736232028743,,
2001-09-04,,,0.0,-3.1567966008023527,,
2001-09-05,,,1.0,-2.582833582474652,,
2001-09-06,,,0.6666666666666666,-1.7495911129338058,,
2001-09-07,,,0.6666666666666666,-1.0678472742185678,,
2001-09-10,,,0.5,-0.6918750425424642,,
2001-09-11,,,0.5,-1.111534125716562,,
2001-09-12,,,0.0,-2.5458006483135516,,
2001-09-13,,,0.0,-4.264745984983816,,
2001-09-14,,,0.0,-7.307519442259488,,
2001-09-17,,,0.0,-9.43342499821231,,
2001-09-18,,,0.0,-4.627347725810068,,
2001-09-19,,,0.0,-2.695102684753691,,
2001-09-20,,,0.0,-4.023265832980294,,
2001-09-21,,,0.0,-5.473581136074787,,
2001-09-24,,,0.0,-2.8420209295157335,,
2001-09-25,,,0.0,-2.5071080332401454,,
2001-09-26,,,0.0,-1.505815663560118,,
2001-09-27,,,0.0,-1.777485542912824,,
2001-09-28,,,0.0,1.2729663739804187,,
2001-10-01,,,0.5,-0.23120933037965843,,
2001-10-02,,,0.5,-0.1891712703106296,,
2001-10-03,,,0.0,-1.245685584799607,,
2001-10-04,,,0.5,1.3444390669821413,,
2001-10-05,,,0.5,2.009086509349025,,
2001-10-08,,,0.5,0.007434416740110164,,
2001-10-09,,,0.5,2.7333554318782736,,
2001-10-10,,,1.0,3.327290807900406,,
2001-10-11,,,1.0,3.449601570100332,,
2001-10-12,,,0.5,3.3678558300820893,,
2001-10-15,,,0.5,2.210063860976254,,
2001-10-16,,,0.5,3.6264158862533,,
2001-10-17,,,0.5,4.2397948160254275,,
2001-10-18,,,0.5,2.1961957585662573,,
2001-10-19,,,0.5,2.5241601660996653,,
2001-10-22,,,0.5,2.9743128631724542,,
2001-10-23,,,0.5,4.61534688805019,,
2001-10-24,,,0.5,2.8671019993137907,,
2001-10-25,,,0.5,2.345810726711283,,
2001-10-26,,,0.5,1.9192996854910493,,
2001-10-29,,,0.5,1.3885179244926764,,
2001-10-30,,,0.5,-0.6821216981423571,,
2001-10-31,,,0.5,-0.012645025752837222,,
2001-11-01,,,0.5,1.9896540698385892,,
2001-11-02,,,0.5,2.900626057140664,,
2001-11-05,,,0.5,2.191421319478725,,
2001-11-06,,,0.5,4.156617443209867,,
2001-11-07,,,0.5,2.128141544444435,,
2001-11-08,,,0.5,3.377570354545448,,
2001-11-09,,,0.5,4.218012108264458,,
2001-11-12,,,0.5,4.723828088580011,,
2001-11-13,,,0.5,3.31949570883819,,
2001-11-14,,,0.5,5.443223761776702,,
2001-11-15,,,1.0,6.089910350544574,,
2001-11-16,,,1.0,4.982653923172832,,
2001-11-19,,,1.0,6.076716846232318,,
2001-11-20,,,0.5,2.97185923782644,,
2001-11-21,,,0.5,3.704248467312542,,
2001-11-22,,,0.5,3.5762032914375346,,
2001-11-23,,,0.5,2.5623481475398004,,
2001-11-26,,,0.5,3.7328303025325646,,
2001-11-27,,,0.5,2.8723157020720977,,
2001-11-28,,,0.5,1.4409855744226248,,
2001-11-29,,,0.5,0.6335336518003287,,
2001-11-30,,,0.5,0.5183457151093598,,
2001-12-03,,,0.5,1.696828312362204,,
2001-12-04,,,0.5,1.206495891932712,,
2001-12-05,,,0.5,3.350769366126766,,
2001-12-06,,,0.5,2.1960840268309894,,
2001-12-07,,,0.5,1.2513414764980817,,
2001-12-10,,,1.0,2.6601884807711587,,
2001-12-11,,,0.5,1.6310633024491292,,
2001-12-12,,,0.5,-0.4836754798143502,,
2001-12-13,,,0.5,-1.668461756211742,,
2001-12-14,,,0.5,-3.9105596187186995,,
2001-12-17,,,0.5,-3.199548778951663,,
2001-12-18,,,0.5,-4.617812637324088,,
2001-12-19,,,0.5,-7.232755794174256,,
2001-12-20,,,0.5,-5.917709286142573,,
2001-12-21,,,0.5,-5.932671234116651,,
2001-12-24,,,0.5,-6.126731009731805,,
2001-12-25,,,0.5,-5.012779917053295,,
2001-12-26,,,0.5,-4.646819932134513,,
2001-12-27,,,0.5,-6.165579944473694,,
2001-12-28,,,0.5,-4.13547450002393,,
2001-12-31,,,0.5,0.43461177270769624,,
2002-01-01,,,0.5,-0.9171358223300676,,
2002-01-02,,,0.5,-0.9322020364518736,,
2002-01-03,,,0.5,1.237289242903014,,
2002-01-04,,,0.5,1.194145744193375,,
2002-01-07,,,1.0,2.795210154340035,,
2002-01-08,,,1.0,2.468808308096392,,
2002-01-09,,,1.0,2.56538861571523,,
2002-01-10,,,1.0,2.280772503767006,,
2002-01-11,,,1.0,2.2297229576275504,,
2002-01-14,,,1.0,4.1879551471498155,,
2002-01-15,,,1.0,1.4265087567589383,,
2002-01-16,,,1.0,0.6216889828027671,,
2002-01-17,,,0.5,2.5086546222931743,,
2002-01-18,,,0.5,3.325262872785325,,
2002-01-21,,,0.5,3.266124168642539,,
2002-01-22,,,0.5,2.126828865252986,,
2002-01-23,,,0.5,1.5583145261160791,,
2002-01-24,,,1.0,-0.36137902408684563,,
2002-01-25,,,1.0,-0.6593101106165102,,
2002-01-28,,,1.0,-1.4485264541407816,,
2002-01-29,,,1.0,-1.3669761897515484,,
2002-01-30,,,0.5,-3.482071427978541,,
2002-01-31,,,0.5,-3.394422077436988,,
2002-02-01,,,1.0,-0.4136180633575337,,
2002-02-04,,,1.0,-1.247505688201619,,
2002-02-05,,,1.0,-1.5661410176195067,,
2002-02-06,,,1.0,0.5367937128567686,,
2002-02-07,,,1.0,-0.46989605311718996,,
2002-02-08,,,1.0,1.6155395929041187,,
2002-02-11,,,1.0,2.5945323941942795,,
2002-02-12,,,0.5,1.940981049795319,,
2002-02-13,,,1.0,2.497166313468898,,
2002-02-14,,,1.0,3.679499711020008,,
2002-02-15,,,1.0,3.919590672652734,,
2002-02-18,,,1.0,4.1160287321704185,,
2002-02-19,,,0.5,0.6403871445030677,,
2002-02-20,,,1.0,0.34213493641160064,,
2002-02-21,,,1.0,2.6435649479731294,,
2002-02-22,,,1.0,4.16291677561438,,
2002-02-25,,,1.0,3.5878409982299466,,
2002-02-26,,,1.0,4.208233544006321,,
2002-02-27,,,1.0,2.1703728996415337,,
2002-02-28,,,1.0,-0.9515130821114746,,
2002-03-01,,,1.0,1.9487620237269774,,
2002-03-04,,,1.0,2.5035325648675273,,
2002-03-05,,,1.0,1.502890280346158,,
2002-03-06,,,1.0,-0.4067261342622357,,
2002-03-07,,,0.5,2.0308604356036266,,
2002-03-08,,,0.5,1.4797949018575123,,
2002-03-11,,,0.5,-1.1528950802984006,,
2002-03-12,,,0.5,-3.306914156607784,,
2002-03-13,,,0.5,-1.0692934008609127,,
2002-03-14,,,0.5,-0.3294218734316554,,
2002-03-15,,,1.0,0.6395639217377371,,
2002-03-18,,,1.0,0.3414613905126938,,
2002-03-19,,,0.5,-1.7206224986714336,,
2002-03-20,,,0.5,-2.498691135276628,,
2002-03-21,,,0.5,-2.953474565226333,,
2002-03-22,,,1.0,-2.7801155533669992,,
2002-03-25,,,1.0,-2.274639998209363,,
2002-03-26,,,1.0,-4.2247054530803885,,
2002-03-27,,,1.0,-1.4565771888839527,,
2002-03-28,,,1.0,0.08098230000403966,,
2002-03-29,,,1.0,0.06625824545785063,,
2002-04-01,,,1.0,1.690574928101879,,
2002-04-02,,,1.0,1.5650158502651734,,
2002-04-03,,,1.0,0.37137660476241385,,
2002-04-04,,,1.0,1.212944494805612,,
2002-04-05,,,1.0,0.08331822302277272,,
2002-04-08,,,1.0,-0.11364872661773152,,
2002-04-09,,,0.5,-2.4566216854145093,,
2002-04-10,,,0.5,-1.6463268335209618,,
2002-04-11,,,0.5,-0.43790377288078614,,
2002-04-12,,,1.0,0.5508060040066303,,
2002-04-15,,,0.5,-2.2766132694491223,,
2002-04-16,,,1.0,-2.589956311367464,,
2002-04-17,,,0.5,-1.5736006183915607,,
2002-04-18,,,1.0,-0.7420368695930947,,
2002-04-19,,,0.5,-3.334393802394352,,
2002-04-22,,,0.0,-3.2735949292317423,,
2002-04-23,,,0.5,-1.5874867602805154,,
2002-04-24,,,0.5,0.3375108324977614,,
2002-04-25,,,0.5,-0.996582046138196,,
2002-04-26,,,1.0,-0.6335671286585237,,
2002-04-29,,,1.0,-1.7911003779933383,,
2002-04-30,,,1.0,-0.5563548547218214,,
2002-05-01,,,1.0,-0.4551994265905811,,
2002-05-02,,,0.5,0.718473196425889,,
2002-05-03,,,0.5,1.4969326152575462,,
2002-05-06,,,0.5,2.497490321574357,,
2002-05-07,,,1.0,3.316128444924474,,
2002-05-08,,,1.0,3.622286909483661,,
2002-05-09,,,0.5,3.1455074713957227,,
2002-05-10,,,1.0,0.5735970220510441,,
2002-05-13,,,0.5,0.6511248362235816,,
2002-05-14,,,0.5,0.5327385023647485,,
2002-05-15,,,1.0,-1.2004866798833886,,
2002-05-16,,,1.0,-3.3458527380864105,,
2002-05-17,,,0.5,-4.737515876616155,,
2002-05-20,,,0.5,-7.330694808140493,,
2002-05-21,,,0.5,-8.361477570296767,,
2002-05-22,,,0.5,-7.023027102970082,,
2002-05-23,,,0.5,-8.473385811520977,,
2002-05-24,,,0.5,-3.84186111851716,,
2002-05-27,,,0.5,-3.688795460604949,,
2002-05-28,,,0.5,-6.472650831404052,,
2002-05-29,,,0.5,-3.659441589330586,,
2002-05-30,,,0.5,-3.9031794821795702,,
2002-05-31,,,0.0,-3.37532866723783,,
2002-06-03,,,0.5,-0.7616325459218592,,
2002-06-04,,,0.5,-1.5322448102997035,,
2002-06-05,,,1.0,1.8372542461184267,,
2002-06-06,,,1.0,1.3213898377332578,,
2002-06-07,,,0.5,-1.6461355873091545,,
2002-06-10,,,1.0,1.0167981558379662,,
2002-06-11,,,1.0,3.9228348547765197,,
2002-06-12,,,1.0,3.7550466993626066,,
2002-06-13,,,0.5,1.6177654812966764,,
2002-06-14,,,1.0,1.8690808483336447,,
2002-06-17,,,1.0,2.80197523954571,,
2002-06-18,,,0.0,-0.7983838949171487,,
2002-06-19,,,0.0,-2.6532231867503957,,
2002-06-20,,,0.5,-2.3526371527957783,,
2002-06-21,,,0.5,-2.8339758522874554,,
2002-06-24,,,1.0,-1.0459802427806442,,
2002-06-25,,,0.6666666666666666,-2.1285292895478003,,
2002-06-26,,,0.0,-3.014251236902746,,
2002-06-27,,,1.0,-1.920751012011337,,
2002-06-28,,,1.0,1.1557491719907265,,
2002-07-01,,,1.0,1.854703867992413,,
2002-07-02,,,0.5,2.244757710175611,,
2002-07-03,,,0.5,1.6548017628709542,,
2002-07-04,,,1.0,2.808474169621691,,
2002-07-05,,,1.0,3.3887515933268384,,
2002-07-08,,,0.5,4.954433121812868,,
2002-07-09,,,0.5,2.962718008755982,,
2002-07-10,,,1.0,0.24222382534580156,,
2002-07-11,,,0.5,-3.4381805065352555,,
2002-07-12,,,0.5,-3.3585113235288455,,
2002-07-15,,,0.5,-5.475145628341784,,
2002-07-16,,,0.5,-6.843300968643279,,
2002-07-17,,,0.5,-8.1445189743445,,
2002-07-18,,,0.5,-2.663697342645496,,
2002-07-19,,,0.5,-2.361206916709951,,
2002-07-22,,,0.0,-5.931896568217235,,
2002-07-23,,,0.0,-3.9442790103595544,,
2002-07-24,,,0.0,-7.772591917566911,,
2002-07-25,,,0.0,-5.450302478009289,,
2002-07-26,,,0.0,-9.18661111837124,,
2002-07-29,,,0.5,-10.607227278667379,,
2002-07-30,,,0.0,-10.496822318909674,,
2002-07-31,,,0.0,-9.315581897289732,,
2002-08-01,,,0.0,-8.712748825055234,,
2002-08-02,,,0.5,-8.219521765954282,,
2002-08-05,,,0.5,-3.6341541721444095,,
2002-08-06,,,0.5,-2.791580686299971,,
2002-08-07,,,0.5,-0.28402056151815636,,
2002-08-08,,,0.5,-2.9596531866966753,,
2002-08-09,,,0.5,0.30573830179363126,,
2002-08-12,,,0.5,0.6137858832856985,,
2002-08-13,,,0.5,1.4112793590519357,,
2002-08-14,,,0.5,-0.4816805244120538,,
2002-08-15,,,0.5,-0.3941022472462258,,
2002-08-16,,,0.5,0.22300725225308843,,
2002-08-19,,,0.5,-0.18117588452020064,,
2002-08-20,,,0.0,2.39721973084711,,
2002-08-21,,,0.0,1.4159070525112714,,
2002-08-22,,,0.5,-0.11425786612714256,,
2002-08-23,,,0.5,2.633789018623249,,
2002-08-26,,,0.5,4.700372833419023,,
2002-08-27,,,0.5,1.3003050455246532,,
2002-08-28,,,0.5,2.1547950372474443,,
2002-08-29,,,0.5,1.7630141213842723,,
2002-08-30,,,0.5,3.80610246295077,,
2002-09-02,,,0.5,4.38681110605063,,
2002-09-03,,,0.5,1.407390904950514,,
2002-09-04,,,0.5,1.6969561949595116,,
2002-09-05,,,0.5,3.2066005231486923,,
2002-09-06,,,0.5,-2.285508662878346,,
2002-09-09,,,0.5,-6.051779815082285,,
2002-09-10,,,0.5,-4.951456212340051,,
2002-09-11,,,0.5,-2.414827810096403,,
2002-09-12,,,0.5,0.3878681553756719,,
2002-09-13,,,0.5,-1.8644715092380881,,
2002-09-16,,,0.5,-4.61638578028571,,
2002-09-17,,,0.5,-2.1406792747792154,,
2002-09-18,,,0.0,-5.933283043001179,,
2002-09-19,,,0.5,-7.945413398819148,,
2002-09-20,,,0.0,-7.2280655081247565,,
2002-09-23,,,0.0,-7.73205359755662,,
2002-09-24,,,0.5,-5.962589307091779,,
2002-09-25,,,0.5,-5.060300342166001,,
2002-09-26,,,0.0,-6.322063916317639,,
2002-09-27,,,0.5,-2.808961386078066,,
2002-09-30,,,0.5,-6.480059315882056,,
2002-10-01,,,0.0,-7.665503076630774,,
2002-10-02,,,0.0,-6.271775244516086,,
2002-10-03,,,0.0,-4.9496342909677065,,
2002-10-04,,,0.0,-3.504246238064486,,
2002-10-07,,,0.0,-1.2307469220527598,,
2002-10-08,,,0.0,1.538479791047744,,
2002-10-09,,,0.0,-2.5594256255063943,,
2002-10-10,,,0.0,-1.7304391481415946,,
2002-10-11,,,0.3333333333333333,0.402367969702333,,
2002-10-14,,,0.0,-0.9435171156980919,,
2002-10-15,,,0.0,-0.7719685492075297,,
2002-10-16,,,0.0,-1.9043379038970705,,
2002-10-17,,,0.16666666666666666,-2.2853673759157855,,
2002-10-18,,,0.16666666666666666,-0.4153005802947324,,
2002-10-21,,,0.0,-0.5216095656956902,,
2002-10-22,,,0.0,-2.7904078264782934,,
2002-10-23,,,0.0,-3.919424585300423,,
2002-10-24,,,0.0,-6.297711024336711,,
2002-10-25,,,0.0,-7.879945383548219,,
2002-10-28,,,0.0,-7.356318950175816,,
2002-10-29,,,0.0,-3.4733518683256657,,
2002-10-30,,,0.0,-3.02365152863009,,
2002-10-31,,,0.0,0.2533760220299284,,
2002-11-01,,,0.5,0.20730765438812324,,
2002-11-04,,,0.5,4.896888080863013,,
2002-11-05,,,1.0,2.3701811570697364,,
2002-11-06,,,1.0,1.9392391285116022,,
2002-11-07,,,0.0,2.132104741509493,,
2002-11-08,,,0.5,1.198994788507766,,
2002-11-11,,,0.0,1.5264502815063543,,
2002-11-12,,,0.0,1.430732048505199,,
2002-11-13,,,0.0,0.26150803968607117,,
2002-11-14,,,0.0,1.3048702142886044,,
2002-11-15,,,0.3333333333333333,2.1585301753270407,,
2002-11-18,,,0.0,4.85697923435849,,
2002-11-19,,,0.0,3.9738921008387638,,
2002-11-20,,,0.0,4.70591171886808,,
2002-11-21,,,0.5,4.75938231543752,,
2002-11-22,,,1.0,6.62131280353979,,
2002-11-25,,,0.5,8.69016502107801,,
2002-11-26,,,0.0,8.746498653609281,,
2002-11-27,,,1.0,4.247135262043955,,
2002-11-28,,,0.5,7.111292487126874,,
2002-11-29,,,0.5,5.636512034921987,,
2002-12-02,,,0.6666666666666666,8.066237119481627,,
2002-12-03,,,1.0,3.5087394613940557,,
2002-12-04,,,1.0,0.5071504684133162,,
2002-12-05,,,0.5,2.9603958377927153,,
2002-12-06,,,1.0,6.422142049103132,,
2002-12-09,,,0.5,2.7090253129025603,,
2002-12-10,,,0.5,4.2164752560111864,,
2002-12-11,,,0.75,4.722570664009153,,
2002-12-12,,,1.0,4.40937599782567,,
2002-12-13,,,0.6666666666666666,7.425853089130095,,
2002-12-16,,,1.0,3.712061618379167,,
2002-12-17,,,0.5,0.3098685968556796,,
2002-12-18,,,1.0,1.889892488336466,,
2002-12-19,,,1.0,3.000821126820746,,
2002-12-20,,,1.0,2.0915809219442463,,
2002-12-23,,,0.5,1.165838936136201,,
2002-12-24,,,1.0,2.9538682204750746,,
2002-12-25,,,1.0,2.416801271297788,,
2002-12-26,,,1.0,3.613746494698191,,
2002-12-27,,,1.0,3.683974404753066,,
2002-12-30,,,1.0,-0.4403845779293127,,
2002-12-31,,,1.0,1.2760489816941998,,
2003-01-01,,,1.0,1.4076764395679817,,
2003-01-02,,,0.5,0.6062807232828936,,
2003-01-03,,,0.5,0.6778660463223676,,
2003-01-06,,,0.0,-2.172655053008974,,
2003-01-07,,,0.0,-1.232172316098251,,
2003-01-08,,,0.0,2.62822265046507,,
2003-01-09,,,0.0,3.0594548958350574,,
2003-01-10,,,0.0,2.32137218750141,,
2003-01-13,,,0.5,0.8083954261375164,,
2003-01-14,,,1.0,2.1159598941125144,,
2003-01-15,,,0.5,2.640330822455694,,
2003-01-16,,,1.0,2.5239070365546583,,
2003-01-17,,,1.0,2.2468330299083568,,
2003-01-20,,,1.0,-1.0707729755295283,,
2003-01-21,,,1.0,-0.5124506163423409,,
2003-01-22,,,0.5,1.0352676775380858,,
2003-01-23,,,1.0,-1.88023553655975,,
2003-01-24,,,0.0,-6.447465439003435,,
2003-01-27,,,0.0,-9.275198995548266,,
2003-01-28,,,0.5,-5.952435541812215,,
2003-01-29,,,0.5,-6.870174534209995,,
2003-01-30,,,0.5,-7.984688255262724,,
2003-01-31,,,0.0,-5.987472208851318,,
2003-02-03,,,0.0,-1.8079318072419845,,
2003-02-04,,,0.75,-2.024671478652533,,
2003-02-05,,,0.5,-4.56564030071571,,
2003-02-06,,,1.0,-0.2809784278583057,,
2003-02-07,,,1.0,-2.4117096227931603,,
2003-02-10,,,0.0,-5.4277624186489515,,
2003-02-11,,,0.4,-4.804532887985505,,
2003-02-12,,,0.6,-5.749163271988141,,
2003-02-13,,,0.6,-4.885679040717569,,
2003-02-14,,,0.0,-7.451919215132558,,
2003-02-17,,,1.0,-1.7333884487448161,,
2003-02-18,,,1.0,-1.236408730791213,,
2003-02-19,,,1.0,2.079301947534464,,
2003-02-20,,,0.5,0.7921561388918333,,
2003-02-21,,,0.5,-0.26096315908850065,,
2003-02-24,,,1.0,0.1501210516548634,,
2003-02-25,,,1.0,-3.513537321373296,,
2003-02-26,,,0.6666666666666666,-5.601985081123607,,
2003-02-27,,,0.75,-1.1288968845556757,,
2003-02-28,,,0.5,0.34908436718172087,,
2003-03-03,,,0.5,-1.1689309723058656,,
2003-03-04,,,0.0,-4.592761704613892,,
2003-03-05,,,0.0,-6.484986849229548,,
2003-03-06,,,0.5,-10.396807422096906,,
2003-03-07,,,0.0,-13.051933345352015,,
2003-03-10,,,0.0,-14.860672737106196,,
2003-03-11,,,0.5,-9.431459512177792,,
2003-03-12,,,0.5,-10.262103237236376,,
2003-03-13,,,0.5,-8.578084466829761,,
2003-03-14,,,0.5,-6.836614563769803,,
2003-03-17,,,0.5,-7.95723009762984,,
2003-03-18,,,0.5,-6.328642807151686,,
2003-03-19,,,0.0,-3.359798660396832,,
2003-03-20,,,0.0,1.2510738233116858,,
2003-03-21,,,0.0,3.387242219073199,,
2003-03-24,,,0.5,-0.13771091166738497,,
2003-03-25,,,0.5,-1.930854382273316,,
2003-03-26,,,0.5,-1.3979717673145309,,
2003-03-27,,,0.0,-3.325613264166436,,
2003-03-28,,,0.0,-4.175501761590721,,
2003-03-31,,,0.0,-9.416319623119684,,
2003-04-01,,,0.0,-4.43153423709792,,
2003-04-02,,,0.5,0.9196538060107964,,
2003-04-03,,,0.5,4.752444023099745,,
2003-04-04,,,0.5,7.161090564354338,,
2003-04-07,,,0.5,10.22271046174446,,
2003-04-08,,,1.0,6.545854014154556,,
2003-04-09,,,0.0,2.082971466126452,,
2003-04-10,,,0.0,1.7042493813761876,,
2003-04-11,,,0.0,1.394385857489608,,
2003-04-14,,,0.2,1.3226793379460429,,
2003-04-15,,,0.0,1.2640103674103986,,
2003-04-16,,,0.5,1.0341903006085078,,
2003-04-17,,,0.0,-0.6083897540475856,,
2003-04-18,,,0.0,-0.31595525331166074,,
2003-04-21,,,0.0,0.28694570183591434,,
2003-04-22,,,0.5,-0.8561353348615254,,
2003-04-23,,,0.0,-4.336838001250341,,
2003-04-24,,,0.0,-6.093776546477553,,
2003-04-25,,,0.5,-3.8949080834816328,,
2003-04-28,,,0.0,-1.3685611592122435,,
2003-04-29,,,0.5,-1.11973185753729,,
2003-04-30,,,0.0,-0.3706897016214187,,
2003-05-01,,,0.0,-0.12147339223570604,,
2003-05-02,,,1.0,0.9915217699889685,,
2003-05-05,,,1.0,1.7203359936273384,,
2003-05-06,,,1.0,3.043911267513278,,
2003-05-07,,,1.0,2.126836491601772,,
2003-05-08,,,0.5,-2.259861052325826,,
2003-05-09,,,1.0,-1.485340860993857,,
2003-05-12,,,0.5,0.057448386459572606,,
2003-05-13,,,1.0,1.8651850434669244,,
2003-05-14,,,1.0,4.25333321738203,,
2003-05-15,,,1.0,6.752727177858027,,
2003-05-16,,,1.0,7.524958600065659,,
2003-05-19,,,1.0,7.065875218235539,,
2003-05-20,,,1.0,6.326625178556349,,
2003-05-21,,,0.7777777777777778,6.085420600637013,,
2003-05-22,,,0.6666666666666666,4.433525945975737,,
2003-05-23,,,0.6666666666666666,7.263793955798333,,
2003-05-26,,,0.8461538461538461,9.761285963835,,
2003-05-27,,,0.6,4.168324879501361,,
2003-05-28,,,1.0,5.046811265046569,,
2003-05-29,,,1.0,7.401936489583558,,
2003-05-30,,,0.8333333333333334,6.601584400568364,,
2003-06-02,,,1.0,7.0376599641013895,,
2003-06-03,,,1.0,4.485358152446589,,
2003-06-04,,,1.0,6.215293033819938,,
2003-06-05,,,1.0,5.448876118579949,,
2003-06-06,,,1.0,7.18544409701996,,
2003-06-09,,,1.0,7.515363352107239,,
2003-06-10,,,1.0,2.6943881971786467,,
2003-06-11,,,1.0,4.931772161327985,,
2003-06-12,,,1.0,7.489631768359263,,
2003-06-13,,,1.0,7.764244174112124,,
2003-06-16,,,1.0,3.9889270515462814,,
2003-06-17,,,1.0,9.081849405810596,,
2003-06-18,,,1.0,7.612422241117759,,
2003-06-19,,,1.0,6.046527288187256,,
2003-06-20,,,1.0,6.947158690335028,,
2003-06-23,,,1.0,3.5022207466377484,,
2003-06-24,,,1.0,2.319998792703611,,
2003-06-25,,,1.0,5.716362648575684,,
2003-06-26,,,1.0,6.313387621561923,,
2003-06-27,,,1.0,7.16549896309612,,
2003-06-30,,,1.0,7.862680969805917,,
2003-07-01,,,1.0,5.160375338932112,,
2003-07-02,,,1.0,6.585761640944456,,
2003-07-03,,,1.0,6.115623160772737,,
2003-07-04,,,1.0,5.54914622245042,,
2003-07-07,,,1.0,6.17657418200489,,
2003-07-08,,,1.0,4.5081061489130905,,
2003-07-09,,,1.0,0.5975413945652532,,
2003-07-10,,,0.5,0.488897504644298,,
2003-07-11,,,1.0,3.4909161401635185,,
2003-07-14,,,1.0,7.219840478315608,,
2003-07-15,,,1.0,2.634414936803676,,
2003-07-16,,,1.0,6.337248584657556,,
2003-07-17,,,1.0,3.185021569265271,,
2003-07-18,,,1.0,-0.30316417060114426,,
2003-07-21,,,1.0,-4.975316139582758,,
2003-07-22,,,1.0,-7.34344047784044,,
2003-07-23,,,0.5,-4.5537240273239945,,
2003-07-24,,,1.0,-1.1803196587196294,,
2003-07-25,,,1.0,3.7615566428657607,,
2003-07-28,,,1.0,5.986728162344715,,
2003-07-29,,,1.0,6.352777587372949,,
2003-07-30,,,1.0,8.65227257148696,,
2003-07-31,,,1.0,6.351859376671149,,
2003-08-01,,,1.0,7.560612217276395,,
2003-08-04,,,1.0,8.367773632317052,,
2003-08-05,,,1.0,2.8463602446230394,,
2003-08-06,,,0.5,-1.307523436217516,,
2003-08-07,,,1.0,4.021117188549308,,
2003-08-08,,,1.0,8.380914063358528,,
2003-08-11,,,1.0,7.9480205972933415,,
2003-08-12,,,1.0,5.04838048869455,,
2003-08-13,,,1.0,5.585038581659177,,
2003-08-14,,,1.0,4.933213384993871,,
2003-08-15,,,1.0,3.8544473149949843,,
2003-08-18,,,1.0,6.0627296213595345,,
2003-08-19,,,1.0,2.4149605992941625,,
2003-08-20,,,1.0,4.884967763058861,,
2003-08-21,,,1.0,7.269519078866342,,
2003-08-22,,,1.0,7.0386974281633705,,
2003-08-25,,,0.5,-0.4228839224117929,,
2003-08-26,,,1.0,6.19945860893581,,
2003-08-27,,,1.0,9.072284316402028,,
2003-08-28,,,1.0,6.331868986147112,,
2003-08-29,,,1.0,8.08971098866582,,
2003-09-01,,,1.0,8.800672627090217,,
2003-09-02,,,1.0,6.109641240346539,,
2003-09-03,,,1.0,-0.0921117124437446,,
2003-09-04,,,1.0,-0.2571823101812457,,
2003-09-05,,,1.0,3.7895781098517105,,
2003-09-08,,,1.0,4.555109362605945,,
2003-09-09,,,1.0,3.1814531148594085,,
2003-09-10,,,1.0,4.421188912157699,,
2003-09-11,,,1.0,2.7082454735835704,,
2003-09-12,,,1.0,-2.8750718852498096,,
2003-09-15,,,1.0,-8.170513360658937,,
2003-09-16,,,1.0,-2.6849654769027627,,
2003-09-17,,,1.0,-2.9240626629204427,,
2003-09-18,,,0.5,-8.574233087844002,,
2003-09-19,,,1.0,-4.833463435508726,,
2003-09-22,,,0.5,-7.5910155381435045,,
2003-09-23,,,1.0,-1.8471945312083176,,
2003-09-24,,,1.0,3.9432044744659254,,
2003-09-25,,,0.5,0.31716729729030024,,
2003-09-26,,,1.0,6.077682334146613,,
2003-09-29,,,1.0,6.063558273392683,,
2003-09-30,,,1.0,9.142911314594015,,
2003-10-01,,,1.0,8.026018348304193,,
2003-10-02,,,1.0,6.384924103157975,,
2003-10-03,,,1.0,9.587665175311074,,
2003-10-06,,,1.0,11.844453325254516,,
2003-10-07,,,1.0,7.69091635702642,,
2003-10-08,,,1.0,7.383477019385252,,
2003-10-09,,,1.0,10.404663015860661,,
2003-10-10,,,1.0,9.603815194795086,,
2003-10-13,,,1.0,11.130394250286889,,
2003-10-14,,,1.0,6.5612316593256335,,
2003-10-15,,,1.0,8.277371357630065,,
2003-10-16,,,1.0,8.045122019879143,,
2003-10-17,,,1.0,7.67328165262839,,
2003-10-20,,,1.0,3.3690486248777707,,
2003-10-21,,,0.5,-3.7889602160091016,,
2003-10-22,,,0.5,-6.009149267643812,,
2003-10-23,,,0.5,-7.825667582617665,,
2003-10-24,,,1.0,-2.766455294868996,,
2003-10-27,,,1.0,-2.8089179685291787,,
2003-10-28,,,1.0,-3.7527510651602376,,
2003-10-29,,,1.0,0.9295673103234453,,
2003-10-30,,,1.0,4.760555072082822,,
2003-10-31,,,1.0,8.258635968067766,,
2003-11-03,,,1.0,10.393429428419083,,
2003-11-04,,,1.0,8.685533168706522,,
2003-11-05,,,1.0,3.106345319850787,,
2003-11-06,,,0.6666666666666666,2.541555261696098,,
2003-11-07,,,0.0,0.26127248684226034,,
2003-11-10,,,0.6666666666666666,1.1228593074163953,,
2003-11-11,,,0.8,2.3732485242497785,,
2003-11-12,,,0.6666666666666666,3.396294247113455,,
2003-11-13,,,0.5,0.23333165672918857,,
2003-11-14,,,0.5,-4.900001371767031,,
2003-11-17,,,0.8333333333333334,-0.9181829405366593,,
2003-11-18,,,0.6666666666666666,-3.296695133166359,,
2003-11-19,,,0.5,-7.424568745317933,,
2003-11-20,,,0.5,-10.074647155260129,,
2003-11-21,,,0.0,-8.606529490667377,,
2003-11-24,,,0.75,-5.223524128727852,,
2003-11-25,,,0.75,-0.09197428714096653,,
2003-11-26,,,0.8,0.10656649233920933,,
2003-11-27,,,0.8571428571428571,3.7235544028229914,,
2003-11-28,,,0.8,7.591999056855178,,
2003-12-01,,,0.9333333333333333,12.393453773790604,,
2003-12-02,,,0.9,10.503734905828674,,
2003-12-03,,,0.9230769230769231,9.684874013859822,,
2003-12-04,,,0.9,8.105806011339853,,
2003-12-05,,,0.8333333333333334,3.3592958274598765,,
2003-12-08,,,0.9,4.748514767921718,,
2003-12-09,,,0.9166666666666666,9.339693901026862,,
2003-12-10,,,0.9,9.277931373567432,,
2003-12-11,,,0.9166666666666666,8.863762032918808,,
2003-12-12,,,0.8333333333333334,7.43398711784266,,
2003-12-15,,,0.9230769230769231,8.991444005507631,,
2003-12-16,,,0.9230769230769231,8.08390873177897,,
2003-12-17,,,0.9,6.614107144182794,,
2003-12-18,,,0.875,7.22972402705865,,
2003-12-19,,,0.9333333333333333,8.097046931229805,,
2003-12-22,,,0.9375,8.806674761915295,,
2003-12-23,,,0.8888888888888888,5.023642987021602,,
2003-12-24,,,0.9166666666666666,5.928435171199493,,
2003-12-25,,,0.9230769230769231,5.214174230981404,,
2003-12-26,,,0.9375,7.902506188984786,,
2003-12-29,,,0.9523809523809523,10.829323245533008,,
2003-12-30,,,0.875,4.860355382708821,,
2003-12-31,,,0.9090909090909091,2.5221089494890343,,
2004-01-01,,,0.9375,6.790816413218304,,
2004-01-02,,,0.9523809523809523,8.828849792633159,,
2004-01-05,,,0.9166666666666666,5.041786193972582,,
2004-01-06,,,0.75,-1.1476294776588003,,
2004-01-07,,,0.5,-1.4844241180844733,,
2004-01-08,,,0.9333333333333333,4.240016630658162,,
2004-01-09,,,0.9090909090909091,5.650922697811224,,
2004-01-12,,,0.8333333333333334,1.350754934572817,,
2004-01-13,,,0.8571428571428571,3.1051631282868515,,
2004-01-14,,,0.9166666666666666,5.631497104961971,,
2004-01-15,,,0.8333333333333334,1.3348612676961553,,
2004-01-16,,,0.0,-4.362386235521331,,
2004-01-19,,,0.5,-0.6601341926992685,,
2004-01-20,,,0.5,-4.176473430390313,,
2004-01-21,,,0.5,-9.598932806682987,,
2004-01-22,,,0.0,-13.308217750922447,,
2004-01-23,,,0.5,-5.433996341663815,,
2004-01-26,,,0.5,-4.4459970068158485,,
2004-01-27,,,0.5,0.9078206307870366,,
2004-01-28,,,0.6666666666666666,-3.9845103929924277,,
2004-01-29,,,0.5,-4.714599412448351,,
2004-01-30,,,0.0,-7.675581337457743,,
2004-02-02,,,0.0,-6.280021094283606,,
2004-02-03,,,0.0,-9.501835440777498,,
2004-02-04,,,0.6666666666666666,-3.9560471788179488,,
2004-02-05,,,0.5,-3.964038600851049,,
2004-02-06,,,0.75,-1.2433043097872203,,
2004-02-09,,,0.8,4.073660110174096,,
2004-02-10,,,0.5,1.8784491810515316,,
2004-02-11,,,0.6666666666666666,4.809640239042164,,
2004-02-12,,,0.8,3.026069286489042,,
2004-02-13,,,0.75,6.657693052581946,,
2004-02-16,,,0.8,6.901748861203411,,
2004-02-17,,,0.8,6.555976340984608,,
2004-02-18,,,0.75,3.1821624608055865,,
2004-02-19,,,0.5,-2.305503441159069,,
2004-02-20,,,0.6666666666666666,-3.340866451857421,,
2004-02-23,,,0.0,-7.824345278792438,,
2004-02-24,,,0.3333333333333333,-5.492646137193812,,
2004-02-25,,,0.3333333333333333,-8.130346839522211,,
2004-02-26,,,0.0,-8.833920141427264,,
2004-02-27,,,0.3333333333333333,-3.955025570258667,,
2004-03-01,,,0.6666666666666666,1.1277063516065482,,
2004-03-02,,,0.6666666666666666,0.9226688331326302,,
2004-03-03,,,0.6666666666666666,2.2094563180176072,,
2004-03-04,,,0.0,-1.4649902852583239,,
2004-03-05,,,0.6,1.3468261302431914,,
2004-03-08,,,0.7142857142857143,3.2837668338353394,,
2004-03-09,,,0.3333333333333333,-1.6769180450438166,,
2004-03-10,,,0.3333333333333333,-6.2811147641267615,,
2004-03-11,,,0.3333333333333333,-9.866366625194626,,
2004-03-12,,,0.3333333333333333,-7.890663602431966,,
2004-03-15,,,0.3333333333333333,-11.910542947444338,,
2004-03-16,,,0.5,-11.926807866090824,,
2004-03-17,,,0.5,-8.667388254074309,,
2004-03-18,,,0.5,-10.909681298788072,,
2004-03-19,,,0.5,-8.198830153553876,,
2004-03-22,,,0.5,-10.344497398362263,,
2004-03-23,,,0.5,-6.28186150775094,,
2004-03-24,,,0.5,-5.503341233614405,,
2004-03-25,,,0.5,-2.32091555477542,,
2004-03-26,,,0.5,3.5556145460928414,,
2004-03-29,,,0.5,5.454593719530508,,
2004-03-30,,,0.5,2.281031225070414,,
2004-03-31,,,0.5,4.775389184148522,,
2004-04-01,,,0.6,8.99804569612152,,
2004-04-02,,,0.6,10.634764660463063,,
2004-04-05,,,0.6666666666666666,8.882989267651595,,
2004-04-06,,,0.5,5.086082128078576,,
2004-04-07,,,0.6666666666666666,3.070430832064288,,
2004-04-08,,,0.6,2.1485343171435076,,
2004-04-09,,,0.6,1.757891714026506,,
2004-04-12,,,0.6,-1.2889976885237697,,
2004-04-13,,,0.6666666666666666,4.036274618480555,,
2004-04-14,,,0.6666666666666666,3.302406506029545,,
2004-04-15,,,0.6666666666666666,2.338332595842354,,
2004-04-16,,,0.6666666666666666,4.640453942052837,,
2004-04-19,,,0.6,2.524007770770501,,
2004-04-20,,,0.5,0.6105518124485902,,
2004-04-21,,,0.6,4.499542392003394,,
2004-04-22,,,0.7142857142857143,7.681443775275506,,
2004-04-23,,,0.6666666666666666,7.01209036158905,,
2004-04-26,,,0.6,5.9189830231183125,,
2004-04-27,,,0.5,2.297349746187708,,
2004-04-28,,,0.5,2.9705588832444887,,
2004-04-29,,,0.6666666666666666,4.430457268109128,,
2004-04-30,,,0.625,3.261283219362013,,
2004-05-03,,,0.6,-1.6953137296129017,,
2004-05-04,,,0.6,1.885652403043992,,
2004-05-05,,,0.6666666666666666,5.1791701479450865,,
2004-05-06,,,0.8333333333333334,9.510230121045984,,
2004-05-07,,,0.6666666666666666,2.508370099037619,,
2004-05-10,,,0.6666666666666666,-2.856788100787406,,
2004-05-11,,,0.5,-8.701008446098792,,
2004-05-12,,,0.5,-5.300825092262645,,
2004-05-13,,,0.6666666666666666,-1.6097659845785255,,
2004-05-14,,,0.3333333333333333,-7.6807176237460695,,
2004-05-17,,,0.25,-13.37513260124679,,
2004-05-18,,,0.5,-4.57965394647464,,
2004-05-19,,,0.5,0.7984649528843886,,
2004-05-20,,,0.5,-1.1648923112764107,,
2004-05-21,,,0.5,0.6832699271374834,,
2004-05-24,,,0.6666666666666666,6.377220849476126,,
2004-05-25,,,0.6666666666666666,5.944998876844102,,
2004-05-26,,,0.75,4.864089990145174,,
2004-05-27,,,0.6666666666666666,3.252437264664232,,
2004-05-28,,,0.5,-3.884369510729269,,
2004-05-31,,,0.5,-6.8144841451421305,,
2004-06-01,,,0.75,0.060876608520079506,,
2004-06-02,,,0.6666666666666666,2.4134444978800667,,
2004-06-03,,,0.5,-3.1162726835526766,,
2004-06-04,,,0.5,0.3594132589114486,,
2004-06-07,,,0.6666666666666666,2.6577017572911865,,
2004-06-08,,,0.5,2.901755983238244,,
2004-06-09,,,0.5,3.828709440831291,,
2004-06-10,,,0.5,2.041671360680146,,
2004-06-11,,,0.5,-2.329541613988974,,
2004-06-14,,,0.5,-6.2696249569000715,,
2004-06-15,,,0.5,-0.40242041928187267,,
2004-06-16,,,0.5,-1.7837985248669876,,
2004-06-17,,,0.3333333333333333,1.813255752381558,,
2004-06-18,,,0.3333333333333333,-0.33460892986963575,,
2004-06-21,,,0.3333333333333333,-1.3646800335297027,,
2004-06-22,,,0.3333333333333333,-2.207465481978848,,
2004-06-23,,,0.5,-5.987926303437242,,
2004-06-24,,,0.3333333333333333,-2.899212430085014,,
2004-06-25,,,0.5,1.2642807390213546,,
2004-06-28,,,0.6666666666666666,5.216229695562929,,
2004-06-29,,,0.6666666666666666,6.26782429636967,,
2004-06-30,,,0.5,4.582765333393366,,
2004-07-01,,,0.5,9.022262545503665,,
2004-07-02,,,0.5,7.200032991775724,,
2004-07-05,,,0.5,4.981845175089227,,
2004-07-06,,,0.6666666666666666,8.985146052345735,,
2004-07-07,,,0.6666666666666666,8.806028588282874,,
2004-07-08,,,0.6666666666666666,3.750387026776894,,
2004-07-09,,,0.75,7.2503166582720056,,
2004-07-12,,,0.5,5.386622720404367,,
2004-07-13,,,0.6666666666666666,1.679964043967207,,
2004-07-14,,,0.6666666666666666,-0.989120327663196,,
2004-07-15,,,0.75,3.9179924591846613,,
2004-07-16,,,0.75,8.114721102969272,,
2004-07-19,,,0.8,10.639317266065769,,
2004-07-20,,,0.6666666666666666,8.159441399508355,,
2004-07-21,,,0.6666666666666666,8.312270235961382,,
2004-07-22,,,0.6666666666666666,6.982766556695675,,
2004-07-23,,,0.6666666666666666,7.167718091841916,,
2004-07-26,,,0.6666666666666666,8.59176934787066,,
2004-07-27,,,0.6666666666666666,3.7569021937123543,,
2004-07-28,,,0.6666666666666666,1.4374654312191972,,
2004-07-29,,,0.6,4.267017170997527,,
2004-07-30,,,0.6,4.218468594452522,,
2004-08-02,,,0.6666666666666666,3.2696561227338816,,
2004-08-03,,,0.6666666666666666,-0.052099535945007956,,
2004-08-04,,,0.3333333333333333,-2.588081438500463,,
2004-08-05,,,0.5,2.0642970048632607,,
2004-08-06,,,0.5,-1.4019388142027889,,
2004-08-09,,,0.6666666666666666,1.2165955156522652,,
2004-08-10,,,0.5,1.9044872400791264,,
2004-08-11,,,0.5,-1.8963286217534445,,
2004-08-12,,,0.5,-5.915177963252821,,
2004-08-13,,,0.3333333333333333,-6.839691060843219,,
2004-08-16,,,0.3333333333333333,-5.414292686144451,,
2004-08-17,,,0.6666666666666666,-1.7026031068454577,,
2004-08-18,,,0.25,-5.756675269237195,,
2004-08-19,,,0.3333333333333333,-0.5281888566486107,,
2004-08-20,,,0.3333333333333333,-5.341245428167048,,
2004-08-23,,,0.3333333333333333,-6.370109895773041,,
2004-08-24,,,0.4,-1.5755444601779396,,
2004-08-25,,,0.5,-0.7436272856001319,,
2004-08-26,,,0.6666666666666666,2.3006685845089847,,
2004-08-27,,,0.6666666666666666,0.9732742964164413,,
2004-08-30,,,0.8333333333333334,6.4326789697952735,,
2004-08-31,,,0.6666666666666666,5.263100975287041,,
2004-09-01,,,0.75,6.669809888871216,,
2004-09-02,,,0.8,4.36620809089463,,
2004-09-03,,,0.8333333333333334,5.208715710731971,,
2004-09-06,,,0.8,7.170767399689796,,
2004-09-07,,,0.8,6.048809690655287,,
2004-09-08,,,0.75,6.221753383263416,,
2004-09-09,,,0.5,1.4541618590337009,,
2004-09-10,,,0.6666666666666666,3.735223339209393,,
2004-09-13,,,0.75,4.69245545935314,,
2004-09-14,,,0.8333333333333334,3.6574635576525685,,
2004-09-15,,,0.6666666666666666,2.0833792744430095,,
2004-09-16,,,0.8,5.886401224544283,,
2004-09-17,,,0.8571428571428571,8.997964638263506,,
2004-09-20,,,0.75,5.907425613124684,,
2004-09-21,,,0.8,6.469711865283832,,
2004-09-22,,,0.8333333333333334,7.293400617050408,,
2004-09-23,,,0.5,0.330964141223057,,
2004-09-24,,,0.5,0.4526070246370467,,
2004-09-27,,,0.6666666666666666,-1.2660487980242356,,
2004-09-28,,,0.6666666666666666,-6.3085853802016505,,
2004-09-29,,,0.6666666666666666,-3.161569856528621,,
2004-09-30,,,0.6666666666666666,-2.041284428068871,,
2004-10-01,,,0.8,1.7844036497618352,,
2004-10-04,,,0.8571428571428571,4.550875713441504,,
2004-10-05,,,0.875,4.268898310997594,,
2004-10-06,,,0.75,-0.6890832000928808,,
2004-10-07,,,0.8,2.527113745378554,,
2004-10-08,,,0.8,1.7040021553097253,,
2004-10-11,,,0.6666666666666666,-1.3330891456556813,,
2004-10-12,,,0.6666666666666666,-6.54525475553647,,
2004-10-13,,,0.6666666666666666,-5.35520843634802,,
2004-10-14,,,0.8333333333333334,-4.199715993375652,,
2004-10-15,,,0.75,-4.345222176398261,,
2004-10-18,,,0.75,-7.191545417053124,,
2004-10-19,,,0.75,-2.6112644321343716,,
2004-10-20,,,0.75,-6.863761808109943,,
2004-10-21,,,0.75,-8.343077842999044,,
2004-10-22,,,0.75,-6.6443364169992165,,
2004-10-25,,,0.75,-9.61809343209027,,
2004-10-26,,,0.6666666666666666,-4.7784400808011265,,
2004-10-27,,,0.8,-0.09145097520091841,,
2004-10-28,,,0.8333333333333334,2.2888128384719777,,
2004-10-29,,,0.5,-0.3091531321592926,,
2004-11-01,,,0.75,3.0197838009605813,,
2004-11-02,,,0.75,4.834368564422295,,
2004-11-03,,,0.8333333333333334,6.319028825436424,,
2004-11-04,,,0.75,3.5337508571752543,,
2004-11-05,,,0.75,3.436705246779753,,
2004-11-08,,,0.8,4.630031565547071,,
2004-11-09,,,0.8571428571428571,3.60638946272033,,
2004-11-10,,,0.8571428571428571,7.314318651316635,,
2004-11-11,,,0.8,4.1662607147136095,,
2004-11-12,,,0.8333333333333334,6.4996678574929545,,
2004-11-15,,,0.8333333333333334,5.499728247039689,,
2004-11-16,,,0.8333333333333334,7.045232202123382,,
2004-11-17,,,0.8333333333333334,5.400644529010039,,
2004-11-18,,,0.875,4.600527341917305,,
2004-11-19,,,0.6666666666666666,-0.5995685384312995,,
2004-11-22,,,0.75,0.6003530140107557,,
2004-11-23,,,0.8571428571428571,5.036652466008803,,
2004-11-24,,,0.8571428571428571,8.302715654007205,,
2004-11-25,,,0.8571428571428571,5.520403716914984,,
2004-11-26,,,0.8571428571428571,4.516693950203168,,
2004-11-29,,,0.875,9.150022322893504,,
2004-11-30,,,0.8571428571428571,9.668200082367413,,
2004-12-01,,,0.8571428571428571,9.364890976482428,,
2004-12-02,,,0.8571428571428571,11.662183526212896,,
2004-12-03,,,0.8333333333333334,7.723604703265094,,
2004-12-06,,,0.8,6.319312939035076,,
2004-12-07,,,0.75,5.170346950119607,,
2004-12-08,,,0.75,0.9575565955524035,,
2004-12-09,,,0.75,2.9652735781792403,,
2004-12-10,,,0.5,-1.2102307087624427,,
2004-12-13,,,0.6666666666666666,3.555265783739823,,
2004-12-14,,,0.8333333333333334,7.99976291396895,,
2004-12-15,,,0.8,9.636169656883688,,
2004-12-16,,,0.8888888888888888,10.065956991995746,,
2004-12-17,,,0.8,5.690328447996516,,
2004-12-20,,,0.8333333333333334,8.473905093815334,,
2004-12-21,,,0.9090909090909091,11.296831440394367,,
2004-12-22,,,0.875,6.333771178504479,,
2004-12-23,,,0.8,7.5458127824127565,,
2004-12-24,,,0.8333333333333334,6.537483185610436,,
2004-12-27,,,0.875,8.621577151863086,,
2004-12-28,,,0.9,10.87219948788798,,
2004-12-29,,,0.8,7.804526853726527,,
2004-12-30,,,0.875,4.749158334867157,,
2004-12-31,,,0.8888888888888888,7.158402273982221,,
2005-01-03,,,0.9375,11.129601860530911,,
2005-01-04,,,0.8333333333333334,6.74240152225256,,
2005-01-05,,,0.5,-1.5743987545206377,,
2005-01-06,,,0.5,-6.742689890062342,,
2005-01-07,,,0.6666666666666666,-1.5167462736873678,,
2005-01-10,,,0.75,-2.6955196784714834,,
2005-01-11,,,0.5,-6.9326979187493984,,
2005-01-12,,,0.5,-12.5812982971586,,
2005-01-13,,,0.5,-5.5665167885843045,,
2005-01-14,,,0.5,-6.736241008841705,,
2005-01-17,,,0.75,-6.056924461779577,,
2005-01-18,,,0.6666666666666666,-3.1374836505469244,,
2005-01-19,,,0.5,-5.112486623174757,,
2005-01-20,,,0.6666666666666666,-5.637489055324801,,
2005-01-24,,,0.75,-5.521581954356655,,
2005-01-25,,,0.6666666666666666,-1.7903852353827152,,
2005-01-27,,,0.8333333333333334,2.1715029892323265,,
2005-01-28,,,0.8333333333333334,7.958502445735544,,
2005-01-31,,,0.8333333333333334,10.87513836469272,,
2005-02-01,,,0.8,8.53420411656677,,
2005-02-02,,,0.8333333333333334,6.618894277190992,,
2005-02-03,,,0.8888888888888888,11.23364077224718,,
2005-02-04,,,0.8571428571428571,11.00934245002042,,
2005-02-07,,,0.75,5.371280186380339,,
2005-02-08,,,0.8333333333333334,5.849229243402096,,
2005-02-09,,,0.8571428571428571,8.422096653692625,,
2005-02-10,,,0.8,6.527169989384873,,
2005-02-11,,,0.875,10.067684536769443,,
2005-02-14,,,0.9230769230769231,10.055378257356818,,
2005-02-15,,,0.875,5.318036756019212,,
2005-02-16,,,0.8333333333333334,2.169302800379353,,
2005-02-17,,,0.5,-0.7705704360532585,,
2005-02-18,,,0.8,-3.539557629498123,,
2005-02-21,,,0.6666666666666666,-5.805092605953011,,
2005-02-22,,,0.8,-1.8405303139615516,,
2005-02-23,,,0.75,-2.0513429841503603,,
2005-02-24,,,0.75,-3.3147351688502957,,
2005-02-25,,,0.5,-4.712056047241152,,
2005-02-28,,,0.8,0.6901359613481518,,
2005-03-01,,,0.6666666666666666,-0.16261603162424002,,
2005-03-02,,,0.8,1.8669505195801686,,
2005-03-03,,,0.8333333333333334,4.982050425111049,,
2005-03-04,,,0.8571428571428571,6.985313984181769,,
2005-03-07,,,0.8888888888888888,6.260711441603265,,
2005-03-08,,,0.9,5.122400270402671,,
2005-03-09,,,0.8,2.3728729485112745,,
2005-03-10,,,0.7777777777777778,2.850532412418316,,
2005-03-11,,,0.7142857142857143,1.423162882887712,,
2005-03-14,,,0.7142857142857143,-1.381048550364601,,
2005-03-15,,,0.6666666666666666,-5.3117669957528575,,
2005-03-16,,,0.8333333333333334,-4.891445723797792,,
2005-03-17,,,0.8,-8.183910137652742,,
2005-03-18,,,0.8,-7.605017385352244,,
2005-03-21,,,0.6666666666666666,-10.040468769833655,,
2005-03-22,,,0.3333333333333333,-12.76038353895481,,
2005-03-23,,,0.3333333333333333,-15.167586531872118,,
2005-03-24,,,0.3333333333333333,-14.228025344259006,,
2005-03-28,,,0.3333333333333333,-10.186566190757365,,
2005-03-29,,,0.3333333333333333,-14.152645065165121,,
2005-03-30,,,0.5,-8.852164144226004,,
2005-03-31,,,0.5,-3.2426797543667263,,
2005-04-01,,,0.6666666666666666,1.710534746427227,,
2005-04-04,,,0.75,0.8540738834404578,,
2005-04-05,,,0.6666666666666666,-1.6648486408214451,,
2005-04-06,,,0.5,-0.27123979703572687,,
2005-04-07,,,0.5,-2.040105288483778,,
2005-04-08,,,0.75,-4.941904326941274,,
2005-04-11,,,0.5,-7.861558085679227,,
2005-04-12,,,0.75,-2.250365706464818,,
2005-04-13,,,0.6666666666666666,-2.750299214380306,,
2005-04-15,,,0.5,-8.43206299358389,,
2005-04-18,,,0.5,-10.171687903841367,,
2005-04-19,,,0.5,-9.77683555768839,,
2005-04-20,,,1.0,-3.635592729017769,,
2005-04-21,,,1.0,1.7526968580763744,,
2005-04-22,,,1.0,1.979479247517034,,
2005-04-25,,,1.0,0.5286648388775723,,
2005-04-26,,,1.0,-1.3856378591001695,,
2005-04-27,,,0.6666666666666666,-4.770067339263777,,
2005-04-28,,,0.5,-4.993691459397636,,
2005-04-29,,,0.3333333333333333,-9.176656648598069,,
2005-05-02,,,0.5,-6.417264530671145,,
2005-05-03,,,0.5,-4.523216434185481,,
2005-05-04,,,1.0,0.11736837203006388,,
2005-05-05,,,1.0,5.186937758933691,,
2005-05-06,,,1.0,6.4256763482184756,,
2005-05-09,,,1.0,9.075553375815119,,
2005-05-10,,,1.0,5.970907307485095,,
2005-05-11,,,1.0,3.7943787061241667,,
2005-05-12,,,1.0,5.649946214101592,,
2005-05-13,,,1.0,4.62268326608312,,
2005-05-16,,,1.0,8.873104490431647,,
2005-05-17,,,1.0,3.259812764898617,,
2005-05-18,,,1.0,1.0307558985534127,,
2005-05-19,,,1.0,1.5706184624527926,,
2005-05-20,,,1.0,0.5577787420068296,,
2005-05-23,,,1.0,1.7290916980055886,,
2005-05-24,,,1.0,2.1419841165500273,,
2005-05-25,,,1.0,6.116168822631844,,
2005-05-26,,,1.0,9.367774491244237,,
2005-05-27,,,1.0,8.573633674654376,,
2005-05-30,,,1.0,3.742063915626305,,
2005-05-31,,,1.0,4.879870476421523,,
2005-06-01,,,1.0,5.447166753435792,,
2005-06-02,,,1.0,1.5476818891747364,,
2005-06-03,,,1.0,5.084467000233878,,
2005-06-06,,,1.0,4.160018454736809,,
2005-06-07,,,1.0,5.040015099330117,,
2005-06-08,,,1.0,5.214557808542823,,
2005-06-09,,,1.0,3.175547297898672,,
2005-06-10,,,1.0,-1.2200067562647259,,
2005-06-13,,,1.0,-1.5436418914893215,,
2005-06-14,,,1.0,0.19156572514510176,,
2005-06-15,,,1.0,4.1567355933005405,,
2005-06-16,,,1.0,0.6736927581549854,,
2005-06-17,,,1.0,-0.5397059251459219,,
2005-06-20,,,1.0,0.28569515215333724,,
2005-06-21,,,1.0,3.506477851761823,,
2005-06-22,,,1.0,7.23257278780513,,
2005-06-23,,,1.0,5.372105008204196,,
2005-06-24,,,1.0,7.30444955216707,,
2005-06-27,,,1.0,7.067276906318512,,
2005-06-28,,,1.0,2.145953832442416,,
2005-06-29,,,1.0,5.7557804083619795,,
2005-06-30,,,1.0,7.254729425023439,,
2005-07-01,,,1.0,8.662960438655542,,
2005-07-04,,,1.0,11.087876722536354,,
2005-07-05,,,1.0,6.890080954802469,,
2005-07-06,,,1.0,9.637338963020206,,
2005-07-07,,,1.0,4.24873187883471,,
2005-07-08,,,1.0,7.476235173592038,,
2005-07-11,,,1.0,9.38964696021167,,
2005-07-12,,,1.0,8.22789296744591,,
2005-07-13,,,1.0,3.822821518819379,,
2005-07-14,,,1.0,-0.14496421187505612,,
2005-07-15,,,1.0,3.5177565539204108,,
2005-07-18,,,1.0,6.332709907753065,,
2005-07-19,,,1.0,5.181308106343416,,
2005-07-20,,,1.0,5.511979359735522,,
2005-07-21,,,1.0,1.964346748874516,,
2005-07-22,,,1.0,4.698101885442787,,
2005-07-25,,,1.0,6.02571972445319,,
2005-07-26,,,1.0,8.202861592734429,,
2005-07-27,,,1.0,7.0750685758736225,,
2005-07-28,,,1.0,8.152328834805692,,
2005-07-29,,,1.0,5.215541773931927,,
2005-08-01,,,1.0,3.903625087762485,,
2005-08-02,,,1.0,6.102965980896581,,
2005-08-03,,,1.0,7.902426711642658,,
2005-08-04,,,1.0,7.192894582253084,,
2005-08-05,,,1.0,5.157822840025249,,
2005-08-08,,,1.0,-0.8708722217975277,,
2005-08-09,,,1.0,-1.4398045451070682,,
2005-08-10,,,1.0,3.1856144630942196,,
2005-08-11,,,1.0,4.788230015258908,,
2005-08-12,,,1.0,1.735824557939105,,
2005-08-16,,,1.0,2.1474928201319954,,
2005-08-17,,,1.0,5.575221398289816,,
2005-08-18,,,1.0,2.7433629622371205,,
2005-08-19,,,1.0,1.1536606054667338,,
2005-08-22,,,1.0,-0.5106413227999461,,
2005-08-23,,,1.0,-6.599615627745415,,
2005-08-24,,,1.0,-6.854230968155339,,
2005-08-25,,,1.0,-2.335279883036184,,
2005-08-26,,,1.0,0.6347710047885785,,
2005-08-29,,,1.0,-2.0260964506275285,,
2005-08-30,,,1.0,2.5241029040320253,,
2005-08-31,,,1.0,4.610629648753476,,
2005-09-01,,,1.0,7.77233334898012,,
2005-09-02,,,1.0,8.177363649165553,,
2005-09-05,,,1.0,5.599661167499088,,
2005-09-06,,,1.0,4.94517731886289,,
2005-09-08,,,1.0,7.500599624524185,,
2005-09-09,,,1.0,7.045945147337968,,
2005-09-12,,,1.0,10.128500575094703,,
2005-09-13,,,1.0,9.196045925077485,,
2005-09-14,,,1.0,6.433128484154303,,
2005-09-15,,,1.0,9.990741487035342,,
2005-09-16,,,1.0,10.719697580301643,,
2005-09-19,,,1.0,11.31611620206498,,
2005-09-20,,,1.0,9.258640528962257,,
2005-09-21,,,1.0,4.484342250969116,,
2005-09-22,,,1.0,-3.603719976479819,,
2005-09-23,,,1.0,-2.221225435301669,,
2005-09-26,,,1.0,4.7280882802077295,,
2005-09-27,,,1.0,6.050254047442689,,
2005-09-28,,,1.0,6.768389675180383,,
2005-09-29,,,1.0,6.810500643329404,,
2005-09-30,,,1.0,4.481318708178602,,
2005-10-03,,,1.0,7.484715306691586,,
2005-10-04,,,1.0,10.851130705474937,,
2005-10-05,,,1.0,5.241834213570399,,
2005-10-06,,,1.0,-1.7112265525333146,,
2005-10-07,,,1.0,-3.9455489975272586,,
2005-10-10,,,1.0,-4.682721907067758,,
2005-10-11,,,1.0,-2.7404088330554366,,
2005-10-13,,,1.0,-7.3330617724999065,,
2005-10-14,,,1.0,-12.181595995681745,,
2005-10-17,,,1.0,-11.784942178285064,,
2005-10-18,,,1.0,-11.460407236778689,,
2005-10-19,,,0.5,-15.194878648273473,,
2005-10-20,,,0.5,-15.704900712223752,,
2005-10-21,,,0.5,-9.576736946364885,,
2005-10-24,,,0.5,-11.653693865207636,,
2005-10-25,,,0.5,-7.5348404351698814,,
2005-10-26,,,1.0,-8.710323992411722,,
2005-10-27,,,0.5,-12.217537811973228,,
2005-10-28,,,1.0,-13.268894573432643,,
2005-10-31,,,1.0,-6.492731923717613,,
2005-11-02,,,1.0,-0.9485988466780428,,
2005-11-04,,,1.0,-0.7761263291002168,,
2005-11-07,,,1.0,6.274078458008918,,
2005-11-08,,,1.0,10.224246011098208,,
2005-11-09,,,1.0,8.001655827262168,,
2005-11-10,,,1.0,6.183172949578136,,
2005-11-11,,,1.0,10.877141504200296,,
2005-11-14,,,1.0,9.626752139800242,,
2005-11-16,,,1.0,12.6037062962002,,
2005-11-17,,,1.0,12.857577878709254,,
2005-11-18,,,1.0,11.974381900762118,,
2005-11-21,,,1.0,8.706312464259913,,
2005-11-22,,,1.0,3.8506192889399258,,
2005-11-23,,,1.0,6.786870327314487,,
2005-11-24,,,1.0,7.734712085984581,,
2005-11-25,,,1.0,8.51021897944193,,
2005-11-28,,,1.0,11.690179164997945,,
2005-11-29,,,1.0,7.382873862271042,,
2005-11-30,,,1.0,1.3132604327672117,,
2005-12-01,,,1.0,6.8926676268095415,,
2005-12-02,,,1.0,4.912182603753259,,
2005-12-05,,,1.0,1.4736039485253918,,
2005-12-06,,,1.0,-0.2488694966610442,,
2005-12-07,,,1.0,3.432743139095512,,
2005-12-08,,,1.0,4.081335295623601,,
2005-12-09,,,1.0,7.521092514601131,,
2005-12-12,,,1.0,6.880893875582744,,
2005-12-13,,,1.0,9.629822261840427,,
2005-12-14,,,1.0,9.333490941505804,,
2005-12-15,,,1.0,3.272856224868382,,
2005-12-16,,,1.0,6.132336911255951,,
2005-12-19,,,1.0,9.017366563754871,,
2005-12-20,,,1.0,3.377845370344891,,
2005-12-21,,,1.0,3.1273280302821833,,
2005-12-22,,,1.0,3.6496320247763325,,
2005-12-23,,,1.0,-0.28666470700118474,,
2005-12-26,,,1.0,-7.1436347602737005,,
2005-12-27,,,0.75,0.8824806506851588,,
2005-12-28,,,1.0,-1.0961521948939623,,
2005-12-29,,,0.8333333333333334,0.9213300223594866,,
2005-12-30,,,1.0,6.208360927385038,,
2006-01-02,,,0.75,5.443204395133212,,
2006-01-03,,,1.0,9.180803596018086,,
2006-01-04,,,0.9090909090909091,10.057021124014797,,
2006-01-05,,,0.75,7.501199101466651,,
2006-01-06,,,1.0,5.773708355745441,,
2006-01-09,,,1.0,4.178488654700814,,
2006-01-10,,,1.0,-2.399418373426611,,
2006-01-12,,,0.75,-3.7813423055308646,,
2006-01-13,,,1.0,-3.093825522707071,,
2006-01-16,,,0.6666666666666666,-4.713129973123968,,
2006-01-17,,,0.8,-7.674379068919612,,
2006-01-18,,,0.5,-8.824491965479684,,
2006-01-19,,,0.8571428571428571,-2.492766153574283,,
2006-01-20,,,1.0,-0.4031723074698667,,
2006-01-23,,,1.0,-3.4207773424753474,,
2006-01-24,,,0.8333333333333334,-1.7079087347525557,,
2006-01-25,,,1.0,0.05716558065700109,,
2006-01-27,,,1.0,4.228590020537549,,
2006-01-30,,,0.8,1.27793728953072,,
2006-01-31,,,0.8571428571428571,2.1364941459796807,,
2006-02-01,,,0.6666666666666666,-0.07014115328935366,,
2006-02-02,,,0.75,-0.7846609436003806,,
2006-02-03,,,0.7142857142857143,-2.8238134993094035,,
2006-02-06,,,1.0,4.23506168238322,,
2006-02-07,,,0.9090909090909091,6.374141376495364,,
2006-02-08,,,0.8181818181818182,3.0333883989507497,,
2006-02-10,,,1.0,5.027317780959705,,
2006-02-13,,,1.0,5.56780545714885,,
2006-02-14,,,1.0,2.737295374030875,,
2006-02-15,,,1.0,1.8759689423888974,,
2006-02-16,,,1.0,1.5348836801363703,,
2006-02-17,,,1.0,-3.471458807161155,,
2006-02-20,,,1.0,-1.7493753876773075,,
2006-02-21,,,1.0,3.47778377371857,,
2006-02-22,,,1.0,3.936368542133376,,
2006-02-23,,,1.0,4.675210625381854,,
2006-02-24,,,1.0,3.279717784403334,,
2006-02-27,,,1.0,4.865223641784547,,
2006-02-28,,,1.0,5.071546616005538,,
2006-03-01,,,1.0,8.513083594913622,,
2006-03-02,,,1.0,8.056159304929327,,
2006-03-03,,,0.8571428571428571,5.500493976760357,,
2006-03-06,,,1.0,8.136767799167565,,
2006-03-07,,,0.8888888888888888,5.202810017500733,,
2006-03-08,,,1.0,-1.197700894772132,,
2006-03-09,,,1.0,0.11097199518643829,,
2006-03-10,,,1.0,5.181704359697998,,
2006-03-13,,,0.9,4.239576294298361,,
2006-03-14,,,0.8333333333333334,1.6505624226077484,,
2006-03-16,,,0.6,3.5322783457699773,,
2006-03-17,,,0.6,1.6173186465390712,,
2006-03-20,,,0.8333333333333334,3.505078892622878,,
2006-03-21,,,0.75,2.5041554576005356,,
2006-03-22,,,0.6,-0.4966000801450182,,
2006-03-23,,,0.8333333333333334,-0.4063091564822876,,
2006-03-24,,,0.875,3.667565235605404,,
2006-03-27,,,1.0,5.182553374586241,,
2006-03-28,,,1.0,0.9675436701160126,,
2006-03-29,,,1.0,3.5188993664585575,,
2006-03-30,,,0.9090909090909091,3.6063722089206385,,
2006-03-31,,,1.0,3.677940898207795,,
2006-04-03,,,1.0,9.191042553079107,,
2006-04-04,,,1.0,6.429034816155632,,
2006-04-05,,,1.0,8.169210304127336,,
2006-04-07,,,1.0,2.32026297610418,,
2006-04-10,,,1.0,0.8074878895397829,,
2006-04-12,,,1.0,-5.339328090376545,,
2006-04-13,,,1.0,-8.368541164853537,,
2006-04-17,,,1.0,-1.7560791348801632,,
2006-04-18,,,1.0,3.4722988896435063,,
2006-04-19,,,1.0,2.4773354551628683,,
2006-04-20,,,1.0,3.8450926451332568,,
2006-04-21,,,1.0,0.9641667096544811,,
2006-04-24,,,1.0,-1.9384090557372446,,
2006-04-25,,,0.5,-6.6768801365122945,,
2006-04-26,,,0.8,-0.008356475328236523,,
2006-04-27,,,0.6666666666666666,-3.6432007525412864,,
2006-04-28,,,0.6666666666666666,-3.1626187975337796,,
2006-05-02,,,0.9,3.2305846201996395,,
2006-05-03,,,0.9,5.188660143799707,,
2006-05-04,,,0.8333333333333334,4.245267390381578,,
2006-05-05,,,0.6666666666666666,3.6552187739485635,,
2006-05-08,,,0.6666666666666666,4.081542633230644,,
2006-05-09,,,0.8888888888888888,4.066716699915981,,
2006-05-10,,,0.8888888888888888,4.054586390840348,,
2006-05-11,,,0.8,-2.1371565893124465,,
2006-05-12,,,0.75,-3.9304008458010937,,
2006-05-15,,,0.6666666666666666,-9.761237055655444,,
2006-05-16,,,0.6666666666666666,-7.986466681899907,,
2006-05-17,,,0.8,-1.0798363760999201,,
2006-05-18,,,0.6666666666666666,-7.792593398627212,,
2006-05-19,,,0.5,-13.648485507967722,,
2006-05-22,,,0.3333333333333333,-17.712397233791773,,
2006-05-23,,,0.5,-10.85559773673872,,
2006-05-24,,,0.5,-12.881852693695317,,
2006-05-25,,,0.5,-10.539697658477985,,
2006-05-26,,,0.5,-5.714298084209257,,
2006-05-29,,,0.5,-3.584425705262118,,
2006-05-30,,,0.5,-4.387257395214461,,
2006-05-31,,,0.5,-9.589574232448198,,
2006-06-01,,,0.6666666666666666,-14.391469826548528,,
2006-06-02,,,0.5,-5.411202585357882,,
2006-06-05,,,0.5,-9.881893024383723,,
2006-06-06,,,0.3333333333333333,-14.085185201768503,,
2006-06-07,,,0.25,-17.524242437810596,,
2006-06-08,,,0.25,-20.8834710854814,,
2006-06-09,,,0.5,-10.904658160848413,,
2006-06-12,,,0.3333333333333333,-14.740174858875976,,
2006-06-13,,,0.25,-18.60559761180762,,
2006-06-14,,,0.3333333333333333,-19.222761682388054,,
2006-06-15,,,0.5,-9.00044137649931,,
2006-06-16,,,0.5,-2.454906580772158,,
2006-06-19,,,0.5,1.4459855248227824,,
2006-06-20,,,0.5,-2.4532845705995445,,
2006-06-21,,,0.5,3.083676260418558,,
2006-06-22,,,0.5,7.250280576706095,,
2006-06-23,,,0.5,7.568411380941351,,
2006-06-26,,,0.5,0.9196093116792828,,
2006-06-27,,,0.5,2.206953073192141,,
2006-06-28,,,0.5,1.0784161507935692,,
2006-06-29,,,0.5,1.245976850649284,,
2006-06-30,,,0.5,7.201253786894873,,
2006-07-03,,,0.5,6.619207643823077,,
2006-07-04,,,0.5,6.506624435855244,,
2006-07-05,,,0.5,10.596329083881566,,
2006-07-06,,,0.5,4.669723795903095,,
2006-07-07,,,0.5,-1.633862348806563,,
2006-07-10,,,0.5,2.2995671691582693,,
2006-07-11,,,0.5,-0.48217231614323613,,
2006-07-12,,,0.6666666666666666,3.241859014064627,,
2006-07-13,,,0.5,-0.25666080667439817,,
2006-07-14,,,0.5,-4.209995205460874,,
2006-07-17,,,0.5,-10.717268804467992,,
2006-07-18,,,0.5,-9.859583567291994,,
2006-07-19,,,0.3333333333333333,-12.794204736875269,,
2006-07-20,,,0.5,-4.28616751198885,,
2006-07-21,,,0.5,-9.3250461461727,,
2006-07-24,,,0.5,-5.811401392323115,,
2006-07-25,,,0.5,0.6997624971901822,,
2006-07-26,,,0.5,5.845260224973789,,
2006-07-27,,,0.5,9.146122002251284,,
2006-07-28,,,0.5,6.755918001841958,,
2006-07-31,,,0.5,6.254842001507057,,
2006-08-01,,,0.5,3.2994161830512265,,
2006-08-02,,,0.5,5.972249604314642,,
2006-08-03,,,0.5,6.159113312621071,,
2006-08-04,,,0.5,3.4029108921445106,,
2006-08-07,,,0.5,0.6023816390273251,,
2006-08-08,,,0.5,5.583766795567815,,
2006-08-09,,,0.6666666666666666,9.659445560010035,,
2006-08-10,,,0.6666666666666666,7.9031827309173,,
2006-08-11,,,0.6666666666666666,8.1026040525687,,
2006-08-14,,,0.6666666666666666,11.53849422482894,,
2006-08-16,,,0.5,13.076949820314587,,
2006-08-17,,,0.6666666666666666,11.062958943893753,,
2006-08-18,,,0.6666666666666666,8.687875499549433,,
2006-08-21,,,0.6666666666666666,7.835534499631354,,
2006-08-22,,,0.5,4.5927100451529235,,
2006-08-23,,,0.5,-0.9696008721476116,,
2006-08-24,,,0.5,2.8430538318792293,,
2006-08-25,,,0.5,4.326134953355734,,
2006-08-28,,,0.5,5.357746780018329,,
2006-08-29,,,0.6666666666666666,5.110883729105905,,
2006-08-30,,,0.5,2.363450323813921,,
2006-08-31,,,0.6666666666666666,1.5700957194841165,,
2006-09-01,,,0.75,5.2846237704870065,,
2006-09-04,,,0.8,8.505601266762097,,
2006-09-05,,,0.75,5.868219218259896,,
2006-09-06,,,0.75,4.619452087667187,,
2006-09-07,,,0.5,0.14318807172769588,,
2006-09-08,,,0.6666666666666666,1.3898811495953882,,
2006-09-11,,,0.3333333333333333,-5.2264608776037775,,
2006-09-12,,,0.5,-2.276195263493998,,
2006-09-13,,,0.6666666666666666,4.137658420777642,,
2006-09-14,,,0.5,6.476265980636254,,
2006-09-15,,,0.75,3.6623994387023875,,
2006-09-18,,,0.8,4.632872268029227,,
2006-09-19,,,0.5,-2.2094681443397275,,
2006-09-20,,,0.75,2.3740715182674985,,
2006-09-21,,,0.8333333333333334,6.669694878582501,,
2006-09-22,,,0.8,3.0933867188402258,,
2006-09-25,,,0.8,-0.014501775494362731,,
2006-09-26,,,0.8571428571428571,3.8063167291409785,,
2006-09-27,,,0.8571428571428571,5.477895505660801,,
2006-09-28,,,0.875,3.0273690500861083,,
2006-09-29,,,0.8333333333333334,5.386029222797727,,
2006-10-03,,,0.75,2.770387545925411,,
2006-10-04,,,0.5,-1.187864735151939,,
2006-10-05,,,0.8571428571428571,4.8462924894211445,,
2006-10-06,,,0.8571428571428571,3.4196938549809355,,
2006-10-09,,,0.8,1.5252040631662185,,
2006-10-10,,,0.8,1.429712415317815,,
2006-10-11,,,0.75,-1.9211443874672447,,
2006-10-12,,,0.8333333333333334,3.3372455011631668,,
2006-10-13,,,0.8888888888888888,4.730473591860774,,
2006-10-16,,,0.9,5.143114756976997,,
2006-10-17,,,0.8333333333333334,3.6625484375266333,,
2006-10-18,,,0.8333333333333334,3.9057214488854273,,
2006-10-19,,,0.6666666666666666,-0.6225915418210168,,
2006-10-20,,,0.8,0.9451523748737145,,
2006-10-23,,,0.75,-0.4994207841942346,,
2006-10-26,,,0.8571428571428571,-0.04498064161346433,,
2006-10-27,,,0.875,4.690470384134441,,
2006-10-30,,,0.9,6.383112132473634,,
2006-10-31,,,0.8333333333333334,4.677091744751155,,
2006-11-01,,,0.875,4.735802336614581,,
2006-11-02,,,0.8888888888888888,4.78383827541193,,
2006-11-03,,,0.8,3.004958588973396,,
2006-11-06,,,0.8333333333333334,1.9131479364327777,,
2006-11-07,,,0.75,0.6562119479904536,,
2006-11-08,,,0.75,-3.281281133462359,,
2006-11-09,,,0.8571428571428571,-1.411957291014656,,
2006-11-10,,,0.8571428571428571,2.662944034624375,,
2006-11-13,,,0.9090909090909091,5.633317846510854,,
2006-11-14,,,0.9166666666666666,4.427260056236152,,
2006-11-15,,,0.9166666666666666,4.167758227829579,,
2006-11-16,,,0.8571428571428571,1.9554385500423819,,
2006-11-17,,,0.8,-3.309186640874419,,
2006-11-20,,,0.8,-5.07115270616998,,
2006-11-21,,,0.8888888888888888,2.57814778586093,,
2006-11-22,,,0.8571428571428571,4.291211824795307,,
2006-11-23,,,0.8,3.32917331119616,,
2006-11-24,,,0.875,3.6329599818877676,,
2006-11-27,,,0.875,4.608785439726356,,
2006-11-28,,,0.8,-0.7746300947693484,,
2006-11-29,,,0.8333333333333334,0.4571208315523521,,
2006-11-30,,,0.75,-0.17144659236625776,,
2006-12-01,,,0.75,4.041543697154882,,
2006-12-04,,,0.8,5.306717570399449,,
2006-12-05,,,0.8333333333333334,3.4327689212359123,,
2006-12-06,,,0.8333333333333334,2.263174571920291,,
2006-12-07,,,0.8333333333333334,2.5789610133893293,,
2006-12-08,,,0.75,-1.3444864435905513,,
2006-12-11,,,0.6666666666666666,-7.463670726574091,,
2006-12-12,,,0.5,-12.47027604901517,,
2006-12-13,,,0.5,-7.475680403739682,,
2006-12-14,,,0.6666666666666666,0.24717057875844664,,
2006-12-15,,,0.6666666666666666,3.656775928075095,,
2006-12-18,,,0.8,3.173725759334168,,
2006-12-19,,,0.6666666666666666,-3.403315287817503,,
2006-12-20,,,0.6666666666666666,-5.511803417305231,,
2006-12-21,,,0.75,-2.146020977795186,,
2006-12-22,,,0.8,2.78961919998576,,
2006-12-26,,,0.75,6.827870254533807,,
2006-12-27,,,0.8,9.404621117345844,,
2006-12-28,,,0.875,7.512871823282962,,
2006-12-29,,,0.8571428571428571,6.328713309958786,,
2007-01-02,,,0.9090909090909091,9.178038162693554,,
2007-01-03,,,0.9090909090909091,9.509303951294726,,
2007-01-04,,,0.8,3.9621577783320445,,
2007-01-05,,,0.6666666666666666,1.9690381822716712,,
2007-01-08,,,0.6666666666666666,-2.9344233054140902,,
2007-01-09,,,0.75,-5.128164522611529,,
2007-01-10,,,0.5,-9.832134609409437,,
2007-01-11,,,0.6666666666666666,-1.3172010440622608,,
2007-01-12,,,0.9,4.922290054858154,,
2007-01-15,,,0.9285714285714286,6.754600953974855,,
2007-01-16,,,0.9166666666666666,6.435582598706699,,
2007-01-17,,,0.9166666666666666,6.538203944396389,,
2007-01-18,,,0.8888888888888888,6.440348681778865,,
2007-01-19,,,0.875,1.4511943760008863,,
2007-01-22,,,0.8571428571428571,2.8237044894552716,,
2007-01-23,,,0.6666666666666666,-2.2351508722638718,,
2007-01-24,,,0.5,-0.5560325318522575,,
2007-01-25,,,0.8888888888888888,4.090518837575429,,
2007-01-29,,,0.75,1.710424503470804,,
2007-01-31,,,0.8,-0.9641981335238893,,
2007-02-01,,,0.8333333333333334,2.483837890753184,,
2007-02-02,,,0.875,4.032231001525333,,
2007-02-05,,,0.875,4.935461728520727,,
2007-02-06,,,0.8571428571428571,4.583559596062413,,
2007-02-07,,,0.9,6.113821487687431,,
2007-02-08,,,0.8571428571428571,3.3658539444715325,,
2007-02-09,,,0.5,-1.7915740454323856,,
2007-02-12,,,0.5,-8.193106037171956,,
2007-02-13,,,0.5,-7.612541303140691,,
2007-02-14,,,0.5,-6.046624702569655,,
2007-02-15,,,0.8571428571428571,0.6891252433521048,,
2007-02-19,,,0.8333333333333334,0.018375199106267132,,
2007-02-20,,,0.6666666666666666,-4.894056655276693,,
2007-02-21,,,0.75,-4.549682717953658,,
2007-02-22,,,0.5,-7.904285860143904,,
2007-02-23,,,0.5,-12.830779340117743,,
2007-02-26,,,0.6666666666666666,-9.588819460096333,,
2007-02-27,,,0.5,-11.663579558260636,,
2007-02-28,,,0.25,-15.542928729485977,,
2007-03-01,,,0.25,-11.44421441503398,,
2007-03-02,,,0.5,-12.0907208850278,,
2007-03-05,,,0.16666666666666666,-16.619680724113657,,
2007-03-06,,,0.2,-11.234284228820263,,
2007-03-07,,,0.2,-13.555323459943853,,
2007-03-08,,,0.5,-3.9998101035904186,,
2007-03-09,,,0.5,-6.727117357483071,,
2007-03-12,,,0.5,-2.04945965612251,,
2007-03-13,,,0.5,2.504987554081586,,
2007-03-14,,,0.3333333333333333,-4.314101092115071,,
2007-03-15,,,0.5,-2.256991802639602,,
2007-03-16,,,0.5,-6.028447838523314,,
2007-03-19,,,0.3333333333333333,-0.3869118678827076,,
2007-03-20,,,0.3333333333333333,0.5925266535505126,,
2007-03-21,,,0.5,3.9393399892686034,,
2007-03-22,,,0.5,8.132187263947042,,
2007-03-23,,,0.5,5.744516852320306,,
2007-03-26,,,0.5,-0.5726680299197537,,
2007-03-28,,,0.5,-5.74127384266162,,
2007-03-29,,,0.5,-3.06104223490496,,
2007-03-30,,,0.75,2.404601807805036,,
2007-04-02,,,0.5,-5.487143975432248,,
2007-04-03,,,0.6666666666666666,0.7832458382827098,,
2007-04-04,,,0.6666666666666666,3.368110231322219,,
2007-04-05,,,0.6666666666666666,4.02845382562727,,
2007-04-09,,,0.6666666666666666,8.93237131187686,,
2007-04-10,,,0.75,7.853758346081066,,
2007-04-11,,,0.75,6.062165919520871,,
2007-04-12,,,0.5,3.687226661426166,,
2007-04-13,,,0.8333333333333334,8.10773090480323,,
2007-04-16,,,0.8,12.269961649384463,,
2007-04-17,,,0.75,7.311786804041829,,
2007-04-18,,,0.8333333333333334,7.618734657852406,,
2007-04-19,,,0.8333333333333334,6.0516919927883315,,
2007-04-20,,,0.8333333333333334,9.496838903190454,,
2007-04-23,,,0.75,5.406504557155825,,
2007-04-24,,,0.75,8.605321910400221,,
2007-04-25,,,0.75,8.313445199418362,,
2007-04-26,,,0.6666666666666666,8.43827334497866,,
2007-04-27,,,0.6666666666666666,1.631314554982535,,
2007-04-30,,,0.75,3.880166454076621,,
2007-05-03,,,0.8333333333333334,8.447408916971783,,
2007-05-04,,,0.6666666666666666,3.8206072957041832,,
2007-05-07,,,0.5,-0.3285940307874894,,
2007-05-08,,,0.5,-5.177940570644313,,
2007-05-09,,,0.5,-2.236496830527163,,
2007-05-10,,,0.5,-3.1025883158858614,,
2007-05-11,,,0.6666666666666666,-3.4475722584520687,,
2007-05-14,,,0.75,0.9974408794483103,,
2007-05-15,,,0.75,1.7251789013667997,,
2007-05-16,,,0.8333333333333334,4.138782737481929,,
2007-05-17,,,0.8333333333333334,6.47718587612158,,
2007-05-18,,,0.8333333333333334,4.754061171372201,,
2007-05-21,,,0.8,3.162413685668163,,
2007-05-22,,,0.7272727272727273,3.496520288273952,,
2007-05-23,,,0.5714285714285714,0.49715296313323165,,
2007-05-24,,,0.625,-2.684147575618267,,
2007-05-25,,,0.8333333333333334,0.5311519835850563,,
2007-05-28,,,0.8333333333333334,0.9800334411150463,,
2007-05-29,,,0.8888888888888888,2.43820917909413,,
2007-05-30,,,0.6666666666666666,-2.1869197625593513,,
2007-05-31,,,0.8333333333333334,2.756156557905989,,
2007-06-01,,,0.8571428571428571,5.164128092832174,,
2007-06-04,,,0.75,1.1342866214081395,,
2007-06-05,,,0.6666666666666666,2.2007799629702967,,
2007-06-06,,,0.5,-3.4720891212061242,,
2007-06-07,,,0.25,-5.749891099168648,,
2007-06-08,,,0.25,-8.886274535683441,,
2007-06-11,,,0.4,-8.906951892831907,,
2007-06-12,,,0.5,-8.923869730498833,,
2007-06-13,,,0.4,-10.755893415862682,,
2007-06-14,,,0.6666666666666666,-3.345730976614916,,
2007-06-15,,,0.8,-2.919234435412204,,
2007-06-18,,,0.5,-6.024828174428169,,
2007-06-19,,,0.75,-1.474859415441226,,
2007-06-20,,,0.8571428571428571,3.3387513873662726,,
2007-06-21,,,0.8,3.6407965896633137,,
2007-06-22,,,0.75,1.706106300633619,,
2007-06-25,,,0.5,0.3049960641547783,,
2007-06-26,,,0.8,-1.5686395838733644,,
2007-06-27,,,0.8,-2.919796023169117,,
2007-06-28,,,0.7142857142857143,-1.4798331098656403,,
2007-06-29,,,0.8333333333333334,2.061954728291751,,
2007-07-02,,,0.8,0.7779629595114319,,
2007-07-03,,,0.8571428571428571,2.636515148691173,,
2007-07-04,,,0.8333333333333334,1.6116942125655043,,
2007-07-05,,,0.8333333333333334,-1.0449774624464074,,
2007-07-06,,,0.75,0.7813820761802133,,
2007-07-09,,,0.8571428571428571,3.7302216986929033,,
2007-07-10,,,0.75,2.5065450262032836,,
2007-07-11,,,0.8,1.6871732032572315,,
2007-07-12,,,0.875,4.471323529937737,,
2007-07-13,,,0.875,7.840173797221788,,
2007-07-16,,,0.9,6.960142197726917,,
2007-07-17,,,0.8,4.058298161776566,,
2007-07-18,,,0.8571428571428571,3.8658803141808264,,
2007-07-19,,,0.8888888888888888,5.8902657116024955,,
2007-07-20,,,0.7777777777777778,2.819308309492949,,
2007-07-23,,,0.8333333333333334,4.306706798676051,,
2007-07-24,,,0.8,2.6145782898258583,,
2007-07-25,,,0.6,-0.9517086719606638,,
2007-07-26,,,0.8,0.49405654112309416,,
2007-07-27,,,0.5,-5.959408284535654,,
2007-07-30,,,0.5,-5.421334050983717,,
2007-07-31,,,0.8,-0.6174551326230381,,
2007-08-01,,,0.25,-7.596099653964308,,
2007-08-02,,,0.5,-4.396808807788977,,
2007-08-03,,,0.8,1.6753382481726593,,
2007-08-06,,,0.5714285714285714,-2.4474505242223725,,
2007-08-07,,,0.8333333333333334,0.36117684381806076,,
2007-08-08,,,0.8571428571428571,5.931871963123871,,
2007-08-09,,,0.6666666666666666,0.6715316061922554,,
2007-08-10,,,0.6666666666666666,-4.3596559585699755,,
2007-08-13,,,0.6666666666666666,1.7057360338972967,,
2007-08-14,,,0.75,3.395602209552335,,
2007-08-16,,,0.5,-4.676325464911732,,
2007-08-17,,,0.5,-8.007902653109602,,
2007-08-20,,,0.5,-2.3701021707260335,,
2007-08-21,,,0.2,-8.66644723059403,,
2007-08-22,,,0.3333333333333333,-4.363456825031477,,
2007-08-23,,,0.3333333333333333,-5.933737402298482,,
2007-08-24,,,0.5,-0.30942151097148196,,
2007-08-27,,,0.5,6.655927854659701,,
2007-08-28,,,0.5,8.900304608357938,,
2007-08-29,,,0.5,9.282067406838314,,
2007-08-30,,,0.3333333333333333,11.048964241958622,,
2007-08-31,,,0.75,11.403698016147963,,
2007-09-03,,,0.75,12.421207467757425,,
2007-09-04,,,0.75,9.253715200892437,,
2007-09-05,,,0.8,5.934857891639265,,
2007-09-06,,,0.8,8.673974638613945,,
2007-09-07,,,0.8,6.187797431593227,,
2007-09-10,,,0.8333333333333334,4.15365244403082,,
2007-09-11,,,0.8,1.7620792723888512,,
2007-09-12,,,0.75,-0.558298777136396,,
2007-09-13,,,0.8333333333333334,3.3613919096156786,,
2007-09-14,,,0.8,0.7502297442310081,,
2007-09-17,,,0.8,-1.3861756638109948,,
2007-09-18,,,0.75,3.047674456881916,,
2007-09-19,,,0.9166666666666666,8.12991546472157,,
2007-09-20,,,0.8461538461538461,7.379021743863102,,
2007-09-21,,,0.9090909090909091,7.673745063160719,,
2007-09-24,,,0.9166666666666666,9.005791415313317,,
2007-09-25,,,0.875,7.55019297616544,,
2007-09-26,,,0.8888888888888888,5.6319760714080855,,
2007-09-27,,,0.9,6.607980422061162,,
2007-09-28,,,0.9166666666666666,8.31562034532277,,
2007-10-01,,,0.8571428571428571,6.076416646173175,,
2007-10-03,,,0.9230769230769231,9.517068165050782,,
2007-10-04,,,0.9,7.241237589587002,,
2007-10-05,,,0.8333333333333334,2.8337398460257264,,
2007-10-08,,,0.5,-2.045121944160772,,
2007-10-09,,,0.875,5.599445682050282,,
2007-10-10,,,0.8571428571428571,6.399546467132049,,
2007-10-11,,,0.9166666666666666,8.145083473108041,,
2007-10-12,,,0.6666666666666666,1.7550682961793027,,
2007-10-15,,,0.9333333333333333,6.526874060510342,,
2007-10-16,,,0.9166666666666666,2.79471514041755,,
2007-10-17,,,0.75,-1.7134148851129165,,
2007-10-18,,,0.3333333333333333,-5.038248542365116,,
2007-10-19,,,0.3333333333333333,-7.031294261935096,,
2007-10-22,,,0.5,-4.661968032492349,,
2007-10-23,,,0.6666666666666666,0.9129352461426269,,
2007-10-24,,,0.875,0.019674292298512388,,
2007-10-25,,,0.8333333333333334,1.8342789664260568,,
2007-10-26,,,0.9166666666666666,5.318955517984958,,
2007-10-29,,,0.9411764705882353,9.079145423805878,,
2007-10-30,,,0.75,2.337482619477532,,
2007-10-31,,,0.875,2.2761221432088896,,
2007-11-01,,,0.8333333333333334,-1.774081882829093,,
2007-11-02,,,0.9,-0.9060669950419845,,
2007-11-05,,,0.5,-3.6504184504888983,,
2007-11-06,,,0.6666666666666666,-4.804887823127282,,
2007-11-07,,,0.6,-5.022180946195049,,
2007-11-08,,,0.3333333333333333,-7.745420774159587,,
2007-11-12,,,0.5,-9.246253360676027,,
2007-11-13,,,0.375,-5.383298204189474,,
2007-11-14,,,0.9,1.7773014692995257,,
2007-11-15,,,0.5714285714285714,-0.36402607057311676,,
2007-11-16,,,0.75,0.7930695786219962,,
2007-11-19,,,0.7142857142857143,3.921602382508908,,
2007-11-20,,,0.6,-0.6095980506745327,,
2007-11-21,,,0.25,-7.2260347687337125,,
2007-11-22,,,0.25,-5.548573901691218,,
2007-11-23,,,0.5,-1.9942877377473578,,
2007-11-26,,,0.6666666666666666,4.186491850933984,,
2007-11-27,,,0.5,2.698038787127804,,
2007-11-28,,,0.5,-2.3379682650772544,,
2007-11-29,,,0.6666666666666666,-1.3674285805177528,,
2007-11-30,,,0.75,4.1539220704854785,,
2007-12-03,,,0.8333333333333334,7.216845330397212,,
2007-12-04,,,0.75,6.813782543052263,,
2007-12-05,,,0.8571428571428571,9.756731171588216,,
2007-12-06,,,0.8571428571428571,7.073689140390356,,
2007-12-07,,,0.8,5.969382023955745,,
2007-12-10,,,0.8,3.247676201418335,,
2007-12-11,,,0.8571428571428571,8.293553255705914,,
2007-12-12,,,0.8333333333333334,8.603816300123022,,
2007-12-13,,,0.8333333333333334,5.766758791009743,,
2007-12-14,,,0.6666666666666666,4.900075374462516,,
2007-12-17,,,0.5,-3.081756511803401,,
2007-12-18,,,0.5,-3.97598260056642,,
2007-12-19,,,0.5,-2.7076221277361605,,
2007-12-20,,,0.6666666666666666,-1.6698726499659489,,
2007-12-24,,,0.8,4.633740559118773,,
2007-12-26,,,0.8,7.973060457460817,,
2007-12-27,,,0.8,6.705231283377031,,
2007-12-28,,,0.8333333333333334,5.667916504581206,,
2007-12-31,,,0.8571428571428571,6.6373862310209875,,
2008-01-01,,,0.8571428571428571,5.248770552653534,,
2008-01-02,,,0.9,6.294448633989256,,
2008-01-03,,,0.8571428571428571,2.4227307005366616,,
2008-01-04,,,0.8888888888888888,1.4367796640754498,,
2008-01-07,,,0.875,-1.5517257293928155,,
2008-01-08,,,0.8333333333333334,-2.905957414957759,,
2008-01-09,,,0.6666666666666666,-5.468510612238169,,
2008-01-10,,,0.5,-11.565145046376687,,
2008-01-11,,,0.8,-9.280573219762742,,
2008-01-14,,,0.6666666666666666,-9.956832634351334,,
2008-01-15,,,0.4,-11.964681246287457,,
2008-01-16,,,0.25,-13.971102837871557,,
2008-01-17,,,0.2,-11.61272050371309,,
2008-01-18,,,0.2,-16.410407684856168,,
2008-01-21,,,0.16666666666666666,-20.88124265124596,,
2008-01-22,,,0.09090909090909091,-23.448289441928512,,
2008-01-23,,,0.3333333333333333,-12.457691361577867,,
2008-01-24,,,0.2,-15.10174747765462,,
2008-01-25,,,0.5,-4.537793390808317,,
2008-01-28,,,0.3333333333333333,-5.167285501570442,,
2008-01-29,,,0.3333333333333333,-3.8641426831030876,,
2008-01-30,,,0.3333333333333333,-6.252480377084345,,
2008-01-31,,,0.25,-6.024756672159919,,
2008-02-01,,,0.3333333333333333,-1.474800913585385,,
2008-02-04,,,0.5,3.702435616157416,,
2008-02-05,,,0.5,1.7565382314015208,,
2008-02-06,,,0.5,-6.017377810671488,,
2008-02-07,,,0.3333333333333333,-12.377854572367585,,
2008-02-08,,,0.3333333333333333,-11.945517377391662,,
2008-02-11,,,0.16666666666666666,-15.409968763320451,,
2008-02-12,,,0.2,-14.244519897262187,,
2008-02-13,,,0.16666666666666666,-11.290970825032696,,
2008-02-14,,,0.5,-1.4198852204812904,,
2008-02-15,,,0.5,4.474639365060766,,
2008-02-18,,,0.3333333333333333,2.024704935049716,,
2008-02-19,,,0.5,4.74748585594977,,
2008-02-20,,,0.5,-1.5702388451320108,,
2008-02-21,,,0.5,0.7152591267101744,,
2008-02-22,,,0.5,-3.960242532691679,,
2008-02-25,,,0.5,-0.5129257085659166,,
2008-02-26,,,0.5,1.943969874809706,,
2008-02-27,,,0.5,1.7723389884806684,,
2008-02-28,,,0.6666666666666666,4.177368263302366,,
2008-02-29,,,0.5,1.781483124520116,,
2008-03-03,,35.7599983215332,0.75,-3.8151501708471818,,
2008-03-04,,38.08000183105469,0.3333333333333333,-6.2123955943295135,,
2008-03-05,,35.5099983215332,0.5,-4.537414577178692,,
2008-03-07,,35.20000076293945,0.16666666666666666,-10.803339199509843,,
2008-03-10,,32.58000183105469,0.2,-8.293641163235325,,
2008-03-11,,32.689998626708984,0.3333333333333333,-4.058433679010718,,
2008-03-12,,32.36000061035156,0.3333333333333333,-3.1387184646451325,,
2008-03-13,,34.150001525878906,0.125,-8.568042380164202,,
2008-03-14,-753.3809882812502,31.110000610351562,0.25,-3.373852856497981,,
2008-03-17,-996.1482968749997,33.43000030517578,0.14285714285714285,-10.39678870077108,,
2008-03-18,-966.1427929687497,37.84000015258789,0.2,-8.1428271188127,,
2008-03-19,-923.9253984375,35.4900016784668,0.3333333333333333,-5.025949460846753,,
2008-03-24,-886.9238984374997,35.209999084472656,0.4,-2.8394131952382513,,
2008-03-25,-619.5935976562496,33.29999923706055,0.6666666666666666,4.5859346584414356,,
2008-03-26,-667.4166992187502,37.18000030517578,0.5,3.388491993270265,,
2008-03-27,-665.1479960937504,37.279998779296875,0.5,3.4996752672211255,,
2008-03-28,-553.4099960937501,33.06999969482422,0.5,7.954279764090015,,
2008-03-31,-758.7815976562497,35.13999938964844,0.5,1.4171379888009166,,
2008-04-01,-751.4773906250002,35.099998474121094,0.3333333333333333,1.8867492635643865,,
2008-04-02,-734.3090000000002,33.619998931884766,0.5,3.3618857610981356,,
2008-04-03,-713.3954999999996,36.68000030517578,0.5,3.8415428954439297,,
2008-04-04,-833.5023984375002,36.93000030517578,0.5,-2.6751012673640617,,
2008-04-07,-715.9050039062504,30.989999771118164,0.6666666666666666,2.538553508520317,,
2008-04-08,-764.4516953125003,31.399999618530273,0.5,-0.468456220301561,,
2008-04-09,-722.4101914062503,38.2400016784668,0.3333333333333333,1.7985358197532695,,
2008-04-10,-730.7923945312496,30.520000457763672,0.5,0.38062021616176517,,
2008-04-11,-680.0161875000003,33.83000183105469,0.5,0.31141654049598966,,
2008-04-15,-573.7772890625001,30.229999542236328,0.5,6.072977169496723,,
2008-04-16,-559.8625859374997,27.940000534057617,0.5,5.332435865951864,,
2008-04-17,-483.0852890625001,27.100000381469727,0.5,8.726538435778801,,
2008-04-21,-400.3067929687504,27.100000381469727,0.6666666666666666,10.776258720182657,,
2008-04-22,-385.59338671874957,39.619998931884766,0.6666666666666666,10.635120771058538,,
2008-04-23,-410.5533867187496,32.369998931884766,0.5,7.428735176320621,,
2008-04-24,-432.02989453124974,28.729999542236328,0.5,3.896237871535051,,
2008-04-25,-317.283796875,27.399999618530273,0.75,8.278740076710498,,
2008-04-28,-336.0820898437496,27.6200008392334,0.75,6.773514608217679,,
2008-04-29,-227.24439062500005,26.15999984741211,0.75,10.63287558854174,,
2008-04-30,-252.55328906249997,26.15999984741211,0.6666666666666666,9.063261845170514,,
2008-05-02,-184.83139843749996,24.209999084472656,0.5,11.051759691503149,,
2008-05-05,-215.3695937499997,25.06999969482422,0.6666666666666666,5.042348838502572,,
2008-05-06,-256.9216914062499,24.90999984741211,0.3333333333333333,3.3982854133202847,,
2008-05-07,-260.2239921874998,25.059999465942383,0.25,2.053142610898414,,
2008-05-08,-307.21819921874976,25.940000534057617,0.25,-1.5928833183558457,,
2008-05-09,-399.40069921874965,27.530000686645508,0.25,-5.66690453320024,,
2008-05-12,-363.16009374999976,31.5,0.25,-2.6365582544365584,,
2008-05-13,-411.41378906249975,33.43000030517578,0.25,-2.5208203899935477,,
2008-05-14,-351.96759374999965,29.219999313354492,0.3333333333333333,-0.6079439554492653,,
2008-05-15,-244.45279296875015,29.020000457763672,0.3333333333333333,2.775318581905149,,
2008-05-16,-197.70100000000002,23.25,0.3333333333333333,3.3616242942860315,,
2008-05-20,-243.78740234374982,24.989999771118164,0.5,-0.5223073955841587,,
2008-05-21,-224.73209374999988,27.860000610351562,0.3333333333333333,-0.42734241456885713,,
2008-05-22,-309.8806015624996,34.86000061035156,0.3333333333333333,-5.804189248283614,,
2008-05-23,-381.0921914062501,34.029998779296875,0.5,-7.657973021322958,,
2008-05-26,-445.3453906249997,33.0099983215332,0.16666666666666666,-10.447432471991513,,
2008-05-27,-454.98539062500004,28.59000015258789,0.16666666666666666,-9.456990204356691,,
2008-05-28,-391.62709765625004,32.630001068115234,0.6666666666666666,-3.5557192581100163,,
2008-05-29,-468.4909882812499,28.079999923706055,0.3333333333333333,-6.363770302090015,,
2008-05-30,-426.79789453124977,26.68000030517578,0.5,-2.8430847926191007,,
2008-06-02,-549.6294960937503,29.489999771118164,0.3333333333333333,-6.144342103051994,,
2008-06-03,-566.1164921874997,28.489999771118164,0.25,-6.299916266133448,,
2008-06-04,-688.0242968749999,29.81999969482422,0.1111111111111111,-11.881749672291006,,
2008-06-05,-587.9878007812504,30.31999969482422,0.16666666666666666,-6.266886095510819,,
2008-06-06,-627.2405898437501,,0.25,-9.309270441781582,,
2008-06-09,-743.2309999999998,32.43000030517578,0.14285714285714285,-13.616675816003116,,
2008-06-10,-782.4597890625,30.229999542236328,0.2857142857142857,-13.140916576729822,,
2008-06-11,-697.2106953125003,29.639999389648438,0.3333333333333333,-8.388022653688033,,
2008-06-12,-669.9810976562503,29.229999542236328,0.3333333333333333,-6.317473080290207,,
2008-06-13,-680.6830976562496,30.700000762939453,0.2,-8.259750702055625,,
2008-06-16,-613.0851953125002,29.020000457763672,0.5,-4.394341483500054,,
2008-06-17,-520.5347968750002,28.959999084472656,0.5,0.5864478771363227,,
2008-06-18,-579.3292929687505,31.81999969482422,0.5,-4.429269918706648,,
2008-06-19,-645.1315937500003,32.31999969482422,0.5,-7.442129933487259,,
2008-06-20,-790.3961875000005,28.190000534057617,0.2,-12.089015400125941,,
2008-06-23,-859.7388906249998,31.1200008392334,0.1111111111111111,-14.072830781921228,,
2008-06-24,-922.5582968750005,34.04999923706055,0.08333333333333333,-16.786861548844644,,
2008-06-25,-848.8976914062496,36.459999084472656,0.125,-12.82561399450925,,
2008-06-26,-772.3434960937502,32.849998474121094,0.16666666666666666,-9.584593268234839,,
2008-06-27,-936.0708906250002,32.20000076293945,0.09090909090909091,-14.93284903764669,,
2008-06-30,-1015.8431445312499,30.959999084472656,0.06666666666666667,-16.399603758074566,,
2008-07-01,-1142.1795917968748,31.420000076293945,0.058823529411764705,-19.78149398387919,,
2008-07-02,-929.2174941406247,35.380001068115234,0.5,-11.275767804992059,,
2008-07-03,-1079.0687910156248,36.2599983215332,0.1111111111111111,-14.861991840448049,,
2008-07-04,-971.5115917968751,35.66999816894531,0.5,-7.614356960366582,,
2008-07-07,-940.3231933593752,37.290000915527344,0.5,-0.5935647857544708,,
2008-07-08,-963.4871464843754,36.040000915527344,0.3333333333333333,-2.485643915617296,,
2008-07-09,-777.9610976562499,34.27000045776367,0.5,5.78447315994949,,
2008-07-10,-755.8558007812499,32.16999816894531,0.5,4.914568949049582,,
2008-07-11,-851.2719960937502,33.0099983215332,0.5,-0.8880799507776186,,
2008-07-14,-843.6340429687498,31.510000228881836,0.2,-1.8175199597271432,,
2008-07-15,-1003.5218964843752,49.77000045776367,0.125,-8.941607239776758,,
2008-07-16,-1028.8012441406254,31.100000381469727,0.125,-10.406769559817349,,
2008-07-17,-881.2848437499997,35.34000015258789,0.25,-3.605538730759645,,
2008-07-18,-721.4867949218751,36.25,0.2,0.8681955839239298,,
2008-07-21,-640.2071933593752,40.47999954223633,0.2,5.073978205028673,,
2008-07-22,-547.885498046875,35.54999923706055,0.5,9.424163985932553,,
2008-07-23,-305.32979101562523,37.77000045776367,0.5,14.801588715763002,,
2008-07-24,-344.85379101562467,40.290000915527344,0.5,10.110390767442452,,
2008-07-25,-459.42109960937523,42.290000915527344,0.5,5.181228809725639,,
2008-07-28,-433.56029882812527,54.060001373291016,0.5,4.784641753411886,,
2008-07-29,-566.2622988281246,61.72999954223633,0.5,-2.0852931108448245,,
2008-07-30,-434.87818945312483,51.720001220703125,0.5,4.2938510911269665,,
2008-07-31,-407.89500195312485,39.060001373291016,0.3333333333333333,3.331332710922063,,
2008-08-01,-321.26299023437514,38.4900016784668,0.5,6.180181308936236,,
2008-08-04,-333.52589648437515,40.2400016784668,0.3333333333333333,6.32923925276601,,
2008-08-05,-219.5106972656249,35.65999984741211,0.5,11.178468479535828,,
2008-08-06,-197.24338867187544,34.91999816894531,0.5,9.32783784689295,,
2008-08-07,-183.26269726562532,35.66999816894531,0.5,9.63186732927605,,
2008-08-08,-171.26839648437544,35.13999938964844,0.5,8.426073269407675,,
2008-08-11,-76.26569335937529,31.3700008392334,0.5,11.439514493151735,,
2008-08-12,-139.87079492187513,33.88999938964844,0.5,6.268693676215053,,
2008-08-13,-160.44738867187516,34.7599983215332,0.5,4.947113007812315,,
2008-08-14,-255.53659960937512,35.2400016784668,0.5,-0.1341802663353821,,
2008-08-18,-288.8957871093753,,0.3333333333333333,-2.4734202179107685,,
2008-08-19,-307.02559179687523,34.91999816894531,0.5,-4.569161996472448,,
2008-08-20,-252.42839257812466,33.95000076293945,0.75,-0.2838598152956366,,
2008-08-21,-376.3838964843753,36.54999923706055,0.3333333333333333,-6.95952166706007,,
2008-08-22,-325.15700195312456,35.7599983215332,0.5,-3.6941540912309643,,
2008-08-25,-310.7042988281246,45.11000061035156,0.5,-1.0224897110071507,,
2008-08-26,-301.71999804687493,33.900001525878906,0.5,0.4361447819032413,,
2008-08-27,-340.57070117187504,32.79999923706055,0.5,-3.4613360875337142,,
2008-08-28,-410.77719726562464,33.310001373291016,0.5,-7.741093162527586,,
2008-08-29,-257.49679882812507,31.670000076293945,0.5,1.1209237761137991,,
2008-09-01,-261.4888964843749,31.280000686645508,0.6666666666666666,0.7353012713658355,,
2008-09-02,-99.88999804687501,30.450000762939453,0.6666666666666666,7.692519222026598,,
2008-09-04,-149.93399804687488,31.229999542236328,0.6666666666666666,4.293879363476305,,
2008-09-05,-240.57859179687512,32.650001525878906,0.5,-2.1231896117012097,,
2008-09-08,-107.52299023437536,30.770000457763672,0.75,2.9901175904262858,,
2008-09-09,-117.50100195312461,30.360000610351562,0.5,0.810096210348778,,
2008-09-10,-182.98039648437498,32.119998931884766,0.3333333333333333,-2.0644667369873653,,
2008-09-11,-288.84979101562476,32.72999954223633,0.5,-8.780018239353303,,
2008-09-12,-345.59980273437486,30.43000030517578,0.2,-11.365469468561795,,
2008-09-15,-494.75729492187475,33.119998931884766,0.2,-15.662656837914199,,
2008-09-16,-488.36769335937515,34.900001525878906,0.2857142857142857,-14.633082867384344,,
2008-09-17,-549.1171972656248,33.9900016784668,0.14285714285714285,-15.790704164223554,,
2008-09-18,-515.4976933593753,39.560001373291016,0.14285714285714285,-12.73784886163745,,
2008-09-19,-306.0955957031247,39.119998931884766,0.3333333333333333,-5.512785432248819,,
2008-09-22,-325.48858789062524,37.970001220703125,0.3333333333333333,-6.51046080820358,,
2008-09-23,-417.7748886718746,38.7400016784668,0.2,-10.235831570348385,,
2008-09-24,-377.694791015625,35.61000061035156,0.3333333333333333,-4.920225830285038,,
2008-09-25,-422.64858398437536,34.09000015258789,0.3333333333333333,-5.662002952051395,,
2008-09-26,-541.1883886718751,33.959999084472656,0.16666666666666666,-10.632547869860236,,
2008-09-29,-667.6527402343754,34.900001525878906,0.14285714285714285,-15.062993711703832,,
2008-09-30,-589.9964375,37.189998626708984,0.2222222222222222,-8.142449400484947,,
2008-10-01,-554.1359902343747,35.540000915527344,0.4,-2.8438222367604085,,
2008-10-03,-679.0987402343753,35.099998474121094,0.3333333333333333,-6.8722181937130635,,
2008-10-06,-885.6946914062501,33.75,0.05555555555555555,-13.077269431219785,,
2008-10-07,-873.1214921874998,39.29999923706055,0.07142857142857142,-12.33594771645255,,
2008-10-08,-956.0912851562498,39.33000183105469,0.047619047619047616,-15.365775404370268,,
2008-10-10,-1178.3536367187498,39.33000183105469,0.03571428571428571,-19.66290714903022,,
2008-10-13,-957.5528378906247,46.4900016784668,0.2,-9.724196758297447,,
2008-10-14,-919.8880859375004,46.4900016784668,0.25,-5.956160984061546,,
2008-10-15,-1088.6228867187501,46.06999969482422,0.08333333333333333,-11.236858986959449,,
2008-10-16,-1144.8399414062496,47.810001373291016,0.06666666666666667,-11.193793716603187,,
2008-10-17,-1325.2862949218752,46.720001220703125,0.05263157894736842,-14.794922131766246,,
2008-10-20,-1262.151544921875,57.130001068115234,0.09090909090909091,-9.377663562354197,,
2008-10-21,-1135.6348906249996,56.0,0.2,-2.7635429146534296,,
2008-10-22,-1289.51169140625,54.75,0.07142857142857142,-7.715626021080082,,
2008-10-23,-1394.8744921875004,54.970001220703125,0.058823529411764705,-11.585512199065525,,
2008-10-24,-1734.6975937500001,45.5,0.034482758620689655,-17.297237253780885,,
2008-10-27,-1773.797640625,67.5,0.04,-17.606830480366177,,
2008-10-29,-1581.8067441406247,68.3499984741211,0.14285714285714285,-9.132861302117776,,
2008-10-31,-1374.7774960937504,68.3499984741211,0.3333333333333333,-2.563250156278177,,
2008-11-03,-1199.55109765625,67.83999633789062,0.3333333333333333,2.084613508499676,,
2008-11-04,-1084.6122968749996,62.150001525878906,0.3333333333333333,4.796501961499737,,
2008-11-05,-1214.18404296875,66.75,0.5,1.0153197866816002,,
2008-11-06,-1298.4680917968753,62.150001525878906,0.3333333333333333,-3.7147383563514214,,
2008-11-07,-1200.8179941406252,67.22000122070312,0.5,0.05157770843974874,,
2008-11-10,-1010.1003925781251,63.7599983215332,0.5,6.769472670541616,,
2008-11-11,-1203.348888671875,66.98999786376953,0.3333333333333333,0.26593218498859095,,
2008-11-12,-1276.235240234375,70.62000274658203,0.2,-5.055146394100247,,
2008-11-14,-1297.1554960937501,70.08000183105469,0.16666666666666666,-7.77239250426384,,
2008-11-17,-1290.2579453125,85.12999725341797,0.16666666666666666,-9.086502958034052,,
2008-11-18,-1387.201291015625,64.66000366210938,0.1111111111111111,-13.798047874755136,,
2008-11-19,-1415.169591796875,60.84000015258789,0.09090909090909091,-15.834766442981477,,
2008-11-20,-1476.6052871093748,65.55000305175781,0.07142857142857142,-17.682990726075758,,
2008-11-21,-1316.9116386718752,64.45999908447266,0.125,-11.013356048607434,,
2008-11-24,-1283.57398828125,62.810001373291016,0.1,-9.5563822215879,,
2008-11-25,-1319.48358984375,59.560001373291016,0.1111111111111111,-11.63703999948101,,
2008-11-26,-1204.2511914062502,56.209999084472656,0.16666666666666666,-6.066669090484459,,
2008-11-27,,,0.16666666666666666,-5.145456528578193,,
2008-11-28,-1184.56349609375,57.439998626708984,0.14285714285714285,-3.6644644324730664,,
2008-12-01,-1238.8800898437498,55.2599983215332,0.1111111111111111,-7.180016353841603,,
2008-12-02,-1246.5599453125,54.29999923706055,0.07692307692307693,-8.965467925870405,,
2008-12-03,-1230.200841796875,54.65999984741211,0.2,-7.517201030257603,,
2008-12-04,-1083.0379921875,51.84000015258789,0.3333333333333333,0.21319915706196613,,
2008-12-05,-1140.62608984375,52.04999923706055,0.5,-4.007382507858394,,
2008-12-08,-1056.6131914062498,50.279998779296875,0.5,0.9030506753885896,,
2008-12-10,-898.3735898437499,50.36000061035156,1.0,7.102496007136123,,
2008-12-11,-892.8124882812499,51.75,0.5,5.265678551293191,,
2008-12-12,-878.9754921875001,49.43000030517578,0.25,2.6719188146944277,,
2008-12-15,-807.3768398437501,48.099998474121094,0.2,6.367933575659079,,
2008-12-16,-734.971990234375,44.90999984741211,1.0,9.391945652811977,,
2008-12-17,-809.6918925781251,44.90999984741211,0.5,4.957046443209797,,
2008-12-18,-691.6411894531252,45.4900016784668,0.5,9.692128908080745,,
2008-12-19,-662.9311894531252,44.90999984741211,1.0,11.020832742975156,,
2008-12-22,-688.221541015625,41.459999084472656,1.0,5.926135880616033,,
2008-12-23,-745.9616875000002,45.70000076293945,1.0,-1.1513433704050688,,
2008-12-24,-785.0622929687502,41.790000915527344,1.0,-4.760190030331422,,
2008-12-26,-832.7399921874999,45.15999984741211,1.0,-7.712882752089348,,
2008-12-29,-757.0364414062501,43.88999938964844,1.0,-1.0378131608003718,,
2008-12-30,-690.0435917968748,42.5099983215332,1.0,5.150880141163336,,
2008-12-31,-700.0456894531249,43.09000015258789,1.0,4.0325382973154555,,
2009-01-02,-602.292791015625,40.66999816894531,1.0,8.572076788712648,,
2009-01-05,-519.4712402343748,38.599998474121094,1.0,9.740790099855804,,
2009-01-06,-520.6991425781248,38.72999954223633,1.0,8.515191899882021,,
2009-01-07,-705.28848828125,44.36000061035156,1.0,1.6942479180852852,,
2009-01-09,-742.92558984375,47.81999969482422,0.5,-0.2501607942938589,,
2009-01-12,-833.6042929687501,47.81999969482422,0.5,-3.841040649876796,,
2009-01-13,-851.5860390624998,53.470001220703125,0.5,-4.051760531717378,,
2009-01-14,-751.678341796875,53.470001220703125,1.0,1.9576504740494216,,
2009-01-15,-840.263638671875,45.16999816894531,0.5,-3.307376884868658,,
2009-01-16,-737.8844374999999,44.29999923706055,1.0,1.1121461851074645,,
2009-01-19,-709.6064355468752,44.459999084472656,1.0,-1.0900622121848031,,
2009-01-20,-749.1870898437501,45.0,0.5,-5.6191418099693875,,
2009-01-21,-828.9688847656248,45.40999984741211,0.3333333333333333,-9.506570571793137,,
2009-01-22,-812.1403378906248,45.54999923706055,0.25,-8.687194104194385,,
2009-01-23,-838.2851386718748,34.0099983215332,0.2,-11.65315881252268,,
2009-01-27,-736.0782910156249,42.86000061035156,0.2,-5.898039028427643,,
2009-01-28,-647.9863886718749,40.7599983215332,0.5,0.4470589767410231,,
2009-01-29,-662.852037109375,43.11000061035156,0.5,0.18395734460629146,,
2009-01-30,-601.0795390624999,42.099998474121094,1.0,2.8777832819506037,,
2009-02-02,-695.5484863281249,43.689998626708984,0.5,-3.2818136784040552,,
2009-02-03,-665.1012871093749,49.2400016784668,1.0,-2.866938464148772,,
2009-02-04,-633.880740234375,44.38999938964844,0.5,-3.072949652485359,,
2009-02-05,-644.4643398437502,43.91999816894531,0.2,-6.150595170215296,,
2009-02-06,-570.6402910156248,50.650001525878906,0.3333333333333333,-0.12321423017614765,,
2009-02-09,-482.691287109375,44.58000183105469,1.0,5.171915629855883,,
2009-02-10,-456.9035878906252,44.29999923706055,1.0,5.322476424427541,,
2009-02-11,-453.8008378906252,46.650001525878906,1.0,1.8092988927134408,,
2009-02-12,-474.43233984375,45.650001525878906,1.0,-1.6105736332344598,,
2009-02-13,-406.69629101562487,43.310001373291016,1.0,3.2277124818990814,,
2009-02-16,-493.1939902343752,42.560001373291016,1.0,-3.359144332991665,,
2009-02-17,-557.167189453125,44.0,0.5,-9.112027181538638,,
2009-02-18,-537.4904863281249,43.040000915527344,0.2,-9.455294966713431,,
2009-02-19,-509.64189257812495,43.040000915527344,0.3333333333333333,-7.554332245492806,,
2009-02-20,-548.015638671875,45.209999084472656,0.14285714285714285,-12.544453655403208,,
2009-02-24,-536.2044882812502,45.20000076293945,0.14285714285714285,-10.809098445329896,,
2009-02-25,-494.2587890625,41.939998626708984,0.25,-5.025626000724457,,
2009-02-26,-458.24968750000016,39.869998931884766,0.1111111111111111,-3.2027849096836456,,
2009-02-27,-467.4128867187501,40.61000061035156,0.25,-2.4386421988320732,,
2009-03-02,-542.5334921875001,43.36000061035156,0.08333333333333333,-8.3588890717717,,
2009-03-03,-581.4420859375,44.439998626708984,0.07142857142857142,-11.748181967813212,,
2009-03-04,-545.18403515625,42.77000045776367,0.1,-7.612148882756261,,
2009-03-05,-599.6148339843749,41.560001373291016,0.07692307692307693,-11.50084908589149,,
2009-03-06,-542.4260820312502,37.970001220703125,0.2,-5.9552401611839425,,
2009-03-09,-575.6744804687501,41.029998779296875,0.1,-9.781560131877775,,
2009-03-12,-518.60203125,38.47999954223633,0.3333333333333333,-4.00309465335454,,
2009-03-13,-403.6759824218748,35.56999969482422,1.0,1.2701952836190162,,
2009-03-16,-333.10478320312495,36.63999938964844,1.0,5.039250686597379,,
2009-03-17,-338.93243164062505,38.470001220703125,0.6666666666666666,2.850296016306945,,
2009-03-18,-288.4580312500002,38.189998626708984,1.0,5.422969467887502,,
2009-03-19,-263.64688085937496,35.97999954223633,0.5,5.346065928271592,,
2009-03-20,-250.34473632812478,35.97999954223633,1.0,4.555872123131302,,
2009-03-23,-105.26448046875021,37.630001068115234,1.0,10.818440828016524,,
2009-03-24,-94.77203125000005,36.849998474121094,1.0,9.396906132013518,,
2009-03-25,-38.6742871093752,28.18000030517578,1.0,9.688377744374698,,
2009-03-26,68.39521679687505,36.93000030517578,1.0,13.926854518124756,,
2009-03-27,102.50911914062499,37.13999938964844,1.0,15.94015369664753,,
2009-03-30,-19.216880859375124,40.25,1.0,9.0419439336207,,
2009-03-31,31.48156835937516,39.47999954223633,1.0,13.034317763871485,,
2009-04-01,78.7041132812501,36.529998779296875,1.0,11.937169079531214,,
2009-04-02,237.67766406249984,37.400001525878906,1.0,16.130411065070998,,
2009-04-06,290.9593105468748,41.720001220703125,1.0,15.197609053239907,,
2009-04-08,383.58076367187505,43.54999923706055,1.0,15.525316498105378,,
2009-04-09,389.2344609375,43.540000915527344,1.0,12.157077134813488,,
2009-04-13,435.60810742187505,46.560001373291016,1.0,11.219426746665581,,
2009-04-15,541.1667128906251,48.02000045776367,1.0,14.815894610908204,,
2009-04-16,430.3612109374999,50.5099983215332,1.0,8.667550136197619,,
2009-04-17,449.5555136718749,50.79999923706055,1.0,8.727995565979871,,
2009-04-20,446.8449082031252,54.220001220703125,1.0,6.9592690994380755,,
2009-04-21,438.668859375,53.63999938964844,1.0,4.421220172267515,,
2009-04-22,405.8452597656251,57.880001068115234,1.0,1.9809983227643286,,
2009-04-23,500.70836328125006,57.880001068115234,1.0,6.529907718625363,,
2009-04-24,558.0216113281249,47.779998779296875,1.0,7.52446995160257,,
2009-04-27,545.7512109375002,49.43000030517578,1.0,4.52002086949301,,
2009-04-28,439.12810742187503,48.79999923706055,1.0,-2.6654374704148154,,
2009-04-29,551.0855605468751,46.630001068115234,1.0,3.0919147969333363,,
2009-04-30,,,1.0,3.620657561127275,,
2009-05-04,728.6108085937499,49.540000915527344,1.0,8.962356186376866,,
2009-05-05,733.369912109375,50.529998779296875,1.0,6.42374597067198,,
2009-05-06,692.1144589843748,51.209999084472656,1.0,2.1648830669134362,,
2009-05-07,746.475513671875,54.7599983215332,1.0,5.589449782020086,,
2009-05-08,680.189162109375,57.02000045776367,1.0,1.4822770943800678,,
2009-05-11,610.1737070312502,61.029998779296875,1.0,-1.150864195507219,,
2009-05-12,730.77010546875,50.310001373291016,1.0,4.6947474764031885,,
2009-05-13,676.5100078125001,50.72999954223633,1.0,2.5684297534207894,,
2009-05-14,626.155958984375,51.25,1.0,0.8287152527988264,,
2009-05-15,696.5591113281248,49.63999938964844,1.0,3.7689488431990417,,
2009-05-18,1336.558712890625,49.63999938964844,1.0,10.356412689890128,,
2009-05-19,1321.6622050781252,58.099998474121094,1.0,8.109792200819193,,
2009-05-20,1264.486216796875,50.790000915527344,1.0,9.362557255215703,,
2009-05-21,1195.35871484375,50.790000915527344,1.0,6.023910481540119,,
2009-05-22,1212.19201171875,49.63999938964844,1.0,6.928654030351008,,
2009-05-25,1201.1254179687498,43.709999084472656,1.0,7.305262388469005,,
2009-05-26,1072.52820703125,52.369998931884766,1.0,1.0679419542019088,,
2009-05-27,1221.1786171875,41.56999969482422,1.0,6.873770689801566,,
2009-05-28,1270.3197089843752,44.58000183105469,1.0,6.896721473474008,,
2009-05-29,1369.0610058593752,40.29999923706055,1.0,9.460953932842372,,
2009-06-01,1436.1679140625001,41.83000183105469,1.0,11.558962308689214,,
2009-06-02,1416.7812109375,41.040000915527344,1.0,8.548241888927537,,
2009-06-03,1407.0658046875,40.66999816894531,1.0,8.630379727304348,,
2009-06-04,1432.8595117187501,41.310001373291016,1.0,9.788492504158103,,
2009-06-05,1431.9619121093751,40.54999923706055,1.0,9.64513023067481,,
2009-06-08,1261.188712890625,42.27000045776367,1.0,2.2551065523702944,,
2009-06-09,1367.063404296875,40.7599983215332,1.0,6.754178088302972,,
2009-06-10,1456.1392089843748,40.470001220703125,1.0,10.798872981338798,,
2009-06-11,1423.528603515625,41.02000045776367,1.0,6.835441530186286,,
2009-06-12,1354.0243105468749,40.83000183105469,1.0,0.6835430701524121,,
2009-06-15,1240.0148085937499,52.709999084472656,1.0,-0.7134647607843909,,
2009-06-16,1258.923814453125,41.689998626708984,1.0,3.598074286630956,,
2009-06-17,1084.728712890625,62.04999923706055,1.0,-1.9652119473019485,,
2009-06-18,967.6827128906252,54.4900016784668,1.0,-4.698809775065232,,
2009-06-19,1017.6461074218751,48.95000076293945,1.0,-1.4808443614170061,,
2009-06-22,928.8400097656249,47.529998779296875,1.0,-4.847963568432098,,
2009-06-23,929.9752089843751,48.22999954223633,1.0,-6.330152010535354,,
2009-06-24,964.952603515625,42.220001220703125,1.0,-0.2701243722561946,,
2009-06-25,903.7673046875002,38.59000015258789,1.0,-1.493738122755069,,
2009-06-26,1026.7472070312501,37.9900016784668,1.0,4.414214263200401,,
2009-06-29,1030.7046015625,40.310001373291016,1.0,7.066175306254876,,
2009-06-30,921.0117031250002,42.540000915527344,1.0,0.8723252505721674,,
2009-07-01,960.7043085937498,43.150001525878906,1.0,4.89553884137723,,
2009-07-02,958.178103515625,43.880001068115234,1.0,4.187259052035915,,
2009-07-03,1021.933205078125,45.86000061035156,1.0,7.789575588029387,,
2009-07-06,753.3925996093749,39.88999938964844,1.0,0.009652753842220566,,
2009-07-07,779.083107421875,36.16999816894531,1.0,2.7351704349618187,,
2009-07-08,646.5795078125002,37.380001068115234,1.0,-2.3075878259403337,,
2009-07-09,639.81795703125,36.63999938964844,1.0,-1.706208221223909,,
2009-07-10,554.4099082031248,35.83000183105469,1.0,-5.941443090092292,,
2009-07-13,517.141654296875,36.58000183105469,1.0,-6.497544346439149,,
2009-07-14,646.5719082031251,35.04999923706055,1.0,1.4111000801861557,,
2009-07-15,759.7064062499999,36.150001525878906,1.0,7.154536429243222,,
2009-07-16,747.11830859375,37.59000015258789,1.0,7.853711623926273,,
2009-07-17,878.6529999999998,35.88999938964844,1.0,12.789400419576044,,
2009-07-20,992.1196054687498,36.970001220703125,1.0,16.46405488874404,,
2009-07-21,945.1765019531249,36.59000015258789,1.0,11.834226727154213,,
2009-07-22,862.4675078125001,37.13999938964844,1.0,6.2280036858534435,,
2009-07-23,973.0212050781251,34.04999923706055,1.0,11.459275742971004,,
2009-07-24,1003.9002109375001,36.470001220703125,1.0,13.012134698794458,,
2009-07-27,993.8414121093751,37.38999938964844,1.0,12.282655662650011,,
2009-07-28,971.5017050781248,36.06999969482422,1.0,10.594900087622737,,
2009-07-29,906.4428066406249,37.33000183105469,1.0,5.577645526236782,,
2009-07-30,949.5318007812498,37.59000015258789,1.0,7.290800885102823,,
2009-07-31,998.868599609375,39.209999084472656,1.0,8.3288370878114,,
2009-08-03,1058.2979082031252,40.650001525878906,1.0,9.905412162754784,,
2009-08-04,1012.750005859375,36.79999923706055,1.0,6.468064496799367,,
2009-08-05,1011.4383085937502,36.70000076293945,1.0,3.655689133744935,,
2009-08-06,889.1028066406252,37.650001525878906,1.0,-2.645345254208694,,
2009-08-07,771.2847089843749,40.849998474121094,1.0,-7.800737026170753,,
2009-08-10,714.3047089843749,38.189998626708984,1.0,-9.109693930503346,,
2009-08-11,734.6585039062502,38.20000076293945,1.0,-4.726113215866371,,
2009-08-12,707.3888066406248,42.52000045776367,1.0,-5.13954717661794,,
2009-08-13,840.7936074218751,42.79999923706055,1.0,3.6130977645853273,,
2009-08-14,802.5622128906248,44.2400016784668,1.0,0.5925345346607207,,
2009-08-17,598.7851113281249,46.4900016784668,1.0,-7.333380835277596,,
2009-08-18,657.51951171875,45.040000915527344,1.0,-3.6364025015907577,,
2009-08-19,580.711306640625,40.209999084472656,1.0,-8.611602046756078,,
2009-08-20,628.0206035156252,36.83000183105469,1.0,-2.1367653109822413,,
2009-08-21,689.9278144531249,38.5099983215332,1.0,3.1608283819236243,,
2009-08-24,788.949416015625,38.5099983215332,1.0,8.949768676119334,,
2009-08-25,790.4341074218751,48.29999923706055,1.0,9.322538007734002,,
2009-08-26,796.802107421875,36.27000045776367,1.0,9.263894733600548,,
2009-08-27,788.5382031250001,34.84000015258789,1.0,7.034095691127719,,
2009-08-28,816.7005039062501,33.27000045776367,1.0,7.027896474559042,,
2009-08-31,731.2537031249999,34.5099983215332,1.0,4.295551661002851,,
2009-09-01,679.7861015624999,34.97999954223633,1.0,0.7872695408205121,,
2009-09-02,648.0284999999999,34.959999084472656,1.0,-2.810415830237765,,
2009-09-03,617.876609375,34.11000061035156,1.0,-4.2994311338308995,,
2009-09-04,688.2627070312501,32.5099983215332,1.0,2.118647254138359,,
2009-09-07,773.6611074218749,32.209999084472656,1.0,7.733438662476843,,
2009-09-08,778.1828046874998,31.969999313354492,1.0,4.327358905662869,,
2009-09-09,769.6300039062498,31.65999984741211,1.0,1.5405663773605278,,
2009-09-10,756.80990625,32.58000183105469,1.0,0.8968270360222496,,
2009-09-11,749.2630097656252,31.170000076293945,1.0,0.733767574927295,,
2009-09-14,711.5985019531254,31.670000076293945,1.0,-0.6723719841503959,,
2009-09-15,778.1797011718754,30.200000762939453,1.0,5.449877467513316,,
2009-09-16,826.8719062500004,28.31999969482422,1.0,7.913536109783624,,
2009-09-17,816.6550097656254,27.270000457763672,1.0,8.111074998913875,,
2009-09-18,809.803810546875,25.860000610351562,1.0,8.272697726384079,,
2009-09-22,836.2489999999998,26.799999237060547,1.0,9.495843594314248,,
2009-09-23,769.7585976562495,26.510000228881836,1.0,4.3147811226207455,,
2009-09-24,769.975408203125,24.360000610351562,1.0,3.7120936457806097,,
2009-09-25,726.5789980468753,26.110000610351562,1.0,1.4008038920023156,,
2009-09-29,759.0820996093753,26.059999465942383,1.0,3.509748638910987,,
2009-09-30,820.3797949218751,25.270000457763672,1.0,7.4170670681999,,
2009-10-01,802.9875019531246,25.3700008392334,1.0,5.159418510345371,,
2009-10-05,706.92979296875,28.719999313354492,1.0,0.03952423573711821,,
2009-10-06,715.3931015625003,27.75,1.0,1.3050652837849157,,
2009-10-07,659.5455996093751,30.479999542236328,1.0,-0.2049465859941609,,
2009-10-08,662.0804003906251,29.8700008392334,1.0,2.923225520550234,,
2009-10-09,592.2125937500005,30.25,1.0,-1.4264518468225384,,
2009-10-12,687.5647988281253,28.200000762939453,1.0,4.469266670781563,,
2009-10-13,,,1.0,2.2021272760940045,,
2009-10-14,737.630193359375,26.3799991607666,1.0,6.529013225895096,,
2009-10-15,715.2824941406252,26.639999389648438,1.0,4.251010821186895,,
2009-10-16,734.4010996093748,26.020000457763672,1.0,1.8417361264256402,,
2009-10-20,692.8609902343751,26.690000534057617,1.0,0.9614204670755232,,
2009-10-21,628.5188925781249,26.780000686645508,1.0,-3.39520143602912,,
2009-10-22,540.5324921874999,25.489999771118164,1.0,-7.6869829931147375,,
2009-10-23,535.6482011718754,24.489999771118164,1.0,-3.9257133580029646,,
2009-10-26,497.1206992187499,24.489999771118164,1.0,-3.393765474729698,,
2009-10-27,361.99339062499985,28.18000030517578,1.0,-7.685808115687937,,
2009-10-28,330.5938984374998,28.479999542236328,1.0,-8.652024821926494,,
2009-10-29,243.88820312499956,28.219999313354492,1.0,-11.260747581576224,,
2009-10-30,195.1365917968751,25.389999389648438,1.0,-10.48606620310782,,
2009-11-03,40.057099609374745,24.43000030517578,1.0,-12.761326893451853,,
2009-11-04,178.5658027343752,29.889999389648438,1.0,-4.077449276460602,,
2009-11-05,224.19180468749983,29.56999969482422,1.0,-0.6088221352859443,,
2009-11-06,245.8939023437497,29.040000915527344,1.0,1.1382364347660467,,
2009-11-09,337.9223027343751,28.920000076293945,1.0,8.02219344662677,,
2009-11-10,310.6057949218748,30.059999465942383,1.0,3.8363400926946283,,
2009-11-11,422.2729941406251,28.959999084472656,1.0,8.775187348568336,,
2009-11-12,360.4335019531254,29.639999389648438,1.0,4.088789648828635,,
2009-11-13,395.4897929687504,29.09000015258789,1.0,6.799918803587067,,
2009-11-16,443.49820312500015,27.950000762939453,1.0,10.654479021116694,,
2009-11-17,441.7855976562496,26.780000686645508,1.0,10.717301017277295,,
2009-11-18,428.3457929687502,26.389999389648438,1.0,7.859609923226876,,
2009-11-19,356.89599609375,28.549999237060547,1.0,1.8851353917310767,,
2009-11-20,413.61378906249956,26.639999389648438,1.0,6.269656229598157,,
2009-11-23,457.79299999999967,26.690000534057617,1.0,8.220627824216676,,
2009-11-24,437.96900000000005,26.09000015258789,1.0,6.180513674359097,,
2009-11-25,447.6374999999998,24.850000381469727,1.0,6.329511188111988,,
2009-11-26,339.2014023437496,28.309999465942383,0.6666666666666666,-0.09403630063565002,,
2009-11-27,270.56439843750013,30.059999465942383,0.6666666666666666,-4.622393336883716,,
2009-11-30,356.84459375000006,27.559999465942383,0.75,0.3998599970951446,,
2009-12-01,441.4075976562499,25.450000762939453,0.9166666666666666,7.054430906714213,,
2009-12-02,437.87359765625024,26.030000686645508,0.875,5.2263525600389,,
2009-12-03,441.51579296875025,25.989999771118164,0.875,6.276106640031829,,
2009-12-04,414.4255000000003,26.139999389648438,0.8333333333333334,4.589541796389677,,
2009-12-07,368.3873906250001,27.670000076293945,0.75,1.0278069243188248,,
2009-12-08,443.8929882812499,26.459999084472656,0.8571428571428571,5.3863874835335865,,
2009-12-09,403.4543945312498,26.989999771118164,0.8333333333333334,2.7706806683456597,,
2009-12-10,422.26909765624987,27.200000762939453,0.6666666666666666,1.721466001373721,,
2009-12-11,401.082203125,27.149999618530273,0.75,0.13574491021486174,,
2009-12-14,385.30419140624963,27.889999389648438,0.875,-1.8889359825514782,,
2009-12-15,308.26140234375,28.31999969482422,0.8,-5.181856712996666,,
2009-12-16,313.06740234374956,27.360000610351562,0.8571428571428571,-4.057882765179089,,
2009-12-17,307.2827968749998,27.25,0.8888888888888888,-0.9564495351465254,,
2009-12-18,247.34258984374992,26.65999984741211,0.8571428571428571,-3.509822346938068,,
2009-12-21,207.13049218749984,26.190000534057617,0.8,-4.689854647494784,,
2009-12-22,234.37569140624964,24.520000457763672,0.6666666666666666,-2.2007901661320943,,
2009-12-23,385.94489062499997,23.84000015258789,0.8888888888888888,5.290262591346473,,
2009-12-24,412.6610976562497,22.690000534057617,0.9090909090909091,8.146578483828936,,
2009-12-29,414.6425898437501,24.40999984741211,0.8571428571428571,7.938109668587311,,
2009-12-30,389.79098828125007,24.6200008392334,0.8571428571428571,6.676635183389617,,
2009-12-31,414.90980078124994,23.34000015258789,0.9090909090909091,9.280883331864235,,
2010-01-04,438.5313906250003,23.639999389648438,0.9230769230769231,9.957086362434374,,
2010-01-05,476.7350976562502,22.270000457763672,0.9333333333333333,12.328525205628129,,
2010-01-06,473.17140234374983,22.1200008392334,0.9230769230769231,10.996066077332104,,
2010-01-07,447.7608945312504,22.5,0.8571428571428571,6.269508608726264,,
2010-01-08,420.7783984375001,22.56999969482422,0.8,4.765961588957851,,
2010-01-11,417.05030078125037,22.68000030517578,1.0,6.0812413000564245,,
2010-01-12,368.9983007812498,23.079999923706055,1.0,2.0664701545916175,,
2010-01-13,383.3245917968752,21.989999771118164,0.875,2.236202853756778,,
2010-01-14,399.22629882812544,20.979999542236328,1.0,3.2841659712555464,,
2010-01-15,381.30139062499984,21.079999923706055,1.0,1.5961357946636276,,
2010-01-18,394.6436914062497,21.549999237060547,1.0,2.2150201956338775,,
2010-01-19,337.50629687499986,22.34000015258789,1.0,-1.8240743853904664,,
2010-01-20,325.6341874999998,22.290000915527344,1.0,-1.856060860774018,,
2010-01-21,192.33029687500039,23.5,0.5,-9.154958886087837,,
2010-01-22,129.91039453124995,24.850000381469727,1.0,-11.854057270435504,,
2010-01-25,97.49989843749972,25.81999969482422,0.5,-13.335137766719958,,
2010-01-27,-60.933507812499556,28.920000076293945,0.5,-17.81965817277088,,
2010-01-28,-49.53160546875006,26.959999084472656,0.5,-12.397902141357987,,
2010-01-29,-37.23980078124987,26.1299991607666,0.5,-11.234647206565626,,
2010-02-01,-22.20861328125011,25.610000610351562,1.0,-5.191984078099144,,
2010-02-02,-93.93671093749981,26.690000534057617,0.5,-7.884350609353846,,
2010-02-03,4.466488281250349,25.540000915527344,1.0,-0.6326504985622334,,
2010-02-04,-84.22471093750028,27.06999969482422,1.0,-5.608532226096376,,
2010-02-05,-211.58250390625017,30.06999969482422,1.0,-10.95243545771522,,
2010-02-06,,,0.5,-8.779265374494269,,
2010-02-08,-170.22450390625,30.360000610351562,1.0,-7.001217124586218,,
2010-02-09,-138.87170312499984,29.90999984741211,1.0,-3.546450374661449,,
2010-02-10,-174.8258125000002,30.549999237060547,1.0,-4.901641215632096,,
2010-02-11,-107.10671093749988,28.809999465942383,1.0,-0.7377064491535303,,
2010-02-15,-134.57101562499975,29.68000030517578,0.5,-1.1490325493074343,,
2010-02-16,-84.11601171875009,28.729999542236328,0.0,2.6962460960211923,,
2010-02-17,-29.407210937500167,29.040000915527344,1.0,6.206019533108251,,
2010-02-18,-59.099210937500175,29.760000228881836,1.0,3.986743254361295,,
2010-02-19,-103.86850781249996,31.899999618530273,0.5,-0.7381191555225798,,
2010-02-22,-94.57930859375028,32.130001068115234,0.5,-0.7857338545184744,,
2010-02-23,-84.78660546875017,30.989999771118164,0.5,-2.461054971878753,,
2010-02-24,-99.43391406249975,30.399999618530273,0.5,-3.8317722497189806,,
2010-02-25,-102.00921093750003,29.549999237060547,0.5,-2.771450022497347,,
2010-02-26,-43.21020312499968,24.020000457763672,1.0,2.8233590725021744,,
2010-03-02,47.5843906250002,21.6299991607666,1.0,6.491839241138145,,
2010-03-03,115.12208593749983,20.75,1.0,10.402413924567577,,
2010-03-04,103.90478906249973,20.979999542236328,1.0,8.511065938282561,,
2010-03-05,109.09218359374972,20.739999771118164,1.0,7.690872131322095,,
2010-03-08,140.90558984375002,20.729999542236328,1.0,8.47434992562717,,
2010-03-09,115.45239062499968,20.799999237060547,1.0,4.388104484604045,,
2010-03-10,126.56919140624996,20.09000015258789,1.0,2.4993582146760356,,
2010-03-11,139.65469531249983,20.139999389648438,1.0,2.4085658120076654,,
2010-03-12,139.02559374999964,19.729999542236328,1.0,1.9706447552789987,,
2010-03-15,126.64269531250011,20.260000228881836,1.0,1.6123457088646351,,
2010-03-16,191.7012890625001,19.59000015258789,1.0,5.682828307252886,,
2010-03-17,221.90909374999956,17.729999542236328,1.0,8.285950433206908,,
2010-03-18,232.38389453125,17.969999313354492,1.0,6.779413990805652,,
2010-03-19,245.69539843750044,17.75,1.0,7.001338719750079,,
2010-03-22,185.00938671874974,19.959999084472656,1.0,2.0920044070682433,,
2010-03-23,201.94299609374957,18.1299991607666,1.0,1.7116399694194715,,
2010-03-25,233.42869531250017,17.049999237060547,1.0,3.218614520434114,,
2010-03-26,251.90959374999966,17.889999389648438,1.0,5.906139153082458,,
2010-03-29,270.0040898437501,18.729999542236328,1.0,7.195932034340193,,
2010-03-30,227.22898437500044,19.799999237060547,1.0,2.251217119005609,,
2010-03-31,211.69448437499977,19.8700008392334,1.0,0.7509958246409517,,
2010-04-01,250.9319882812497,17.6200008392334,1.0,3.1599056747062346,,
2010-04-05,325.64429296875005,17.170000076293945,1.0,7.312650097486921,,
2010-04-06,320.2087890624998,17.200000762939453,1.0,4.528531897943843,,
2010-04-07,325.53309375000026,17.31999969482422,1.0,3.7051624619540524,,
2010-04-08,252.95258593749986,19.920000076293945,1.0,-1.6957761674921425,,
2010-04-09,308.0299921875003,18.440000534057617,1.0,-0.2965441370390248,,
2010-04-12,283.92978515624964,20.049999237060547,1.0,-0.24262702121374755,,
2010-04-13,264.62178515624964,20.139999389648438,1.0,-0.5621493809930664,,
2010-04-15,213.30208593750012,21.579999923706055,1.0,-2.6417585844488736,,
2010-04-16,200.0872851562499,21.780000686645508,1.0,-3.9796206600036252,,
2010-04-19,139.5258906250001,22.65999984741211,1.0,-6.892416903639331,,
2010-04-20,163.69688671874974,20.8700008392334,1.0,-3.0937956484321774,,
2010-04-21,176.9714921875002,19.229999542236328,1.0,1.105076287646403,,
2010-04-22,200.21248828125044,20.530000686645508,1.0,1.9950624171652398,,
2010-04-23,233.40048828124964,20.209999084472656,1.0,2.72323288677156,,
2010-04-26,250.30818359375007,19.790000915527344,1.0,4.228099634631278,,
2010-04-27,234.65688671874977,19.81999969482422,1.0,1.6411724283346802,,
2010-04-28,140.54218359375045,22.729999542236328,1.0,-1.929949831362537,,
2010-04-29,177.11749218749992,21.190000534057617,1.0,-2.3063225892966215,,
2010-04-30,198.71998828125015,20.350000381469727,1.0,0.6584633360300388,,
2010-05-03,141.45518749999974,22.139999389648438,1.0,-2.915802725066334,,
2010-05-04,64.79078906250015,23.299999237060547,1.0,-8.203838593236094,,
2010-05-05,38.800691406249825,23.690000534057617,1.0,-5.439504303556803,,
2010-05-06,2.028484374999607,24.360000610351562,1.0,-6.268685339273749,,
2010-05-07,-73.22260546874986,27.399999618530273,1.0,-9.856197095769433,,
2010-05-10,97.29008593750041,24.139999389648438,1.0,-1.1550703510840759,,
2010-05-11,36.43708984375007,25.809999465942383,1.0,-5.490512105432428,,
2010-05-12,53.80828906250008,25.81999969482422,0.75,-0.4922371771719831,,
2010-05-13,72.99628906250018,24.860000610351562,0.8571428571428571,2.506351400495652,,
2010-05-14,-13.9644140624996,26.530000686645508,1.0,-0.13116703595810436,,
2010-05-17,-48.99010937500043,27.170000076293945,1.0,-2.289136665783905,,
2010-05-18,-43.18781640625002,26.540000915527344,1.0,-0.6002027265504667,,
2010-05-19,-189.4741093749999,32.040000915527344,0.5,-7.218347685359477,,
2010-05-20,-161.11311328124975,31.040000915527344,1.0,-5.178648106203208,,
2010-05-21,-176.54810937500042,32.2599983215332,0.5,-6.418893905075352,,
2010-05-24,-162.80141796874977,31.299999237060547,1.0,-5.9790950132434695,,
2010-05-25,-298.01801171875013,34.52000045776367,0.5,-12.164714101744662,,
2010-05-26,-186.79530859374972,32.150001525878906,0.0,-5.589311537791083,,
2010-05-27,-100.70031250000011,29.010000228881836,1.0,0.8814723781709364,,
2010-05-28,-36.95460546874983,26.43000030517578,1.0,5.812113763958042,,
2010-05-31,-17.170605468750182,26.43000030517578,0.8,7.846274897783854,,
2010-06-01,-132.16661718750038,29.079999923706055,0.5,1.692406734550422,,
2010-06-02,-82.63111718750042,27.760000228881836,0.6666666666666666,3.5665146009958004,,
2010-06-03,6.668785156250124,25.290000915527344,1.0,7.645330128087475,,
2010-06-04,30.846386718750182,24.719999313354492,0.75,9.346179195707935,,
2010-06-07,-69.9496132812501,27.989999771118164,0.5,1.1014193419428495,,
2010-06-08,-115.76031640625024,28.770000457763672,0.5,-3.4624750838649443,,
2010-06-09,-101.50940625000021,28.15999984741211,1.0,-1.7420250686167715,,
2010-06-10,-22.966714843750196,26.5,1.0,4.392888580222646,,
2010-06-11,17.362085937499614,25.100000381469727,1.0,5.41236338381853,,
2010-06-14,95.31418359375039,22.950000762939453,1.0,8.791933677669709,,
2010-06-15,119.08128515624958,21.979999542236328,1.0,9.738854827184309,,
2010-06-16,129.29168359375035,22.670000076293945,1.0,6.877244858605342,,
2010-06-17,169.53128124999967,20.850000381469727,1.0,8.53592761158619,,
2010-06-18,156.02608203124964,19.959999084472656,1.0,5.347577136752336,,
2010-06-21,244.16378906249975,19.40999984741211,1.0,10.557108566433733,,
2010-06-22,205.21778906249983,20.639999389648438,1.0,3.910361554354868,,
2010-06-23,209.56668749999972,20.34000015258789,1.0,5.017568544472166,,
2010-06-24,204.35368359375025,20.06999969482422,1.0,3.741646990931771,,
2010-06-25,150.27179296874965,20.0,1.0,-0.5750160983285537,,
2010-06-28,211.9407890624998,19.549999237060547,1.0,3.893168646822095,,
2010-06-29,133.69829296875014,20.639999389648438,1.0,-0.8146801980546526,,
2010-06-30,188.97558984374973,20.06999969482422,1.0,2.6061707470461957,,
2010-07-01,127.36789453125039,21.440000534057617,1.0,-1.867678479689479,,
2010-07-02,112.5268906250003,21.899999618530273,1.0,-1.8917369379277555,,
2010-07-05,111.04789453124977,21.989999771118164,1.0,-1.365966585577254,,
2010-07-06,163.7430000000004,20.899999618530273,1.0,2.882390975436795,,
2010-07-07,116.08769140625009,22.110000610351562,1.0,-0.55077102009717,,
2010-07-08,171.71728906249973,21.1200008392334,1.0,4.6402782562841365,,
2010-07-09,226.6025859375004,20.209999084472656,1.0,6.342045846050658,,
2010-07-12,256.04639062499973,19.90999984741211,1.0,5.916219328586902,,
2010-07-13,272.4862929687497,19.110000610351562,1.0,5.20417945066201,,
2010-07-14,256.58029296874975,20.06999969482422,1.0,2.2579650050870974,,
2010-07-15,248.02199218749956,20.18000030517578,1.0,1.4837895496167155,,
2010-07-16,262.09989453125036,19.700000762939453,1.0,4.123100540595496,,
2010-07-19,253.57618749999983,20.709999084472656,1.0,2.6461731695781325,,
2010-07-20,234.38079296875003,20.3799991607666,1.0,0.7105053205639252,,
2010-07-21,264.34128906250044,20.0,1.0,2.7631407168250313,,
2010-07-22,305.1793867187498,18.899999618530273,1.0,4.806206041038663,,
2010-07-23,309.4896875000004,19.239999771118164,1.0,2.841441306304359,,
2010-07-26,275.9288867187497,19.969999313354492,0.8333333333333334,0.8702701597035651,,
2010-07-27,284.5472851562499,19.219999313354492,1.0,3.2574937670301916,,
2010-07-28,247.14139453124972,19.520000457763672,1.0,2.665222173024702,,
2010-07-29,254.15829296875017,18.329999923706055,1.0,2.180636323383847,,
2010-07-30,208.9740859374997,18.940000534057617,1.0,-0.7612975535950359,,
2010-08-02,268.76829296874985,17.989999771118164,1.0,5.195302001604065,,
2010-08-03,271.7925976562501,17.549999237060547,1.0,4.97797436494878,,
2010-08-04,295.80489062499964,17.040000915527344,1.0,4.981979025867184,,
2010-08-05,270.24089062500025,17.709999084472656,0.8,3.7125282938913315,,
2010-08-06,256.62599218749983,17.3700008392334,1.0,0.1284322404565415,,
2010-08-09,297.71989453125025,17.0,1.0,4.105080924009901,,
2010-08-10,266.92578515624973,17.329999923706055,1.0,0.449611665099007,,
2010-08-11,221.51848828125003,18.110000610351562,1.0,-3.995772274009906,,
2010-08-12,212.6517851562503,18.0,1.0,-3.9965409514626504,,
2010-08-13,243.10048828125036,16.739999771118164,1.0,-0.3608062330148933,,
2010-08-16,204.79979687499963,18.110000610351562,1.0,-2.4770232815576416,,
2010-08-17,196.64869531250042,17.6299991607666,1.0,-4.9357463212744355,,
2010-08-18,256.91749609374983,16.399999618530273,1.0,-0.7656106264972627,,
2010-08-19,312.4053867187504,16.530000686645508,1.0,1.919045851047696,,
2010-08-20,297.46109375000015,16.700000762939453,1.0,1.2064920599481144,,
2010-08-23,304.92358984375005,17.139999389648438,1.0,4.259857139957551,,
2010-08-24,261.35168749999957,16.989999771118164,1.0,1.6671558417834487,,
2010-08-25,213.78088671874957,18.920000076293945,0.5,-3.1814179476317266,,
2010-08-26,224.88589062499977,17.09000015258789,1.0,-0.4211601389714109,,
2010-08-27,152.55258203124959,19.6299991607666,1.0,-5.7991310227947945,,
2010-08-30,156.6837812499998,18.360000610351562,1.0,-4.0174708368321035,,
2010-08-31,141.05628906249967,18.469999313354492,1.0,-2.9233852301353567,,
2010-09-01,207.44128515625016,16.700000762939453,1.0,3.6081393571619857,,
2010-09-02,218.8438906250003,16.149999618530273,1.0,3.6793867467688974,,
2010-09-03,209.07069140625026,15.859999656677246,1.0,3.7376800655381888,,
2010-09-06,302.9353828125004,15.220000267028809,1.0,8.876283689985794,,
2010-09-07,326.22038671875,15.829999923706055,1.0,9.080595746352012,,
2010-09-08,326.30368359375007,15.970000267028809,1.0,7.429578337924372,,
2010-09-09,354.4141914062502,15.920000076293945,1.0,6.806018640119941,,
2010-09-13,469.8691875000004,18.139999389648438,1.0,9.932197069189046,,
2010-09-14,500.90979296874957,18.600000381469727,1.0,9.580888511154674,,
2010-09-15,561.3897812499999,19.43000030517578,1.0,9.657090600035643,,
2010-09-16,524.6125781250003,18.850000381469727,1.0,3.9012559454837037,,
2010-09-17,575.4245781250002,19.489999771118164,1.0,6.828300319032123,,
2010-09-20,664.8833750000003,21.950000762939453,1.0,10.677700261026285,,
2010-09-21,687.4937851562499,22.6299991607666,1.0,6.736300213566957,,
2010-09-22,663.7719804687504,24.290000915527344,1.0,3.6933365383729626,,
2010-09-23,627.0681875,23.899999618530273,1.0,0.11272989503242192,,
2010-09-24,679.7713906250001,21.709999084472656,1.0,6.637688095935623,,
2010-09-27,690.8290898437499,22.360000610351562,1.0,7.976290260310964,,
2010-09-28,678.7671874999996,21.209999084472656,1.0,6.707873849345334,,
2010-09-29,635.5837929687495,22.15999984741211,1.0,4.397351331282544,,
2010-09-30,668.9225820312504,22.25,1.0,3.2341965437766262,,
2010-10-01,776.2222890624998,21.43000030517578,1.0,7.737069899453607,,
2010-10-04,785.4325820312497,22.799999237060547,1.0,7.421239008643861,,
2010-10-05,765.5097929687499,22.170000076293945,1.0,4.617377370708612,,
2010-10-06,799.3861835937496,21.729999542236328,1.0,6.323308757852502,,
2010-10-07,726.8569960937502,22.450000762939453,1.0,2.2645253473338625,,
2010-10-08,703.3685859375,21.399999618530273,1.0,2.216429829636797,,
2010-10-11,728.7824882812502,21.200000762939453,1.0,3.6316244060664706,,
2010-10-12,676.7342929687502,20.510000228881836,1.0,0.4258745140543828,,
2010-10-13,811.7038945312497,20.020000457763672,1.0,5.439351875135408,,
2010-10-14,747.6944882812504,20.600000381469727,1.0,-0.27689392034376054,,
2010-10-15,626.6478945312501,22.649999618530273,0.5,-7.135640480281263,,
2010-10-18,633.7733867187499,22.350000381469727,1.0,-6.020069483866488,,
2010-10-19,579.4841992187503,23.229999542236328,1.0,-6.7436932140725805,,
2010-10-20,528.8944921875,23.799999237060547,0.5,-9.881203538786659,,
2010-10-21,641.2059960937504,22.190000534057617,1.0,-0.8118938044618065,,
2010-10-22,599.2606015624997,21.610000610351562,1.0,-3.937004021832389,,
2010-10-25,632.3882031249996,21.360000610351562,1.0,-0.13027601786286114,,
2010-10-26,601.7143984374998,20.549999237060547,1.0,-1.924771287342342,,
2010-10-27,525.4511015625003,21.020000457763672,1.0,-6.665721962371011,,
2010-10-28,493.5989921874998,20.520000457763672,0.5,-6.544681605576282,,
2010-10-29,516.1841914062497,20.760000228881836,1.0,-3.3547394954715015,,
2010-11-01,607.2378007812504,20.920000076293945,1.0,2.7097585946142297,,
2010-11-02,601.2847968750002,21.25,1.0,4.035257031957098,,
2010-11-03,634.5899960937504,21.530000686645508,1.0,7.301573935237626,,
2010-11-04,746.8886015625003,19.360000610351562,1.0,10.701287765194424,,
2010-11-08,729.5345898437499,19.610000610351562,1.0,8.210144535159072,,
2010-11-09,748.2198007812503,18.75,1.0,10.899209165130152,,
2010-11-10,712.6437890625002,19.079999923706055,1.0,6.190262044197394,,
2010-11-11,622.1691953125,19.360000610351562,1.0,-0.20796741838395486,,
2010-11-12,490.3530976562497,21.6299991607666,0.5,-6.533791524132331,,
2010-11-15,530.9112929687499,20.25,0.5,-2.618556701562814,,
2010-11-16,389.5509882812503,21.1299991607666,0.0,-9.05154639218776,,
2010-11-18,391.2118007812496,20.6200008392334,1.0,-7.223992502699074,,
2010-11-19,274.04340234375013,21.600000381469727,0.5,-11.183266593117427,,
2010-11-22,385.00279687500006,19.93000030517578,0.0,-4.604490848914255,,
2010-11-23,302.2995976562497,23.260000228881836,0.5,-8.312765240020756,,
2010-11-24,226.90599609375022,24.68000030517578,0.3333333333333333,-12.074080650926076,,
2010-11-25,155.19839453125041,21.6299991607666,0.0,-14.06061144166679,,
2010-11-26,101.1445898437496,22.579999923706055,0.5,-13.140500270454645,,
2010-11-29,172.71319531249992,21.309999465942383,0.5,-5.296772948553795,,
2010-11-30,199.39578906249972,20.709999084472656,0.5,-2.879177866998558,,
2010-12-01,290.99229687499974,19.200000762939453,1.0,2.553399927001183,,
2010-12-02,333.97098828125036,18.799999237060547,1.0,4.089145394819151,,
2010-12-03,307.02499999999964,18.600000381469727,1.0,3.527482595761123,,
2010-12-06,298.53959374999977,19.3700008392334,1.0,1.977031214713645,,
2010-12-07,275.65580078125004,19.239999771118164,1.0,1.7993891756748004,,
2010-12-08,196.5313906250003,20.43000030517578,1.0,-2.7095906744478935,,
2010-12-09,54.780796875000306,22.600000381469727,0.5,-9.307846915457372,,
2010-12-10,140.55089453125038,21.6299991607666,0.5,-3.7973292944651185,,
2010-12-13,185.45630078125032,22.56999969482422,0.5,1.8021851227103611,,
2010-12-14,216.55249609375005,21.459999084472656,0.5,3.4745151003993877,,
2010-12-15,159.71460546875005,21.420000076293945,1.0,-1.3390330996732314,,
2010-12-16,211.40119921874975,20.239999771118164,1.0,0.5407911002673574,,
2010-12-20,204.65700390624988,20.780000686645508,1.0,-0.8302618270539812,,
2010-12-21,252.8371015624998,19.770000457763672,1.0,1.6843312324103805,,
2010-12-22,231.27670312499959,19.559999465942383,1.0,-0.2582744462096899,,
2010-12-23,221.18919921875022,19.030000686645508,1.0,-1.48404272871702,,
2010-12-24,247.36449609374995,17.649999618530273,1.0,1.1494195855951672,,
2010-12-27,227.92889453125008,18.450000762939453,1.0,0.7586160245778639,,
2010-12-28,220.36079687500023,18.1299991607666,1.0,0.4388676564727976,,
2010-12-29,278.2392929687503,17.1299991607666,1.0,4.177255355295928,,
2010-12-30,312.82129296874973,17.020000457763672,1.0,7.23593619978758,,
2010-12-31,338.28239453125025,16.559999465942383,1.0,9.92031143618984,,
2011-01-03,354.43408984375037,16.989999771118164,1.0,11.38934572051896,,
2011-01-04,335.9420898437502,17.030000686645508,1.0,9.500373771333694,,
2011-01-05,263.1281992187496,17.8799991607666,1.0,4.682123994727564,,
2011-01-06,226.01199609374999,18.200000762939453,1.0,1.1035559956861867,,
2011-01-07,78.18929296875012,20.81999969482422,0.5,-6.369817821711307,,
2011-01-10,-66.45830859375019,23.15999984741211,0.5,-11.938941854127437,,
2011-01-11,-78.15191015624987,22.329999923706055,0.0,-10.677316062467902,,
2011-01-12,27.121992187499927,21.40999984741211,0.5,-3.826894960201006,,
2011-01-13,-87.09210546874965,23.149999618530273,0.5,-7.858368603800825,,
2011-01-14,-186.58700000000044,23.809999465942383,0.5,-10.975028857655223,,
2011-01-17,-188.6808046875003,23.56999969482422,0.5,-9.525023610808818,,
2011-01-18,-121.9785976562498,21.459999084472656,1.0,-3.2477465906617553,,
2011-01-19,-156.97139453124964,21.09000015258789,1.0,-4.6572472105414375,,
2011-01-20,-138.5211015625,21.010000228881836,1.0,-0.719565899533901,,
2011-01-21,-155.84439843749988,21.030000686645508,0.5,-4.04328119052774,,
2011-01-24,-111.59559765624999,20.170000076293945,0.5,-1.6717755195226942,,
2011-01-25,-169.76449609374959,20.780000686645508,0.5,-4.095089061427661,,
2011-01-27,-254.4277929687496,22.09000015258789,0.5,-9.350527413895362,,
2011-01-28,-347.7340937500003,22.579999923706055,0.0,-12.19588606591439,,
2011-01-31,-354.57809375000033,23.40999984741211,0.5,-10.705724963020865,,
2011-02-01,-443.0990039062499,23.729999542236328,0.0,-14.759229515198891,,
2011-02-02,-428.01239843750045,23.520000457763672,0.5,-12.257551421526363,,
2011-02-03,-333.8995976562501,22.690000534057617,0.5,-4.7561784357942924,,
2011-02-04,-464.5515976562501,24.40999984741211,0.0,-9.891418720195334,,
2011-02-07,-463.58039843749975,24.690000534057617,0.5,-6.820251680159817,,
2011-02-08,-545.8453906249997,24.739999771118164,0.0,-10.852933192858035,,
2011-02-09,-603.5089882812499,25.239999771118164,0.0,-13.788763521429305,,
2011-02-10,-629.7337851562497,24.81999969482422,0.0,-11.099897426623974,,
2011-02-11,-544.3967890624999,23.469999313354492,0.5,-5.263552439965066,,
2011-02-14,-398.6983906249998,22.579999923706055,0.5,3.1480025491194974,,
2011-02-15,-374.2331914062497,22.850000381469727,0.5,4.757456631097772,,
2011-02-16,-373.5533984374997,23.049999237060547,0.5,1.8924645163527205,,
2011-02-17,-308.8533984374999,22.56999969482422,0.5,5.91201642247041,,
2011-02-18,-395.77980078124983,24.18000030517578,0.5,1.0189225274757867,,
2011-02-21,-335.9306992187503,24.90999984741211,0.0,3.1973002497529177,,
2011-02-22,-385.04340234375013,26.850000381469727,0.0,-2.111299795656707,,
2011-02-23,-416.6935000000003,26.549999237060547,0.5,-4.818336196446399,,
2011-02-24,-589.6218046875001,28.200000762939453,0.0,-11.215002342547058,,
2011-02-25,-547.9309921875001,27.270000457763672,0.0,-8.26682009844759,,
2011-02-28,-517.5731953124996,24.399999618530273,0.0,-4.218307353275298,,
2011-03-01,-329.48258984375025,22.219999313354492,0.5,4.366839438229307,,
2011-03-03,-316.09699999999975,22.959999084472656,0.5,3.0274140858239775,,
2011-03-04,-313.9679960937501,22.90999984741211,1.0,2.6587933429468906,,
2011-03-07,-389.43809375,25.219999313354492,1.0,-2.006441810316183,,
2011-03-08,-331.33898828124984,23.670000076293945,0.5,2.903820337014035,,
2011-03-09,-320.55479296875,23.280000686645508,1.0,3.284943912102393,,
2011-03-10,-356.2472890625004,23.530000686645508,0.5,-0.40322770827986265,,
2011-03-11,-403.64019921875024,24.1299991607666,0.0,-3.4208226704107982,,
2011-03-14,-315.7623945312498,23.299999237060547,0.5,3.201145087845715,,
2011-03-15,-394.8452929687501,26.6299991607666,0.5,-2.2899722008535095,,
2011-03-16,-330.54689062499983,24.889999389648438,1.0,3.7627500174834965,,
2011-03-17,-391.9904882812498,25.260000228881836,0.5,-1.1032045311498693,,
2011-03-18,-460.85019531249964,25.889999389648438,0.5,-5.448076434577168,,
2011-03-21,-464.8747890625,25.209999084472656,0.3333333333333333,-7.184789810108593,,
2011-03-22,-411.0130937499998,22.260000228881836,1.0,-0.9693734809979362,,
2011-03-23,-340.5271914062496,20.969999313354492,0.5,3.934148970092601,,
2011-03-24,-294.8800898437503,19.84000015258789,0.5,6.673394611893948,,
2011-03-25,-160.1175937500002,20.469999313354492,0.5,12.18732286427687,,
2011-03-28,-124.33039453125002,21.020000457763672,0.5,12.51690052531744,,
2011-03-29,-72.88509765624985,21.219999313354492,0.5,13.695645884350634,,
2011-03-30,-19.956093750000036,22.040000915527344,0.5,15.750982996286883,,
2011-03-31,27.713605468749847,22.18000030517578,1.0,13.796258815143812,,
2011-04-01,22.552210937499694,20.110000610351562,1.0,10.37875721239039,,
2011-04-04,106.96060156250041,20.059999465942383,1.0,14.128074082864869,,
2011-04-05,110.44621093749993,19.899999618530273,1.0,11.195696976889437,,
2011-04-06,94.50400781250028,20.360000610351562,1.0,7.887388435636809,,
2011-04-07,90.33100000000013,20.31999969482422,0.5,7.3624087200664805,,
2011-04-08,48.72240624999995,20.540000915527344,0.5,2.569243498236209,,
2011-04-11,-4.776199218749753,21.239999771118164,1.0,0.8293810440114425,,
2011-04-13,122.45880468749965,20.40999984741211,1.0,7.7694935814639114,,
2011-04-15,38.783410156250284,21.59000015258789,1.0,2.9023129302886517,,
2011-04-18,-53.080296875000386,22.450000762939453,0.5,-2.8981076024911068,,
2011-04-19,-38.855195312499745,22.06999969482422,1.0,-1.09845167476545,,
2011-04-20,73.83910937499968,20.989999771118164,1.0,6.192175902464637,,
2011-04-21,108.03019921874966,20.510000228881836,0.5,6.702689374743794,,
2011-04-25,98.69080468749962,20.90999984741211,0.5,4.574927670244921,,
2011-04-26,94.4555078125004,21.709999084472656,1.0,3.5613044574731165,,
2011-04-27,61.812707031250284,21.350000381469727,1.0,2.0047036470234576,,
2011-04-28,15.925796874999833,20.920000076293945,1.0,-0.7234242887989909,,
2011-04-29,-17.364398437500313,19.579999923706055,1.0,-2.2282562362900844,,
2011-05-02,-63.07379296875024,20.8799991607666,0.5,-6.00493692060098,,
2011-05-03,-195.74399609374996,21.579999923706055,1.0,-12.367675662309898,,
2011-05-04,-219.99969140625035,21.18000030517578,1.0,-12.4826437237081,,
2011-05-05,-292.0378984375002,21.600000381469727,1.0,-14.758526683033901,,
2011-05-06,-195.8974023437504,20.969999313354492,0.5,-6.07515819520955,,
2011-05-09,-191.37230078124958,21.5,1.0,-6.243311250625995,,
2011-05-10,-195.29799999999977,21.739999771118164,0.5,-6.3808910232394505,,
2011-05-11,-165.83299218750017,21.239999771118164,0.5,-2.85709265537773,,
2011-05-12,-238.20969531250012,21.229999542236328,0.5,-7.973984899854509,,
2011-05-13,-173.76199609374999,20.6299991607666,0.5,-1.2514421907900488,,
2011-05-16,-213.9499960937501,21.459999084472656,1.0,-3.387543610646405,,
2011-05-17,-268.93820312499975,21.030000686645508,1.0,-4.953444772347059,,
2011-05-18,-281.68030078124957,20.709999084472656,0.5,-4.2346366319203215,,
2011-05-19,-269.6954999999998,20.40999984741211,0.5,-4.373793607934808,,
2011-05-20,-207.3459023437499,19.450000762939453,0.5,0.9668961389624329,,
2011-05-23,-303.11619531250017,21.040000915527344,0.5,-3.7543577044852854,,
2011-05-24,-289.894703125,19.93000030517578,0.5,-1.0717472127606866,,
2011-05-25,-331.10820703124955,20.65999984741211,1.0,-4.695065901349655,,
2011-05-26,-264.08110546875014,19.18000030517578,0.0,-1.1141448283769881,,
2011-05-27,-197.74190625000028,17.25,0.5,3.997517867691559,,
2011-05-30,-198.51110546875043,17.8700008392334,1.0,3.8161509826567297,,
2011-05-31,,16.81999969482422,1.0,10.21321444035551,,
2011-06-01,-77.70720312499998,16.729999542236328,1.0,10.356266360290872,,
2011-06-02,-116.8583046875001,17.979999542236328,1.0,6.10967247660162,,
2011-06-03,-146.9052031250003,17.610000610351562,0.5,1.544277480855868,,
2011-06-06,-127.76819531250021,18.209999084472656,1.0,1.8089543025184374,,
2011-06-07,-100.1748984374999,18.030000686645508,1.0,4.389144429333268,,
2011-06-08,-125.75150390625004,18.579999923706055,1.0,1.5911181694544905,,
2011-06-09,-127.9077968749998,18.579999923706055,1.0,-0.1527214977190544,,
2011-06-10,-159.8145937500003,18.540000915527344,1.0,-3.2158630435883193,,
2011-06-13,-160.5449921874997,18.90999984741211,1.0,-0.9947970356631689,,
2011-06-14,-139.98999609375005,18.510000228881836,1.0,3.7315296980937736,,
2011-06-15,-189.30879687499964,19.139999389648438,1.0,-2.2196575197414616,,
2011-06-16,-235.67999609374965,19.65999984741211,0.5,-5.997901607061198,,
2011-06-17,-261.8228945312503,20.270000457763672,0.0,-7.089192223959163,,
2011-06-20,-364.7960937500002,22.18000030517578,0.3333333333333333,-11.618430001421137,,
2011-06-21,-341.47630078124985,21.309999465942383,0.3333333333333333,-8.233260910253655,,
2011-06-22,-333.2477929687502,20.889999389648438,0.0,-8.009031653843898,,
2011-06-23,-286.2323984374998,19.5,0.0,-4.916480444054096,,
2011-06-24,-130.9123984375001,19.31999969482422,1.0,3.431970545773927,,
2011-06-27,-71.68230078124998,19.989999771118164,1.0,7.717066810178671,,
2011-06-28,-49.360191406250124,19.489999771118164,1.0,9.041236481055277,,
2011-06-29,8.954597656250371,19.459999084472656,1.0,10.670102575408864,,
2011-06-30,59.20790624999972,18.40999984741211,1.0,11.09372028897089,,
2011-07-01,42.805398437500116,18.209999084472656,1.0,10.349407509158,,
2011-07-04,69.97720312500041,18.170000076293945,1.0,12.649515234765639,,
2011-07-05,55.78130078125014,18.25,1.0,9.076876101171884,,
2011-07-06,53.29859765625042,18.34000015258789,1.0,7.244716810049722,,
2011-07-07,159.60539453124966,18.6200008392334,1.0,12.654768299131593,,
2011-07-08,94.40590234375031,18.670000076293945,0.5,6.172083153834936,,
2011-07-11,52.164097656250306,19.690000534057617,1.0,1.5953407622285807,,
2011-07-12,-35.8924960937502,20.829999923706055,0.5,-3.240175739994801,,
2011-07-13,24.756996093749876,19.520000457763672,1.0,3.712583485458804,,
2011-07-14,,19.969999313354492,1.0,6.128477397193567,,
2011-07-15,22.664097656250306,19.950000762939453,0.5,3.923299688612917,,
2011-07-18,10.092605468749753,20.200000762939453,1.0,1.2099724725014755,,
2011-07-19,56.92060546875018,19.25,1.0,5.89906838659212,,
2011-07-20,11.122207031249673,19.110000610351562,1.0,-1.1734895018791793,,
2011-07-21,-12.867902343749847,18.75,1.0,-4.41467322881024,,
2011-07-22,79.93899218749993,17.90999984741211,1.0,2.7516309946098083,,
2011-07-25,126.5390039062504,19.200000762939453,1.0,6.069516268317118,,
2011-07-26,22.06249609375027,19.299999237060547,0.5,1.1477860377140023,,
2011-07-27,-4.416195312500349,18.25,1.0,0.21182493994781945,,
2011-07-28,-61.868800781249774,18.510000228881836,0.5,-3.2812341400426956,,
2011-07-29,-66.64040234374988,19.770000457763672,0.5,-3.9573733873076606,,
2011-08-01,-31.877796875000058,18.780000686645508,0.6666666666666666,-0.14694186234262874,,
2011-08-02,-91.73299609375044,19.149999618530273,0.0,-0.6656797055530602,,
2011-08-03,-143.38379296874973,19.479999542236328,0.0,-4.36282884999796,,
2011-08-04,-215.58219140624988,20.219999313354492,0.0,-8.842314513634697,,
2011-08-05,-333.60799609375044,24.899999618530273,0.0,-12.50734823842839,,
2011-08-08,-424.1399960937497,28.780000686645508,0.0,-14.05146674053232,,
2011-08-09,-467.20469921874974,34.880001068115234,0.0,-14.223927333162807,,
2011-08-10,-377.8423984375004,28.950000762939453,0.0,-6.728667818042292,,
2011-08-11,-399.6205937499999,29.09000015258789,0.0,-9.687091851125514,,
2011-08-12,-463.7474062499996,27.020000457763672,0.0,-10.653075150920875,,
2011-08-16,-498.7041953124999,26.459999084472656,0.0,-10.89797057802617,,
2011-08-17,-474.7087031250003,25.479999542236328,0.2,-9.098339563839593,,
2011-08-18,-582.8640976562501,27.450000762939453,0.09090909090909091,-13.989550552232398,,
2011-08-19,-676.2756953124999,29.190000534057617,0.1111111111111111,-16.71872317909924,,
2011-08-22,-617.9445898437498,27.079999923706055,0.3333333333333333,-10.588046237444829,,
2011-08-23,-563.7640898437503,25.920000076293945,0.0,-5.935674194273039,,
2011-08-24,-618.7264882812497,28.600000381469727,0.0,-8.674642522587035,,
2011-08-25,-662.9894921875002,27.940000534057617,0.0,-9.824707518480302,,
2011-08-26,-749.2733828125001,33.2599983215332,0.0,-13.674760696938431,,
2011-08-29,-574.7282890625002,26.06999969482422,0.6666666666666666,-5.1884405702223475,,
2011-08-30,-490.90798828125025,24.8799991607666,1.0,0.48218498799990106,,
2011-09-02,-449.5619882812498,26.09000015258789,0.6,2.758151353818102,,
2011-09-05,-468.3209960937502,27.829999923706055,0.5,0.6203056531239004,,
2011-09-06,-417.44618359375,28.65999984741211,0.0,1.4166137161922827,,
2011-09-07,-353.7832851562498,27.860000610351562,1.0,6.068138495066416,,
2011-09-08,-322.7039882812496,27.639999389648438,0.5,5.873931495963431,,
2011-09-09,-412.81299609375037,28.149999618530273,1.0,1.3513984966973498,,
2011-09-12,-520.7897851562502,32.75,0.3333333333333333,-3.8034012299748987,,
2011-09-13,-522.2117968749999,32.77000045776367,0.0,-3.293691915434008,,
2011-09-14,-447.1489843749996,32.45000076293945,0.5,0.39607025100854115,,
2011-09-15,-380.35219531250004,30.790000915527344,1.0,2.687693841734262,,
2011-09-16,-368.87919140625036,28.450000762939453,1.0,1.6535676886916686,,
2011-09-19,-417.3453984375001,29.600000381469727,1.0,0.44382810892954627,,
2011-09-20,-306.6438007812503,27.25,1.0,7.454041180033269,,
2011-09-21,-311.67039453125017,27.670000076293945,1.0,7.553306420027221,,
2011-09-22,-517.7416914062496,33.880001068115234,0.5,-1.2745674745231883,,
2011-09-23,-569.2727929687499,35.15999984741211,0.0,-2.497373388246246,,
2011-09-26,-596.4640898437501,35.43000030517578,0.0,-5.134214590383293,,
2011-09-27,-456.20479296874964,32.0099983215332,0.5,1.4356426078682185,,
2011-09-28,-475.8880898437501,32.0,0.0,-1.0072015026532772,,
2011-09-29,-400.96339843749956,31.06999969482422,0.0,1.9031987705564115,,
2011-09-30,-466.81879296875013,31.940000534057617,0.0,-1.5337464604538473,,
2011-10-03,-553.0635937500001,35.06999969482422,0.1111111111111111,-5.800338013098605,,
2011-10-04,-621.9208906249996,37.189998626708984,0.14285714285714285,-8.56391291980795,,
2011-10-05,-634.1729882812497,35.369998931884766,0.0,-8.643201479842869,,
2011-10-07,-489.25978515624956,33.02000045776367,0.0,-1.7989830289623423,,
2011-10-10,-390.2658945312496,30.030000686645508,0.5,3.0735593399399046,,
2011-10-11,-388.17669531249976,30.299999237060547,0.0,1.969275823587194,,
2011-10-12,-256.83648828125024,28.40999984741211,0.5,8.3384984011168,,
2011-10-13,-272.27309375000004,28.239999771118164,0.0,5.186044146368288,,
2011-10-14,-212.59618359374963,25.979999542236328,0.0,5.1522179379376905,,
2011-10-17,-220.29998828125008,25.43000030517578,0.5,3.6699964946762913,,
2011-10-18,-294.75358984375,25.899999618530273,0.5,-1.9063665043557656,,
2011-10-19,-188.38408593749955,24.049999237060547,0.5,4.985700132799833,,
2011-10-20,-230.44328515624966,25.600000381469727,0.5,0.9883001086544063,,
2011-10-21,-265.97939453125036,26.299999237060547,0.5,-1.7368453656463967,,
2011-10-24,-211.2886914062501,25.219999313354492,0.5,1.3062174281074956,,
2011-10-25,-112.57549218749955,22.309999465942383,1.0,5.250541532087953,,
2011-10-28,60.586203124999884,20.889999389648438,1.0,9.93226125352651,,
2011-10-31,30.5445039062497,22.65999984741211,1.0,5.399122843794414,,
2011-11-01,-33.885398437500044,24.020000457763672,1.0,0.9629186903772448,,
2011-11-02,-29.457000000000335,24.889999389648438,1.0,1.6969334739450188,,
2011-11-03,-18.67279687500013,24.65999984741211,1.0,1.5702182968641065,,
2011-11-04,2.0257968750001965,23.43000030517578,1.0,4.73926951561609,,
2011-11-08,9.158097656249993,23.709999084472656,1.0,3.3321296036858907,,
2011-11-09,-57.23179296874969,24.299999237060547,1.0,-2.546439415166093,,
2011-11-11,-106.3706992187499,24.739999771118164,1.0,-3.174359521499531,,
2011-11-14,-123.64869921875015,25.290000915527344,0.3333333333333333,-5.1426577903177995,,
2011-11-15,-199.716796875,25.969999313354492,0.0,-10.207629101169111,,
2011-11-16,-233.4898046874996,25.040000915527344,0.0,-10.715332900956545,,
2011-11-17,-324.77880078124963,26.920000076293945,0.0,-14.403454191691722,,
2011-11-18,-348.6173945312503,26.579999923706055,0.0,-13.784644338656863,,
2011-11-21,-470.30190234375004,28.610000610351562,0.0,-17.460163549810165,,
2011-11-22,-431.28910156250004,27.350000381469727,0.0,-14.285588358935588,,
2011-11-23,-531.4758046875004,30.68000030517578,0.0,-17.688208657310938,,
2011-11-24,,27.950000762939453,0.25,-10.653988901436216,,
2011-11-25,-522.1317929687502,29.1200008392334,0.25,-10.716900010265995,,
2011-11-28,-375.80139062499984,26.639999389648438,1.0,-2.4047363720358086,,
2011-11-29,-417.34950000000026,26.8700008392334,0.5,-3.9675115771202085,,
2011-11-30,-385.8973906250003,26.549999237060547,0.5,-1.2461458358256232,,
2011-12-01,-277.80029687499973,25.020000457763672,0.5,2.798607952506311,,
2011-12-02,-161.60289062500033,23.989999771118164,1.0,9.380679233868804,,
2011-12-05,-169.10728906250006,25.020000457763672,1.0,6.402373918619928,,
2011-12-07,-142.3730937500004,26.459999084472656,1.0,6.874669569779941,,
2011-12-08,-256.1364882812504,28.579999923706055,0.5,0.352002375274493,,
2011-12-09,-327.61699609374955,29.530000686645508,0.5,-4.257452602048145,,
2011-12-12,-423.6998945312498,29.270000457763672,0.0,-8.75609758349394,,
2011-12-13,-381.8482968750004,28.110000610351562,0.0,-5.164079841040494,,
2011-12-14,-412.85519531249975,28.790000915527344,0.0,-8.770610779033134,,
2011-12-15,-423.51109765625006,28.809999465942383,0.0,-7.357772455572564,,
2011-12-16,-511.3055000000004,29.690000534057617,0.0,-10.56545019092301,,
2011-12-19,-542.82390234375,30.579999923706055,0.0,-13.553550156209738,,
2011-12-20,-604.2150078124996,30.530000686645508,0.0,-16.725631945989786,,
2011-12-21,-448.8064999999997,27.530000686645508,1.0,-7.320971592173456,,
2011-12-22,-402.39710546874994,26.84000015258789,1.0,-2.8989767572328247,,
2011-12-23,-416.7852031250004,27.389999389648438,1.0,-3.0991628013723114,,
2011-12-26,,26.600000381469727,1.0,1.64613952614993,,
2011-12-27,-375.3580039062499,26.290000915527344,0.5,0.43775052139539655,,
2011-12-28,-415.64139843750036,26.739999771118164,0.0,-2.0054768461310406,,
2011-12-29,-470.15440234375,26.6200008392334,0.0,-5.459026510470854,,
2011-12-30,-486.87259765625004,27.110000610351562,0.0,-6.648294417657972,,
2012-01-02,,27.530000686645508,0.0,-5.803149978083795,,
2012-01-03,-341.43499609374976,26.15999984741211,0.0,1.979240927022355,,
2012-01-04,-351.31209765625044,26.40999984741211,0.0,0.8921062130182897,,
2012-01-05,-344.7986054687499,25.90999984741211,0.0,-1.6337312802577646,,
2012-01-06,-334.3191054687504,25.459999084472656,0.5,-0.06396195657453357,,
2012-01-09,-338.7581953125,25.68000030517578,0.5,0.3113038537117455,,
2012-01-10,-225.6253945312501,24.0,0.5,6.981975880309615,,
2012-01-11,-208.09500390624999,24.540000915527344,0.5,6.985252992980595,,
2012-01-12,-231.2411992187499,24.030000686645508,0.5,7.897025176075033,,
2012-01-13,-190.3623984374999,23.479999542236328,0.5,8.097566053152299,,
2012-01-16,-176.45009374999972,24.06999969482422,0.5,7.352554043488244,,
2012-01-17,-76.95698828125023,22.610000610351562,0.5,12.015726035581293,,
2012-01-18,-82.81818750000002,22.68000030517578,0.5,8.558321301839237,,
2012-01-19,-15.436488281249694,21.68000030517578,1.0,11.184081065141196,,
2012-01-20,18.58410546874984,21.959999084472656,0.5,10.786975416933705,,
2012-01-23,20.54760937500032,22.139999389648438,0.5,8.280252613854849,,
2012-01-24,105.27770703125043,21.420000076293945,0.5,10.592933956790331,,
2012-01-25,139.49741406249996,21.020000457763672,1.0,12.121491419192091,,
2012-01-27,189.16860156250004,21.700000762939453,1.0,11.917583888429892,,
2012-01-30,75.60621093749978,23.459999084472656,1.0,5.205295908715361,,
2012-01-31,190.29520703125036,22.65999984741211,1.0,10.62251483440348,,
2012-02-01,229.93140234375005,22.889999389648438,1.0,10.691148500875574,,
2012-02-02,267.4143085937503,23.690000534057617,1.0,11.11093968253456,,
2012-02-03,325.3565039062496,24.09000015258789,1.0,12.90895064934646,,
2012-02-06,362.6375078125002,24.6200008392334,1.0,13.289141440374376,,
2012-02-07,337.3583085937498,24.90999984741211,1.0,9.054752087579033,,
2012-02-08,371.26910937499997,24.270000457763672,1.0,10.499342617110118,,
2012-02-09,416.30490234374975,23.299999237060547,1.0,11.135825777635551,,
2012-02-10,386.15449999999964,23.829999923706055,1.0,6.747493818065449,,
2012-02-13,394.8713945312502,23.709999084472656,1.0,6.7934040329626395,,
2012-02-14,420.0470039062502,22.709999084472656,1.0,5.74005784515125,,
2012-02-15,533.3817929687502,22.100000381469727,1.0,10.332774600578297,,
2012-02-16,520.15419140625,23.329999923706055,1.0,9.181361036836787,,
2012-02-17,558.5722031249998,24.18000030517578,1.0,9.512022666502826,,
2012-02-21,597.8531015625003,26.25,1.0,11.237109454411405,,
2012-02-22,493.1168945312502,26.799999237060547,1.0,4.284907735427509,,
2012-02-23,467.7838046875004,24.329999923706055,1.0,2.5967426926225063,,
2012-02-24,410.63580468750024,24.81999969482422,1.0,0.30642583941841284,,
2012-02-27,260.7393945312497,27.3799991607666,0.5,-5.385651585930393,,
2012-02-28,351.58839843749956,25.850000381469727,0.5,0.8662850660569551,,
2012-02-29,356.9721914062502,26.93000030517578,1.0,4.526960508592056,,
2012-03-01,307.9943945312498,27.670000076293945,0.5,-1.0233959475155936,,
2012-03-02,324.31089062499996,27.84000015258789,1.0,1.1626760429417884,,
2012-03-05,242.17928906250017,28.920000076293945,1.0,-3.9578105103203582,,
2012-03-06,181.16669531250045,27.34000015258789,0.5,-4.510935872080293,,
2012-03-07,175.43578515624995,26.329999923706055,0.5,-3.5089475317020575,,
2012-03-09,285.2237968749996,25.469999313354492,1.0,2.765406564971048,,
2012-03-12,308.3553984375003,26.270000457763672,1.0,3.898969007703586,,
2012-03-13,375.1895937500003,24.75,1.0,8.099156460848391,,
2012-03-14,406.01589843750025,24.719999313354492,1.0,8.990218922512321,,
2012-03-15,320.08639453125033,25.420000076293945,1.0,3.1738154820555318,,
2012-03-16,255.94029687500006,23.1299991607666,1.0,-1.2214236965000222,,
2012-03-19,194.2598007812503,22.969999313354492,1.0,-4.0902557516818385,,
2012-03-20,210.33689453125044,21.940000534057617,1.0,-1.3465728877396843,,
2012-03-21,297.09178906249963,21.0,1.0,3.443713091849353,,
2012-03-22,158.29178906250036,24.770000457763672,1.0,-2.8187801975778064,,
2012-03-23,205.9165859374998,23.34000015258789,1.0,1.8755434747090705,,
2012-03-26,111.09799218749959,26.739999771118164,0.5,-4.8291007934198555,,
2012-03-27,168.72669531249994,25.049999237060547,1.0,-0.13290064916169678,,
2012-03-28,119.02439453125044,24.8700008392334,1.0,-3.1996459856777535,,
2012-03-29,102.81529296875033,24.329999923706055,1.0,-1.70880126100907,,
2012-03-30,218.21660156249982,22.3799991607666,1.0,6.0564353319016755,,
2012-04-02,237.41269921875028,20.8799991607666,1.0,7.31890163519228,,
2012-04-03,274.0867968749999,20.010000228881836,1.0,9.988192246975503,,
2012-04-04,234.58669921875025,20.6299991607666,1.0,7.263066383889046,,
2012-04-09,143.98149999999987,22.329999923706055,1.0,0.30614522318194193,,
2012-04-10,150.8000937500001,21.920000076293945,1.0,0.7959370007852256,,
2012-04-11,132.35889453125037,22.290000915527344,1.0,-0.6215060902666345,,
2012-04-12,179.69009375000041,21.780000686645508,1.0,3.6733131988727568,,
2012-04-13,107.42658984374975,22.75,1.0,2.459983526350437,,
2012-04-16,122.54418749999968,22.229999542236328,0.8,3.285441067013995,,
2012-04-17,181.73698437500025,20.309999465942383,1.0,6.506269963920544,,
2012-04-18,188.7411874999998,20.030000686645508,1.0,8.77785724320772,,
2012-04-19,218.31869140624985,19.350000381469727,1.0,9.545519562624499,,
2012-04-20,174.2368867187497,20.09000015258789,1.0,5.082697823965496,,
2012-04-23,83.17728515625004,21.56999969482422,0.5,-1.47779268948278,,
2012-04-24,104.06869140624985,19.25,0.0,-0.6636485641222739,,
2012-04-25,82.86118749999969,18.940000534057617,1.0,-3.270257916100044,,
2012-04-26,69.29518749999988,18.739999771118164,1.0,-4.312029204081854,,
2012-04-27,69.67048437500034,17.889999389648438,1.0,-0.8007511669760605,,
2012-04-30,126.34828906250004,17.81999969482422,1.0,4.253930863383227,,
2012-05-02,116.17028906250016,18.540000915527344,1.0,1.8441252518590021,,
2012-05-03,64.31269140625045,19.25,1.0,-2.309352066660819,,
2012-05-04,-37.145113281249905,21.1200008392334,1.0,-7.707651690904309,,
2012-05-07,-9.22570703124984,20.219999313354492,1.0,-3.9426241107398865,,
2012-05-08,-120.53941406250033,22.15999984741211,1.0,-9.589419726969002,,
2012-05-09,-142.87540234374956,23.040000915527344,0.3333333333333333,-11.664070685701912,,
2012-05-10,-149.63701171874982,22.719999313354492,0.0,-8.634239651937927,,
2012-05-11,-183.80090234374984,22.479999542236328,0.0,-11.973468806131034,,
2012-05-14,-202.0373984375001,23.260000228881836,0.3333333333333333,-10.705565386834483,,
2012-05-15,-164.30619531249977,22.280000686645508,0.5,-7.486371680137302,,
2012-05-16,-245.40719921875007,23.709999084472656,0.14285714285714285,-11.034304101930521,,
2012-05-17,-230.65020703124992,23.59000015258789,0.0,-9.937157901579518,,
2012-05-18,-207.18100781249996,23.549999237060547,0.3333333333333333,-7.221311010383241,,
2012-05-21,,23.920000076293945,0.5,-4.2719817357681045,,
2012-05-22,-235.82840234374999,24.389999389648438,0.0,-5.858894147446631,,
2012-05-23,-258.8156992187496,27.1299991607666,0.25,-7.520913393365426,,
2012-05-24,-172.19329687499976,25.489999771118164,0.5,-1.608020049117163,,
2012-05-25,-173.0784960937499,25.139999389648438,1.0,-0.7701982220049509,,
2012-05-28,-108.4672968750001,23.68000030517578,1.0,5.006201454723226,,
2012-05-29,-105.7111015624996,24.030000686645508,1.0,5.005073917500821,,
2012-05-30,-146.1683984375004,25.299999237060547,0.5,1.731424114318852,,
2012-05-31,-174.41079687500041,25.25,1.0,2.325710638988152,,
2012-06-01,-258.11310156249965,26.770000457763672,0.5,-4.09714584082788,,
2012-06-04,-251.5380976562501,25.600000381469727,0.5,-4.624937506131902,,
2012-06-05,-236.85379296874999,26.260000228881836,0.5,-1.7840397777442818,,
2012-06-06,-104.37390234375016,24.899999618530273,0.5,4.903967454572865,,
2012-06-07,-52.72649609375003,23.639999389648438,1.0,7.466882462832346,,
2012-06-08,-34.171902343749935,23.469999313354492,0.0,7.01835837868101,,
2012-06-11,-48.54150390625,25.020000457763672,0.5,3.0150204916480963,,
2012-06-12,12.831902343749789,24.200000762939453,0.5,7.375925856802991,,
2012-06-13,16.959792968749753,24.360000610351562,0.5,3.307575701020627,,
2012-06-14,-51.24480078124998,25.709999084472656,0.5,-2.2028926082558544,,
2012-06-15,30.059406250000393,25.540000915527344,1.0,4.561269684154305,,
2012-06-18,-46.8495976562499,22.600000381469727,0.0,-2.2680520766010273,,
2012-06-19,-9.97430078125035,21.43000030517578,1.0,3.780684664599163,,
2012-06-20,3.7318085937504293,21.030000686645508,1.0,4.366014725581134,,
2012-06-21,44.074804687499636,19.940000534057617,1.0,7.754012048202748,,
2012-06-22,20.861011718749978,20.579999923706055,1.0,6.52600985762043,,
2012-06-25,-15.102488281249862,21.56999969482422,0.5,2.43037170168944,,
2012-06-26,-12.373785156250051,20.229999542236328,1.0,3.2612132104731786,,
2012-06-27,5.4619140625,20.3700008392334,1.0,6.48644717220533,,
2012-06-28,9.23071484375032,20.6200008392334,1.0,5.125274959077087,,
2012-06-29,134.75351562499964,19.079999923706055,1.0,11.647952239244894,,
2012-07-02,129.87130859374975,19.010000228881836,1.0,10.439233650291277,,
2012-07-03,134.08780468749956,18.559999465942383,1.0,10.177554804783771,,
2012-07-04,143.26141406250008,18.270000457763672,1.0,9.599817567550357,,
2012-07-05,163.51541406249999,18.350000381469727,1.0,10.399850737086656,,
2012-07-06,148.62740234374996,18.040000915527344,1.0,5.781696057616352,,
2012-07-09,102.6255117187502,18.719999313354492,1.0,-1.6331577710411718,,
2012-07-10,168.09570703124973,17.829999923706055,1.0,5.754689096420864,,
2012-07-11,124.53741406249992,18.389999389648438,1.0,2.7083819879807054,,
2012-07-12,50.402007812500415,18.709999084472656,1.0,-0.5113238280157886,,
2012-07-13,39.4716093750003,18.260000228881836,1.0,-3.1456285865583746,,
2012-07-16,6.543609375000415,18.770000457763672,1.0,-4.210059752638671,,
2012-07-17,-0.4710937500003638,17.780000686645508,0.6666666666666666,-5.444594343068005,,
2012-07-18,20.239414062500146,17.440000534057617,1.0,-1.7273953716010926,,
2012-07-19,44.43660156250007,16.3799991607666,1.0,0.950312877780926,,
2012-07-20,4.84210156249992,16.889999389648438,1.0,-2.677016736361063,,
2012-07-23,-83.10420312499991,18.65999984741211,0.6666666666666666,-7.8266500570226905,,
2012-07-24,-73.49100390624972,16.969999313354492,1.0,-5.494531864836746,,
2012-07-25,-92.59790234375032,16.75,0.6666666666666666,-7.222798798502793,,
2012-07-26,-158.52319921875005,16.3700008392334,0.0,-9.364108107865922,,
2012-07-27,-101.20550390624976,16.440000534057617,0.5,-4.206997542799388,,
2012-07-30,-1.2165937500003565,16.600000381469727,1.0,2.1942747377095957,,
2012-07-31,26.850000000000364,16.010000228881836,1.0,4.522588421762398,,
2012-08-01,38.02000000000044,16.450000762939453,1.0,3.8821177996237797,,
2012-08-02,25.333601562500007,16.770000457763672,1.0,2.812641836055819,,
2012-08-03,13.717394531249738,16.1200008392334,1.0,1.3921615022274874,,
2012-08-06,80.91340624999975,16.219999313354492,1.0,3.8663139563679456,,
2012-08-07,135.26339453125001,16.209999084472656,1.0,6.617893237028322,,
2012-08-08,136.5403984374998,16.3700008392334,0.875,7.778276284841355,,
2012-08-09,121.85219140625031,16.329999923706055,0.9,8.727680596688382,,
2012-08-10,120.03750000000036,16.06999969482422,0.9,7.3226477609268565,,
2012-08-13,147.80710156250007,16.010000228881836,1.0,8.718529986212884,,
2012-08-14,180.33609765624988,15.640000343322754,1.0,10.95152453417418,,
2012-08-16,163.36099218750041,15.6899995803833,1.0,8.23306552796069,,
2012-08-17,168.03580468749988,15.729999542236328,1.0,7.281599068331473,,
2012-08-21,223.54360156250004,16.299999237060547,1.0,9.04858105590757,,
2012-08-22,216.60529687500002,16.0,0.6666666666666666,6.130657227560738,,
2012-08-23,220.6396953125004,16.1200008392334,1.0,4.652355913458784,,
2012-08-24,192.93899218749993,16.15999984741211,0.6666666666666666,1.4428366564662756,,
2012-08-27,157.55319531250007,16.469999313354492,0.75,-0.09222455380032092,,
2012-08-28,,16.350000381469727,0.7142857142857143,-2.4390928167457187,,
2012-08-29,96.23499999999967,16.739999771118164,0.25,-5.8138032137010445,,
2012-08-30,123.21420312499959,16.670000076293945,1.0,-2.393111720300852,,
2012-08-31,67.60039843750019,17.299999237060547,1.0,-6.503455043882518,,
2012-09-03,63.902000000000044,17.280000686645508,1.0,-4.593735944994786,,
2012-09-04,84.67799999999988,16.59000015258789,1.0,-0.6676021368139136,,
2012-09-05,37.44739453125021,17.010000228881836,0.6,-3.6371290210295677,,
2012-09-06,50.482703124999716,16.979999542236328,0.75,-0.9758328353878263,,
2012-09-07,153.2252968749999,15.260000228881836,1.0,5.928864043773601,,
2012-09-10,173.43139453124968,15.270000457763672,1.0,6.123616035814765,,
2012-09-11,199.5295976562502,15.380000114440918,1.0,5.737504029302989,,
2012-09-12,239.9579960937499,15.039999961853027,1.0,7.78523056942972,,
2012-09-13,244.26129296875024,15.670000076293945,1.0,7.824279556806133,,
2012-09-14,385.6510976562504,15.380000114440918,1.0,10.219865091932293,,
2012-09-17,416.16519531250015,17.780000686645508,1.0,8.54352598430824,,
2012-09-18,403.9578007812497,17.829999923706055,1.0,7.535612168979467,,
2012-09-20,355.78039453124984,18.6200008392334,1.0,3.438228138255925,,
2012-09-21,489.3498984375001,18.93000030517578,1.0,7.540368476754851,,
2012-09-24,465.3628945312503,18.829999923706055,1.0,5.623937844617604,,
2012-09-25,466.09910156250044,17.110000610351562,1.0,4.05594914559622,,
2012-09-26,452.5673945312501,16.969999313354492,1.0,3.5003220282150895,,
2012-09-27,434.89519921875035,16.90999984741211,1.0,2.682081659448709,,
2012-09-28,485.01380468749994,16.15999984741211,1.0,7.830794085003493,,
2012-10-01,496.3214062500001,16.34000015258789,1.0,7.679740615002857,,
2012-10-03,504.3524023437503,16.5,1.0,7.919787775911429,,
2012-10-04,556.7660976562502,16.440000534057617,1.0,8.661644543927533,,
2012-10-05,512.6837929687499,16.780000686645508,1.0,5.450436445031616,,
2012-10-08,439.19359765624995,17.170000076293945,1.0,1.7321752732076834,,
2012-10-09,464.7400937499997,16.799999237060547,1.0,4.871779768988106,,
2012-10-10,408.94789843750004,16.829999923706055,1.0,-0.1958165526460984,,
2012-10-11,461.13220312500016,16.489999771118164,1.0,3.65796827510774,,
2012-10-12,425.53860546874967,16.489999771118164,1.0,3.174701315997242,,
2012-10-15,433.4556015625003,15.899999618530273,1.0,1.3247556221795602,,
2012-10-16,390.68120312500014,15.569999694824219,1.0,-0.1888363091258154,,
2012-10-17,399.45880468749965,15.170000076293945,1.0,0.7545884743516061,,
2012-10-18,454.47699999999986,14.760000228881836,1.0,4.799208751742226,,
2012-10-19,416.95280468750025,14.539999961853027,1.0,-0.2551928394836366,,
2012-10-22,446.7747070312498,13.039999961853027,1.0,4.336660404058846,,
2012-10-23,417.82030859375027,13.710000038146973,1.0,0.27544942150269,,
2012-10-25,427.68261328125027,13.520000457763672,1.0,1.8617313448658381,,
2012-10-29,384.4393046875002,15.119999885559082,1.0,-0.8404016269279523,,
2012-10-30,313.57191015624994,15.170000076293945,0.5,-4.5057831493046905,,
2012-10-31,331.92660156249985,14.399999618530273,1.0,-0.5956407585220166,,
2012-11-01,353.6406132812499,14.079999923706055,1.0,4.058112106663807,,
2012-11-02,402.6946015624999,13.65999984741211,1.0,7.138455359997662,,
2012-11-05,405.4741992187501,14.630000114440918,1.0,4.74964529454354,,
2012-11-06,421.3859062499996,15.210000038146973,1.0,6.613346150081079,,
2012-11-07,451.7001015625001,14.510000228881836,1.0,9.956374122793612,,
2012-11-08,425.3532031249997,14.220000267028809,1.0,5.055215191376589,,
2012-11-09,367.3628046875001,14.369999885559082,1.0,-0.22755120705552154,,
2012-11-12,359.1417968750002,14.859999656677246,1.0,-0.367996442136336,,
2012-11-15,301.11920312500024,15.529999732971191,1.0,-3.0283607253842764,,
2012-11-16,239.00780859375027,16.219999313354492,1.0,-7.023204229859864,,
2012-11-19,231.04910546874999,16.68000030517578,1.0,-7.928076188067163,,
2012-11-20,226.16900781250024,15.8100004196167,1.0,-7.941153244782225,,
2012-11-21,263.3666093749998,15.460000038146973,1.0,-3.7700344730036357,,
2012-11-22,270.2564062499996,14.90999984741211,1.0,-2.5391191142757012,,
2012-11-23,263.2253046875003,14.680000305175781,1.0,-1.8956429116801186,,
2012-11-26,266.32191015624994,14.670000076293945,1.0,2.0853830722617235,,
2012-11-27,350.73780078125037,13.960000038146973,1.0,6.978949786395959,,
2012-11-29,441.0588046875,15.369999885559082,1.0,9.164595279778514,,
2012-11-30,488.23330078125036,15.149999618530273,1.0,12.225577956182423,,
2012-12-03,472.25099609374956,15.619999885559082,1.0,10.184563782331072,,
2012-12-04,483.35760156250035,15.90999984741211,1.0,6.696461276452693,,
2012-12-05,487.0096015625004,16.6200008392334,1.0,5.6607410443703845,,
2012-12-06,509.3563046874997,15.239999771118164,1.0,7.722424490848497,,
2012-12-07,477.32990625,14.960000038146973,1.0,3.954710947057859,,
2012-12-10,470.34390625000015,14.510000228881836,1.0,1.5993089566837018,,
2012-12-11,451.9598085937496,14.670000076293945,1.0,-0.6914744899860636,,
2012-12-12,434.0328046875002,14.510000228881836,1.0,-1.1112064008976887,,
2012-12-13,391.1180039062501,14.710000038146973,1.0,-4.18189614618902,,
2012-12-14,412.72810156250034,14.229999542236328,1.0,-0.6942786650637414,,
2012-12-17,384.5975078125002,14.920000076293945,1.0,-0.022591635052151574,,
2012-12-18,417.2502109375,14.4399995803833,1.0,2.7087886622300594,,
2012-12-19,443.58530468749996,14.470000267028809,1.0,6.398099814551869,,
2012-12-20,423.49191015625,14.319999694824219,1.0,2.507536211906072,,
2012-12-21,349.1229999999996,14.630000114440918,0.5,-4.675652190258673,,
2012-12-24,350.84080468750017,14.489999771118164,0.5,-3.643715428393459,,
2012-12-26,394.2769023437504,14.100000381469727,1.0,0.4733237404053544,,
2012-12-27,352.78049999999985,13.739999771118164,1.0,-2.5218260305774396,,
2012-12-28,385.08369921874964,13.630000114440918,1.0,1.754869611345734,,
2012-12-31,375.76129687499997,14.949999809265137,1.0,1.6176205911010548,,
2013-01-01,,13.6899995803833,1.0,5.868962301809956,,
2013-01-02,456.88239843750034,13.710000038146973,1.0,7.165514610571783,,
2013-01-03,466.0227968749996,13.470000267028809,1.0,6.771784681376913,,
2013-01-04,465.6786992187499,13.369999885559082,1.0,7.358732921126566,,
2013-01-07,431.21469921874996,13.920000076293945,1.0,3.6571451172853693,,
2013-01-08,438.73258984375025,13.270000457763672,1.0,1.719482368688028,,
2013-01-09,402.98919531249976,13.319999694824219,1.0,-0.5931507892552512,,
2013-01-10,394.6935000000003,13.270000457763672,1.0,-2.485305191208843,,
2013-01-11,372.1534023437498,13.229999542236328,0.5,-7.669795156443602,,
2013-01-14,439.3294023437502,13.699999809265137,1.0,-3.366196037090216,,
2013-01-15,465.9624960937499,13.579999923706055,1.0,-0.3905240303465385,,
2013-01-16,405.39889453125033,13.989999771118164,1.0,-5.228610570283535,,
2013-01-17,437.19819140624986,14.010000228881836,1.0,-3.3688631938683455,,
2013-01-18,456.3330976562502,13.890000343322754,1.0,-4.029069885892283,,
2013-01-21,467.4566015624996,13.65999984741211,1.0,-2.205602633911867,,
2013-01-22,427.0867968749999,13.890000343322754,1.0,-4.168220336836983,,
2013-01-23,426.0302031250003,13.670000076293945,1.0,-3.5921802755938947,,
2013-01-24,384.4684960937502,14.460000038146973,0.5,-5.302692952758642,,
2013-01-25,432.90149999999994,14.770000457763672,1.0,0.5705239477429329,,
2013-01-28,426.39460546875034,15.170000076293945,1.0,0.2849741390623995,,
2013-01-29,394.7363046874998,14.470000267028809,1.0,-2.4941120680398567,,
2013-01-30,393.08400390624956,14.380000114440918,1.0,-1.4951826011235185,,
2013-01-31,364.83160546875024,14.130000114440918,1.0,-0.6778766736465146,,
2013-02-01,321.8671093749999,13.760000228881836,1.0,-1.1000809148016941,,
2013-02-04,302.66320703124984,14.34000015258789,1.0,-2.536429839383205,,
2013-02-05,265.45671093750025,14.609999656677246,1.0,-5.529806232222624,,
2013-02-06,261.6818007812499,14.260000228881836,1.0,-5.069841462727601,,
2013-02-07,235.60301171875017,14.890000343322754,0.5,-5.784415742231674,,
2013-02-08,194.99920703125008,15.15999984741211,0.5,-9.823612880007737,,
2013-02-11,183.98850390625012,15.649999618530273,0.0,-8.219319629097239,,
2013-02-12,202.98400781249984,15.3100004196167,0.5,-3.9976251510795566,,
2013-02-13,208.23099999999977,15.140000343322754,0.6666666666666666,-3.8162387599741825,,
2013-02-14,167.7489999999998,15.09000015258789,0.6666666666666666,-4.395104439978877,,
2013-02-15,153.80350781250036,15.239999771118164,1.0,-4.68690363270999,,
2013-02-18,160.00180078124959,16.290000915527344,1.0,-4.7438302449445375,,
2013-02-19,196.5473984375003,15.8100004196167,1.0,1.209593435954473,,
2013-02-20,195.13580859374997,15.600000381469727,1.0,-0.10124173421906824,,
2013-02-21,100.56080468750042,16.940000534057617,0.5,-6.81010687345197,,
2013-02-22,94.71181249999972,16.790000915527344,1.0,-3.5719056237334277,,
2013-02-25,95.2544062500001,16.729999542236328,1.0,-4.922468237600078,,
2013-02-26,-0.8682968749999418,17.360000610351562,0.6666666666666666,-9.663837648945522,,
2013-02-27,31.609109375000116,16.229999542236328,0.5,-4.815867167319061,,
2013-02-28,-74.46258593750008,14.859999656677246,0.25,-8.303891318715598,,
2013-03-01,-50.47619531249984,14.0600004196167,0.3333333333333333,-4.430456533494578,,
2013-03-04,-74.4623906249999,13.670000076293945,0.0,-5.62491898195011,,
2013-03-05,7.316007812500175,13.390000343322754,1.0,1.761429923859006,,
2013-03-06,37.63770312500037,13.399999618530273,1.0,0.8957153922482772,,
2013-03-07,77.4990117187499,13.069999694824219,1.0,3.096494411839501,,
2013-03-08,154.36380078124967,13.34000015258789,1.0,9.260768155141413,,
2013-03-11,145.66690234374983,14.25,1.0,4.48608303602479,,
2013-03-12,111.9097031250003,15.130000114440918,0.5,-0.32956842507062933,,
2013-03-13,44.107398437499796,16.200000762939453,1.0,-4.269646893239608,,
2013-03-14,97.32259765624985,14.65999984741211,1.0,1.0521070873494152,,
2013-03-15,56.89930078124962,15.15999984741211,1.0,0.1335421623767936,,
2013-03-18,15.987203124999724,15.850000381469727,1.0,-3.708920048964444,,
2013-03-19,-75.83220312499998,16.709999084472656,0.5,-8.852752767334549,,
2013-03-20,-129.45489453124992,16.65999984741211,0.0,-10.334070446000995,,
2013-03-21,-165.75359765625035,16.510000228881836,0.0,-11.182421274000815,,
2013-03-22,-173.48430078124966,15.539999961853027,0.0,-12.240162860546121,,
2013-03-25,-191.25470312499965,16.360000610351562,0.0,-12.741951431355918,,
2013-03-26,-184.20350390625026,15.800000190734863,0.0,-10.243414807473023,,
2013-03-28,-143.18499609374976,15.220000267028809,0.5,-4.926430297023378,,
2013-04-01,-121.61329687499983,14.850000381469727,0.0,-3.121624788473672,,
2013-04-02,-78.50670312500006,14.100000381469727,0.6666666666666666,0.9004888094306347,,
2013-04-03,-153.78249609374961,14.869999885559082,0.5,-5.263236428647667,,
2013-04-04,-251.33439843749966,15.850000381469727,0.0,-10.669920714348095,,
2013-04-05,-271.634,16.15999984741211,1.0,-8.184480584466622,,
2013-04-08,-280.5270078125004,16.770000457763672,1.0,-7.241847750927236,,
2013-04-09,-326.4879062500004,16.81999969482422,1.0,-9.561511796213194,,
2013-04-10,-261.05660937500033,16.489999771118164,0.5,-4.7321460150835195,,
2013-04-11,-224.533203125,16.969999313354492,0.5,-3.689937648704697,,
2013-04-12,-288.80379687500044,16.450000762939453,0.5,-1.7463126216674778,,
2013-04-15,-247.86409765625012,16.610000610351562,0.3333333333333333,-1.9742557813643002,,
2013-04-16,-127.60820703124955,16.25,1.0,5.475608906156487,,
2013-04-17,-127.70341015625036,16.360000610351562,1.0,5.570952741400762,,
2013-04-18,-34.15991015624968,15.359999656677246,1.0,9.103506788418807,,
2013-04-22,15.962695312499818,16.219999313354492,1.0,9.811960099615387,,
2013-04-23,16.951496093750393,15.069999694824219,1.0,7.846149172412589,,
2013-04-25,94.30299999999988,14.199999809265137,1.0,10.783212959246665,,
2013-04-26,48.23139062500013,13.880000114440918,1.0,5.731719693929086,,
2013-04-29,79.12249218750003,14.329999923706055,1.0,7.416861567760162,,
2013-04-30,103.51818749999984,15.100000381469727,1.0,6.97743219180377,,
2013-05-02,170.20448828124972,16.280000686645508,1.0,9.526989975112176,,
2013-05-03,112.9447890624997,15.550000190734863,1.0,6.52208270690996,,
2013-05-06,137.55099609374975,15.84000015258789,1.0,8.427158578380878,,
2013-05-07,206.48579687500023,16.5,1.0,11.804038836857085,,
2013-05-08,228.63900000000012,16.760000228881836,1.0,9.839668139246704,,
2013-05-09,206.24829687500005,16.600000381469727,1.0,6.232455750292757,,
2013-05-10,247.67199609374984,16.860000610351562,1.0,6.190191068421346,,
2013-05-13,131.1621914062498,17.510000228881836,1.0,-0.5716618531098122,,
2013-05-14,143.94389843750014,17.170000076293945,1.0,1.5322766656374278,,
2013-05-15,292.2007968750004,18.1299991607666,1.0,7.617317271885173,,
2013-05-16,311.90149999999994,17.739999771118164,1.0,7.505077767906051,,
2013-05-17,325.2930039062503,17.56999969482422,1.0,7.049609082832223,,
2013-05-20,291.1075039062498,17.709999084472656,1.0,3.22240743140818,,
2013-05-21,244.44289843749993,17.8799991607666,1.0,-0.45439391975694604,,
2013-05-22,220.67919921875,17.719999313354492,1.0,-1.280867752528411,,
2013-05-23,90.06380468750012,18.729999542236328,1.0,-5.957073615705067,,
2013-05-24,103.26780468749985,17.700000762939453,1.0,-3.6012420492132353,,
2013-05-27,199.12110156250037,17.030000686645508,1.0,3.4171655960982665,,
2013-05-28,223.35319921874998,17.1200008392334,1.0,4.795862760444037,,
2013-05-29,212.58140625000033,17.860000610351562,1.0,3.0147968039996655,,
2013-05-30,228.42620703124976,16.040000915527344,1.0,3.3757428396360902,,
2013-05-31,88.25859765624955,16.989999771118164,0.5,-2.8743922221159304,,
2013-06-03,40.693808593749964,17.290000915527344,0.0,-5.8063209090039445,,
2013-06-04,20.52739843749987,17.260000228881836,1.0,-4.205171652821408,,
2013-06-05,24.504101562500182,16.780000686645508,1.0,-3.986049534126606,,
2013-06-06,21.796707031249753,17.350000381469727,0.5,-3.9885859824672227,,
2013-06-07,-18.4471953125003,17.350000381469727,1.0,-7.445206712927731,,
2013-06-10,-21.0239960937497,18.110000610351562,0.0,-6.636987310577234,,
2013-06-11,-109.275390625,19.489999771118164,0.0,-8.884807799563191,,
2013-06-12,-136.68540234374996,18.850000381469727,0.0,-9.633024563278976,,
2013-06-13,-196.18790234374956,19.440000534057617,0.0,-13.88156555177371,,
2013-06-14,-86.25129687499975,18.350000381469727,0.5,-5.357644542360302,,
2013-06-17,-44.58979296874986,18.18000030517578,0.5,-1.2926182619311535,,
2013-06-18,-80.51149999999961,18.290000915527344,0.5,-2.6939603961254903,,
2013-06-19,-71.57639843749985,18.459999084472656,0.5,-2.3859675968299467,,
2013-06-20,-235.99929687500025,19.190000534057617,0.5,-8.315791670133596,,
2013-06-21,-222.15369531249962,19.030000686645508,0.5,-7.712920457382032,,
2013-06-24,-296.94439843750024,21.010000228881836,0.5,-12.67420764694894,,
2013-06-25,-276.1854999999996,21.139999389648438,0.5,-10.187988074776403,,
2013-06-26,-294.44900390625025,21.06999969482422,0.0,-9.971990242998874,,
2013-06-27,-199.0131015625002,18.850000381469727,0.0,-5.067992016999075,,
2013-06-28,-38.93980468750033,17.950000762939453,1.0,1.8534610770007607,,
2013-07-01,17.786097656249694,18.09000015258789,1.0,5.334649972091533,,
2013-07-02,-23.13379296874973,18.209999084472656,0.5,1.637440886256707,,
2013-07-03,-108.0048945312501,18.90999984741211,0.5,-3.751184729426334,,
2013-07-04,-40.57420312500017,18.579999923706055,1.0,-0.7055147786215439,,
2013-07-05,-8.438496093749563,18.670000076293945,1.0,1.2409424538551017,,
2013-07-08,-63.37379296875042,19.34000015258789,0.6666666666666666,-0.9846834468458273,,
2013-07-09,-14.781996093750422,19.31999969482422,1.0,4.103440816217054,,
2013-07-10,-55.84340234375031,19.979999542236328,0.5,2.084633395086679,,
2013-07-11,62.82489843750045,18.889999389648438,1.0,6.978336414161832,,
2013-07-12,136.26319921874983,18.690000534057617,1.0,6.982275247950589,,
2013-07-15,158.00900390624975,18.790000915527344,1.0,7.349134293777755,,
2013-07-16,83.27000000000044,18.989999771118164,0.8571428571428571,4.012928058545435,,
2013-07-17,101.54820703125006,19.360000610351562,0.7777777777777778,3.465122956991719,,
2013-07-18,166.30741015624972,18.270000457763672,1.0,5.9260096920841345,,
2013-07-19,157.7393984375003,18.1299991607666,0.8333333333333334,4.848553384432473,,
2013-07-22,160.74300781249985,17.6299991607666,0.75,3.421543678172023,,
2013-07-23,206.50860937499965,16.719999313354492,1.0,6.253990282140748,,
2013-07-24,119.7192031249997,16.90999984741211,0.5714285714285714,2.3896284126606098,,
2013-07-25,37.61400390625022,16.719999313354492,0.5,-2.226667662368595,,
2013-07-26,17.821796874999563,16.780000686645508,0.25,-3.821818996483397,,
2013-07-29,-34.783296874999905,18.25,0.25,-5.854215542577325,,
2013-07-30,-109.02459375000035,18.1200008392334,0.3,-10.06253998938145,,
2013-07-31,-119.56439843750013,18.770000457763672,0.3333333333333333,-8.778441809493913,,
2013-08-01,-131.2591015625003,19.809999465942383,0.2857142857142857,-9.18236148049502,,
2013-08-02,-178.64129687500008,20.889999389648438,0.2,-10.6037503022232,,
2013-08-05,-168.72649609375003,20.799999237060547,0.6,-7.039432065455342,,
2013-08-06,-308.5591992187501,22.729999542236328,0.2222222222222222,-12.486808053554375,,
2013-08-07,-328.1883007812503,22.040000915527344,0.0,-11.489206589271761,,
2013-08-08,-278.6532968749998,21.190000534057617,0.0,-5.582078118495073,,
2013-08-12,-229.57449609374999,21.280000686645508,0.6666666666666666,-1.839882096950512,,
2013-08-13,-141.08619140624978,19.260000228881836,1.0,2.8582782843132204,,
2013-08-14,-96.6445898437496,18.700000762939453,1.0,3.9749549598926355,,
2013-08-16,-327.6934960937497,23.639999389648438,0.16666666666666666,-3.111400487360575,,
2013-08-19,-416.93599218750023,25.59000015258789,0.0,-7.818418580567746,,
2013-08-20,-426.34819921874987,27.229999542236328,0.0,-8.760524293191793,,
2013-08-21,-520.4833867187499,28.09000015258789,0.0,-12.440428967156924,,
2013-08-22,-410.3329960937499,29.059999465942383,0.0,-4.1785327913102055,,
2013-08-23,-343.26279296874964,25.75,0.25,0.3993822616552894,,
2013-08-26,-335.50679296875023,26.3799991607666,1.0,1.9631309413543285,,
2013-08-27,-520.0538007812502,29.420000076293945,0.0,-5.484711047982827,,
2013-08-28,-517.9459960937502,32.380001068115234,0.3333333333333333,-5.5783999483495865,,
2013-08-29,-391.0777890625004,29.40999984741211,0.5,0.34494549680488734,,
2013-08-30,-325.72698828124976,27.809999465942383,0.6666666666666666,3.7367735882949105,,
2013-09-02,-245.63839453125001,27.549999237060547,0.6666666666666666,6.875542026786747,,
2013-09-03,-451.9121992187502,32.4900016784668,0.125,-1.1018292508108485,,
2013-09-04,-343.25909765624965,31.110000610351562,0.5,5.462139703882038,,
2013-09-05,-196.87860156250008,28.530000686645508,0.5,7.196296121358032,,
2013-09-06,-108.32329296875014,28.649999618530273,1.0,8.251515008383846,,
2013-09-10,107.75920312499966,29.440000534057617,1.0,12.387603188677694,,
2013-09-11,124.41950781250034,29.75,1.0,12.498948063463567,,
2013-09-12,62.70300000000043,29.709999084472656,1.0,6.226412051924732,,
2013-09-13,63.11090234375024,28.290000915527344,1.0,6.7307007697565995,,
2013-09-16,53.14581249999992,28.81999969482422,1.0,3.8705733570735794,,
2013-09-17,63.266203125000175,27.93000030517578,0.5,3.348650928514746,,
2013-09-18,112.30140234374994,27.690000534057617,0.5,8.376168941512068,,
2013-09-19,326.1586132812499,24.5,1.0,13.398683679418967,,
2013-09-20,220.5797070312501,24.729999542236328,0.5,9.326195737706424,,
2013-09-23,96.66680859374992,27.020000457763672,1.0,3.4487056035779795,,
2013-09-24,97.49740234374985,26.719999313354492,1.0,2.27621367565471,,
2013-09-25,77.11730468750011,25.68000030517578,1.0,1.6805384618993078,,
2013-09-26,83.53000781250012,24.0,1.0,0.8295314688267058,,
2013-09-27,32.94740234374967,24.059999465942383,1.0,-1.321292434596333,,
2013-09-30,-65.3749882812499,26.649999618530273,1.0,-5.990148355578821,,
2013-10-01,-21.230187500000284,25.770000457763672,1.0,-3.2646668363826703,,
2013-10-03,107.12740234374996,25.170000076293945,1.0,2.965272588414183,,
2013-10-04,102.85181250000005,26.1299991607666,1.0,2.9715866632479675,,
2013-10-07,99.0507109375003,26.829999923706055,1.0,4.067661815384701,,
2013-10-08,118.29951171875018,26.549999237060547,1.0,3.5099051216783916,,
2013-10-09,193.63380468749983,25.8700008392334,1.0,7.053558735918686,,
2013-10-10,202.92700390625032,25.8799991607666,1.0,5.952911693024379,,
2013-10-11,273.87700390625014,23.59000015258789,1.0,5.052382294292673,,
2013-10-14,286.2274023437503,22.850000381469727,1.0,5.042858240784914,,
2013-10-15,258.09301171874995,23.239999771118164,1.0,3.3987021970058375,,
2013-10-17,211.07370312500007,21.059999465942383,0.5,0.7807563430047746,,
2013-10-18,350.57050390625045,20.1200008392334,1.0,8.456982462458457,,
2013-10-21,362.04060156250034,20.18000030517578,1.0,9.101167469284192,,
2013-10-22,356.5326132812497,19.959999084472656,1.0,9.082773383959793,,
2013-10-23,329.33130468750005,20.350000381469727,1.0,5.7949964050580105,,
2013-10-24,312.711703125,20.639999389648438,1.0,3.1049970586838254,,
2013-10-25,291.4327070312502,20.420000076293945,1.0,1.267724866195856,,
2013-10-28,245.79570312499982,21.290000915527344,0.5,-2.4173160185670293,,
2013-10-29,363.06110937500034,19.760000228881836,1.0,4.931286893899708,,
2013-10-30,391.2894023437502,19.530000686645508,1.0,7.125598367736126,,
2013-10-31,436.34071093750026,18.389999389648438,1.0,7.83003502814774,,
2013-11-01,441.48540234375014,18.639999389648438,1.0,7.31548320484815,,
2013-11-05,385.17830859375044,19.940000534057617,1.0,4.349031713057576,,
2013-11-06,345.80550781249985,20.25,1.0,0.8310259470471049,,
2013-11-07,316.9620039062502,19.8700008392334,1.0,0.49811213849308555,,
2013-11-08,269.7372031249997,19.639999389648438,1.0,-2.319726432142023,,
2013-11-11,207.9146093749996,19.979999542236328,1.0,-4.988867080843475,,
2013-11-12,146.86381249999977,20.860000610351562,1.0,-7.354527611599208,,
2013-11-13,118.46050390624987,20.450000762939453,0.5,-8.017340773126625,,
2013-11-14,185.73510937500032,19.260000228881836,0.5,-2.196006087103598,,
2013-11-18,318.43240625,18.81999969482422,1.0,4.566904110551606,,
2013-11-19,332.6541015624998,19.299999237060547,1.0,2.827466999542222,,
2013-11-20,252.47590624999975,20.829999923706055,1.0,-2.9593451821927315,,
2013-11-21,129.5462109375003,21.139999389648438,0.5,-10.239464239975877,,
2013-11-22,126.73899999999958,20.040000915527344,0.5,-10.014107105434809,,
2013-11-25,245.45250000000033,21.049999237060547,0.5,-1.8297239953557467,,
2013-11-26,188.5980976562496,21.59000015258789,1.0,-3.8606832689274304,,
2013-11-27,186.80649609374996,21.139999389648438,1.0,-4.06783176548608,,
2013-11-28,221.71169531249961,20.709999084472656,1.0,0.8535921918750291,,
2013-11-29,305.38729296875044,21.3799991607666,1.0,5.243848156988663,,
2013-12-02,346.386890625,23.360000610351562,1.0,7.926784855717998,,
2013-12-03,328.6596914062502,24.719999313354492,1.0,4.849187609223815,,
2013-12-04,285.9865859375004,23.709999084472656,0.5,-0.21430104699869978,,
2013-12-05,363.5632890625002,21.68000030517578,0.5,2.5519355070010654,,
2013-12-06,379.67469531250026,22.209999084472656,0.5,5.178856323909964,,
2013-12-09,480.1346953125003,19.15999984741211,1.0,9.146336992289973,,
2013-12-10,445.47008984375043,17.979999542236328,1.0,6.937912084600885,,
2013-12-11,417.0806953125002,17.540000915527344,1.0,2.767382614673449,,
2013-12-12,342.64459765624997,17.739999771118164,1.0,-3.735777860721728,,
2013-12-13,270.7290976562499,17.84000015258789,1.0,-7.965636431499599,,
2013-12-16,253.3845898437503,18.360000610351562,1.0,-7.790066171226945,,
2013-12-17,235.08899999999994,18.329999923706055,1.0,-6.555508685549317,,
2013-12-18,310.25229687499996,17.540000915527344,1.0,1.7273110754596548,,
2013-12-19,256.9278984374996,16.579999923706055,1.0,-2.041290938260285,,
2013-12-20,360.9119960937496,16.020000457763672,1.0,5.057125595968862,,
2013-12-23,366.1331953125,16.260000228881836,1.0,6.864920942156342,,
2013-12-24,345.2270976562504,15.579999923706055,1.0,4.344026225400642,,
2013-12-26,350.21789843749957,14.880000114440918,1.0,4.463294184418707,,
2013-12-27,379.4802031250001,14.65999984741211,1.0,6.3790588781607624,,
2013-12-30,351.1612968749996,15.079999923706055,1.0,2.8555936275860763,,
2013-12-31,359.08799999999974,15.119999885559082,1.0,4.336394786206791,,
2014-01-01,,15.579999923706055,1.0,4.820686643260101,,
2014-01-02,273.20630468750005,16.549999237060547,1.0,-1.6921654736962848,,
2014-01-03,260.7079062499997,15.869999885559082,1.0,-1.9299535693878695,,
2014-01-06,238.3369960937498,16.5,1.0,-2.3063256476809846,,
2014-01-07,206.0060000000003,16.31999969482422,1.0,-4.6142664390117165,,
2014-01-08,215.65489843750038,16.31999969482422,0.5,-2.502581631918676,,
2014-01-09,207.00129687499975,16.18000030517578,1.0,-4.774839517024374,,
2014-01-10,207.2221914062502,15.579999923706055,1.0,-5.906686877565398,,
2014-01-13,305.2119960937498,15.949999809265137,1.0,-1.3781983543716863,,
2014-01-14,270.91089453125005,15.739999771118164,1.0,-3.854889562667745,,
2014-01-15,346.87430078125,15.420000076293945,1.0,2.300544903271849,,
2014-01-16,342.3951015624998,15.539999961853027,1.0,3.518627648131513,,
2014-01-17,283.29830078124996,15.40999984741211,1.0,-0.9393046515287651,,
2014-01-20,322.8089921874998,15.350000381469727,1.0,0.8678416487491935,,
2014-01-21,329.93460156249967,15.550000190734863,1.0,0.16459771261297598,,
2014-01-22,352.67778906249987,15.850000381469727,1.0,2.498307219410618,,
2014-01-23,356.8458984375002,15.579999923706055,1.0,1.1349786340632324,,
2014-01-24,276.0663945312499,15.829999923706055,1.0,-4.344108390311904,,
2014-01-27,144.7020898437504,18.670000076293945,0.5,-10.281543228437016,,
2014-01-28,134.01599218750016,17.719999313354492,0.5,-8.59398991417574,,
2014-01-29,126.31399218749993,18.040000915527344,0.5,-5.3950826570528765,,
2014-01-30,78.26418749999993,17.25,0.5,-8.5959767194069,,
2014-01-31,92.00119140624975,16.81999969482422,1.0,-3.9421627704238245,,
2014-02-03,2.3269960937495853,18.270000457763672,0.5,-9.225405903074043,,
2014-02-04,-0.6441054687502401,18.690000534057617,1.0,-6.275332102515124,,
2014-02-05,18.499496093750167,18.93000030517578,1.0,-3.6798171747851,,
2014-02-06,29.532199218750065,18.940000534057617,1.0,-2.828941324824172,,
2014-02-07,53.410187499999665,18.549999237060547,1.0,1.1399570978711349,,
2014-02-10,39.570585937500255,19.049999237060547,1.0,0.9326921709854739,,
2014-02-11,44.47178515625001,18.6299991607666,1.0,0.944929958079024,,
2014-02-12,61.624789062499985,17.43000030517578,1.0,1.3185790566101108,,
2014-02-13,-24.38471484374986,17.799999237060547,0.5,-4.921162590046277,,
2014-02-14,20.07288281250021,16.65999984741211,0.5,-1.2991330282196794,,
2014-02-17,,15.829999923706055,0.5,1.8461638860020824,,
2014-02-18,95.74448046875023,15.40999984741211,0.5,4.783224997638069,,
2014-02-19,116.23518359374975,15.069999694824219,0.5,5.549911361703875,,
2014-02-20,49.52177734374982,15.15999984741211,1.0,-0.004617976787742544,,
2014-02-21,107.48977734374967,14.039999961853027,1.0,4.5416762008100315,,
2014-02-24,131.0712773437499,14.359999656677246,0.6666666666666666,5.3522805279354815,,
2014-02-25,138.6881874999999,13.949999809265137,0.75,5.651865886492667,,
2014-02-26,171.30178906249967,13.960000038146973,0.8,6.624253907130365,,
2014-02-28,203.04857812499995,14.180000305175781,0.8333333333333334,6.87438956037939,,
2014-03-03,140.0765781250002,15.279999732971191,0.8,2.1699550948558617,,
2014-03-04,208.47297656249975,14.390000343322754,1.0,7.048145077609345,,
2014-03-05,231.8158828124997,13.84000015258789,1.0,8.857573245316738,,
2014-03-06,296.8810820312501,14.479999542236328,1.0,12.15619629162279,,
2014-03-07,414.5738828125004,16.719999313354492,1.0,12.673251511327736,,
2014-03-10,415.6075820312499,17.780000686645508,1.0,11.641751236540875,,
2014-03-11,381.74708593749983,17.329999923706055,1.0,7.161432829897077,,
2014-03-12,379.35548828124956,17.040000915527344,0.5,5.6775359517339705,,
2014-03-13,349.0540820312499,16.81999969482422,1.0,4.463438505964157,,
2014-03-14,355.29457812500004,16.450000762939453,1.0,4.924631504879765,,
2014-03-18,362.9162851562496,17.1299991607666,1.0,6.392880322174355,,
2014-03-19,364.92939062500045,16.8799991607666,1.0,6.139629354506289,,
2014-03-20,318.91968359375005,16.90999984741211,0.5,2.296060380959689,,
2014-03-21,323.79857812499995,16.18000030517578,1.0,4.242231220785202,,
2014-03-24,408.23198437500014,16.540000915527344,1.0,6.198189180642439,,
2014-03-25,408.9595859375004,16.920000076293945,1.0,6.8894275114347225,,
2014-03-26,416.72268749999967,17.770000457763672,1.0,4.364077054810226,,
2014-03-27,452.0355859375004,18.3700008392334,1.0,7.206972135753823,,
2014-03-28,499.73628906249996,18.6299991607666,1.0,10.623886292889493,,
2014-03-31,501.5425820312503,21.6200008392334,1.0,12.146816057818677,,
2014-04-01,511.6145937499996,20.690000534057617,1.0,8.301940410942553,,
2014-04-02,536.1521953125002,21.209999084472656,1.0,8.792496699862088,,
2014-04-03,512.4792890625004,22.110000610351562,1.0,6.648406390796253,,
2014-04-04,463.0568867187503,22.690000534057617,1.0,3.8032415924696594,,
2014-04-07,456.4365937499997,24.950000762939453,1.0,2.2026522120206296,,
2014-04-09,550.4949843750001,26.90999984741211,1.0,6.347624537107791,,
2014-04-10,543.5818906249997,28.719999313354492,1.0,4.284420075815464,,
2014-04-11,516.5205937500004,29.190000534057617,1.0,2.2327073347581057,,
2014-04-15,466.88328515625017,31.8799991607666,0.5,-1.6277849079251887,,
2014-04-16,403.74019531249996,31.15999984741211,1.0,-4.422733106484247,,
2014-04-17,501.7726953125002,30.850000381469727,1.0,2.745036549240166,,
2014-04-21,534.2510976562498,34.38999938964844,1.0,5.70048444937832,,
2014-04-22,526.3300937499998,33.349998474121094,1.0,3.936760004036806,,
2014-04-23,545.7658007812497,31.1299991607666,1.0,3.7664400033028413,,
2014-04-24,,,1.0,3.0816327299750514,,
2014-04-25,481.82079687500027,30.68000030517578,1.0,0.1576995063432221,,
2014-04-28,455.74559765624963,31.389999389648438,1.0,-0.7800640402646372,,
2014-04-29,405.6631992187504,31.049999237060547,1.0,-4.456416032943797,,
2014-04-30,382.86430078124977,30.59000015258789,1.0,-5.646158572408562,,
2014-05-02,377.1326054687497,33.060001373291016,1.0,-4.8014024683342775,,
2014-05-05,377.40289843749997,34.189998626708984,1.0,-1.9284202013644072,,
2014-05-06,388.78940624999996,33.27000045776367,1.0,-1.9414347102072422,,
2014-05-07,321.62780859375016,33.61000061035156,1.0,-5.2248102174422915,,
2014-05-08,325.41650000000027,34.29999923706055,1.0,-3.0021174506346004,,
2014-05-09,519.5094101562499,37.709999084472656,1.0,3.5437220858444216,,
2014-05-12,669.2388046875003,37.099998474121094,1.0,6.35395443387271,,
2014-05-13,757.3264062500002,32.04999923706055,1.0,10.471417264077674,,
2014-05-14,750.4816054687499,32.41999816894531,1.0,9.47661412515446,,
2014-05-15,757.6175078124998,36.77000045776367,1.0,6.480866102399102,,
2014-05-16,829.3416054687495,24.290000915527344,1.0,6.575254083781084,,
2014-05-19,880.9090117187498,20.6299991607666,1.0,6.652480614002705,,
2014-05-20,883.28560546875,19.229999542236328,0.9,7.079302320547668,,
2014-05-21,850.80670703125,17.90999984741211,1.0,4.5194291713571815,,
2014-05-22,864.0123085937503,17.84000015258789,1.0,4.606805685655876,,
2014-05-23,944.2249023437498,17.700000762939453,1.0,7.769204651900263,,
2014-05-26,926.8142109375003,19.84000015258789,1.0,3.9929856242820305,,
2014-05-27,876.84720703125,19.100000381469727,1.0,2.7215336925943876,,
2014-05-28,878.8431093749996,17.559999465942383,1.0,2.7721639303044987,,
2014-05-29,774.9503085937504,16.690000534057617,1.0,-0.8227749661145033,,
2014-05-30,759.3746015625002,16.34000015258789,1.0,0.5995477549972255,,
2014-06-02,881.9472070312504,16.5,1.0,3.58144816317955,,
2014-06-03,924.4433046875001,15.800000190734863,1.0,5.657548497146905,,
2014-06-04,900.0820078124998,15.569999694824219,1.0,4.083448770392922,,
2014-06-05,960.8741054687498,15.449999809265137,1.0,7.15918535759421,,
2014-06-06,1058.9155117187502,15.979999542236328,1.0,10.766606201667992,,
2014-06-09,1118.6217070312496,17.100000381469727,1.0,11.17267780136472,,
2014-06-10,1108.7851132812502,16.65999984741211,1.0,9.323100019298407,,
2014-06-11,1067.5081093749995,17.059999465942383,1.0,5.627990924880512,,
2014-06-12,1079.2875156250002,16.899999618530273,1.0,7.6956289385386025,,
2014-06-13,961.2301093750002,17.760000228881836,1.0,0.6600600406224884,,
2014-06-16,943.3226171875003,17.979999542236328,1.0,0.17641276050930835,,
2014-06-17,1031.0822070312497,17.700000762939453,1.0,3.780701349507618,,
2014-06-18,947.5798046874997,18.579999923706055,1.0,-0.7248807140392248,,
2014-06-19,919.6506015625,18.739999771118164,1.0,-1.865811493304821,,
2014-06-20,879.6561992187499,18.850000381469727,1.0,-4.9811184945221285,,
2014-06-23,850.8469023437501,18.959999084472656,1.0,-2.439096950063558,,
2014-06-24,926.167796875,19.190000534057617,1.0,1.4589206772207277,,
2014-06-25,904.4008007812499,18.309999465942383,1.0,2.284571463180596,,
2014-06-26,817.7385937500003,17.700000762939453,1.0,0.23283119714775888,,
2014-06-27,823.4618046875003,17.6299991607666,1.0,0.7359527976663486,,
2014-06-30,915.3972968750004,17.8700008392334,1.0,6.602143198090652,,
2014-07-01,927.8169921874996,17.65999984741211,1.0,7.038117162074171,,
2014-07-02,1006.6966992187499,17.56999969482422,1.0,12.485732223515235,,
2014-07-03,985.1386015625003,17.809999465942383,1.0,7.851962728330644,,
2014-07-04,1010.2548945312501,18.15999984741211,1.0,7.697060414088709,,
2014-07-07,1033.9395000000004,19.40999984741211,1.0,7.206685793345307,,
2014-07-08,858.7733906249996,19.18000030517578,1.0,-0.8308934418083908,,
2014-07-09,809.5823945312504,18.190000534057617,1.0,-2.6798219069341394,,
2014-07-10,781.3219960937504,15.970000267028809,1.0,-2.7380361056733866,,
2014-07-11,662.7932929687504,15.720000267028809,1.0,-5.3311204500964084,,
2014-07-14,647.1066992187498,15.5600004196167,0.5,-5.99818945916979,,
2014-07-15,708.74030078125,14.770000457763672,0.5,-0.7257913756843707,,
2014-07-16,794.8667031249997,14.729999542236328,1.0,5.406170692621882,,
2014-07-17,799.9753945312495,14.970000267028809,1.0,7.514139657599723,,
2014-07-18,812.0487031250004,15.100000381469727,1.0,6.6933869925815905,,
2014-07-21,821.44259375,14.899999618530273,1.0,5.658225721203119,,
2014-07-22,893.5008945312502,14.640000343322754,1.0,6.993093771893463,,
2014-07-23,909.12799609375,14.6899995803833,1.0,6.267076722458287,,
2014-07-24,931.7648945312503,14.720000267028809,1.0,7.491244591102235,,
2014-07-25,879.8017890624997,14.220000267028809,1.0,4.856472847265463,,
2014-07-28,826.7737890625003,14.319999694824219,1.0,1.6098414204899225,,
2014-07-30,857.9074960937496,13.890000343322754,1.0,4.044415707673575,,
2014-07-31,776.1710000000003,13.819999694824219,1.0,-0.872750784630715,,
2014-08-01,645.7372929687499,15.220000267028809,1.0,-4.532250641970587,,
2014-08-04,714.3278984375002,14.819999694824219,1.0,1.200885838387705,,
2014-08-05,764.2174023437501,13.949999809265137,1.0,5.346179322317216,,
2014-08-06,676.9306054687504,14.300000190734863,1.0,2.0105103546231744,,
2014-08-07,641.6528007812503,14.140000343322754,1.0,2.917690290146234,,
2014-08-08,548.4186054687498,14.619999885559082,0.5,-1.7946170353349022,,
2014-08-11,592.8185937500002,14.0,1.0,1.4407678801805364,,
2014-08-12,680.2810039062497,13.470000267028809,1.0,6.087900992874987,,
2014-08-13,679.1550039062504,13.760000228881836,1.0,5.162828085079534,,
2014-08-14,717.47739453125,13.220000267028809,1.0,6.951404796883256,,
2014-08-18,785.4608007812503,13.5,1.0,10.232967561086303,,
2014-08-19,794.0324023437497,13.90999984741211,1.0,11.463337095434248,,
2014-08-20,757.50180859375,13.65999984741211,1.0,8.83363944171893,,
2014-08-21,758.1821015625001,13.729999542236328,1.0,7.77297772504276,,
2014-08-22,765.3633984375001,13.619999885559082,1.0,8.54152722958044,,
2014-08-25,744.2294101562502,13.789999961853027,1.0,6.6248859151112685,,
2014-08-26,728.6636054687497,13.899999618530273,1.0,5.056724839636491,,
2014-08-27,745.2066132812497,13.0600004196167,1.0,6.137320323338947,,
2014-08-28,749.1157070312502,13.069999694824219,1.0,4.839625719095501,,
2014-09-01,807.7330039062499,13.529999732971191,1.0,9.95969377016905,,
2014-09-02,848.0186132812496,13.449999809265137,1.0,11.239749448320133,,
2014-09-03,864.5625039062497,13.390000343322754,1.0,10.83252227589829,,
2014-09-04,831.3606015625,13.079999923706055,1.0,8.499336407553145,,
2014-09-05,807.3373046875004,12.9399995803833,1.0,6.772184333452572,,
2014-09-08,879.3795117187501,12.789999961853027,1.0,11.904514454643015,,
2014-09-09,843.8354023437496,12.760000228881836,1.0,8.830966371980647,,
2014-09-10,771.4417031249995,12.930000305175781,1.0,3.770790667984162,,
2014-09-11,750.5693984375002,12.520000457763672,1.0,3.448828728350678,,
2014-09-12,757.823203125,12.369999885559082,1.0,4.094496232286919,,
2014-09-15,682.0824023437499,13.260000228881836,1.0,-1.5590485372197969,,
2014-09-16,561.6543046875004,13.279999732971191,1.0,-6.911948803179838,,
2014-09-17,592.3952031250001,12.949999809265137,1.0,-3.291594475328956,,
2014-09-18,718.7608046875002,12.329999923706055,1.0,4.397786338367223,,
2014-09-19,712.62259765625,11.890000343322754,1.0,5.598188822300456,,
2014-09-22,724.49420703125,11.569999694824219,1.0,4.398518127336736,,
2014-09-23,583.4686093749997,12.40999984741211,1.0,-1.6739397139972196,,
2014-09-24,556.2451093749996,12.539999961853027,1.0,-1.5514052205431794,,
2014-09-25,455.06850390625004,13.300000190734863,1.0,-6.178422453171695,,
2014-09-26,501.0357031249996,12.930000305175781,1.0,-1.964163825322293,,
2014-09-29,480.2255078124999,13.390000343322754,1.0,-2.5161340389000584,,
2014-09-30,475.54101171875027,13.149999618530273,1.0,-1.5132005772818653,,
2014-10-01,446.29381250000006,13.0,1.0,-3.238073199594255,,
2014-10-07,343.9583124999999,14.460000038146973,1.0,-8.285696254213484,,
2014-10-08,325.2854023437503,14.109999656677246,0.5,-5.14284238981103,,
2014-10-09,433.47101171874965,13.15999984741211,1.0,-0.02596195529993009,,
2014-10-10,323.8806015624996,14.329999923706055,1.0,-4.930332508881764,,
2014-10-13,338.66120703125034,14.5,1.0,-3.1248175072668967,,
2014-10-14,309.0596054687503,14.59000015258789,1.0,-3.8293961423092795,,
2014-10-15,,,1.0,-3.1331422982530466,,
2014-10-16,185.64380078125032,16.43000030517578,0.5,-9.290752789479768,,
2014-10-17,209.27739843749987,16.399999618530273,1.0,-4.328797736847079,,
2014-10-20,300.15230468749996,14.1899995803833,1.0,2.4582563971251212,,
2014-10-21,338.94520312500026,13.329999923706055,1.0,5.465846143102374,,
2014-10-22,396.53030468749967,13.029999732971191,1.0,8.653874117083763,,
2014-10-27,382.6321953124998,13.520000457763672,1.0,8.716806095795807,,
2014-10-28,408.85249609375023,13.319999694824219,1.0,7.313750442014751,,
2014-10-29,461.5017929687501,13.010000228881836,1.0,10.165795816193889,,
2014-10-30,529.6245898437501,13.270000457763672,1.0,12.49928748597682,,
2014-10-31,670.3089882812501,13.300000190734863,1.0,17.317598852162856,,
2014-11-03,659.7559804687498,13.739999771118164,1.0,12.896217242678699,,
2014-11-05,660.9209960937496,13.760000228881836,1.0,10.733268653100751,,
2014-11-07,646.4963906249995,14.109999656677246,1.0,8.23631071617334,,
2014-11-10,640.5507890625004,13.930000305175781,1.0,6.19334513141455,,
2014-11-11,645.6447773437503,14.800000190734863,1.0,6.703646016611904,,
2014-11-12,652.9501914062503,14.4399995803833,1.0,5.666619468137012,,
2014-11-13,613.8575976562497,13.800000190734863,1.0,4.0908704739302815,,
2014-11-14,632.0679765625,13.970000267028809,1.0,5.3470758423065945,,
2014-11-17,660.3419843749998,14.40999984741211,1.0,6.374880234614488,,
2014-11-18,644.1991718749996,14.069999694824219,1.0,5.033992919230035,,
2014-11-19,590.4101874999997,14.350000381469727,1.0,1.0278123884609351,,
2014-11-20,599.6655703124998,14.170000076293945,1.0,1.022755590558947,,
2014-11-21,664.2811914062504,13.850000381469727,1.0,3.9277091195482314,,
2014-11-24,706.4647695312497,13.020000457763672,1.0,4.122671097812189,,
2014-11-25,629.8175898437503,13.529999732971191,1.0,1.3730945345736074,,
2014-11-26,632.8659804687504,12.989999771118164,1.0,0.9416228010147695,,
2014-11-27,641.3857734374997,12.739999771118164,1.0,1.67950956446663,,
2014-11-28,724.9407773437497,12.899999618530273,1.0,3.737780552745426,,
2014-12-01,683.0807656249999,13.199999809265137,1.0,1.4218204522462563,,
2014-12-02,642.5553671875005,12.399999618530273,1.0,1.3451258245651188,,
2014-12-03,645.7483593750003,12.369999885559082,1.0,3.1005574928260073,,
2014-12-04,662.62035546875,12.449999809265137,1.0,1.9913652214030961,,
2014-12-05,626.0985703124998,11.949999809265137,1.0,-1.825246637033833,,
2014-12-08,516.3823671874998,12.210000038146973,1.0,-5.311565430300411,,
2014-12-09,411.00696093749957,12.5,0.5,-9.982189897518522,,
2014-12-10,418.43875390625,12.239999771118164,0.5,-6.530882643424243,,
2014-12-11,348.56355078125034,12.770000457763672,1.0,-8.434358526438018,,
2014-12-12,273.7627734375001,13.75,1.0,-8.537202430722015,,
2014-12-15,264.1731757812504,14.020000457763672,1.0,-8.257711079681648,,
2014-12-16,108.8696640625003,16.309999465942383,0.5,-12.75630906519408,,
2014-12-17,68.08217187500031,16.93000030517578,0.5,-12.800616507886065,,
2014-12-18,193.32257421874965,14.600000381469727,0.5,-4.109595324634048,,
2014-12-19,254.62056250000023,14.510000228881836,0.5,-0.9987598110642195,,
2014-12-22,347.1651679687502,14.210000038146973,1.0,5.182832881856552,,
2014-12-23,284.29756640624964,15.300000190734863,1.0,2.2404996306099036,,
2014-12-24,187.0584648437498,15.069999694824219,0.5,-3.803227574955537,,
2014-12-26,208.51856250000037,14.649999618530273,0.5,-0.7480952885999826,,
2014-12-29,248.47337499999958,14.579999923706055,0.5,4.297012945690927,,
2014-12-30,244.52917187500043,14.859999656677246,1.0,5.515737864656214,,
2014-12-31,272.66456640624983,15.119999885559082,1.0,8.33105825290054,,
2015-01-01,,15.029999732971191,1.0,7.36177493419135,,
2015-01-02,378.8925664062499,13.800000190734863,1.0,10.205088582520197,,
2015-01-05,355.3695585937503,14.149999618530273,1.0,9.62234520388016,,
2015-01-06,99.24606640625007,17.420000076293945,1.0,0.4182824395383064,,
2015-01-07,69.24966406250041,18.139999389648438,1.0,0.8876856323495238,,
2015-01-08,196.76317968750027,16.469999313354492,1.0,7.089924608285978,,
2015-01-09,241.46517187500012,15.960000038146973,1.0,6.5281201340521635,,
2015-01-12,275.1823710937497,16.110000610351562,1.0,4.795734655133587,,
2015-01-13,246.90595703125018,16.479999542236328,1.0,3.3783283542002063,,
2015-01-14,220.8477734375001,17.25,1.0,1.854995926163804,,
2015-01-15,431.79235546875043,16.15999984741211,1.0,6.790451212315843,,
2015-01-16,444.3169726562501,17.270000457763672,1.0,7.555823719167509,,
2015-01-19,473.49176171875024,17.649999618530273,1.0,8.000219406591599,,
2015-01-20,609.3683789062497,17.270000457763672,1.0,11.454724969029492,,
2015-01-21,633.1095703125002,17.709999084472656,1.0,9.917502247387766,,
2015-01-22,654.5519570312499,18.56999969482422,1.0,10.477956384226355,,
2015-01-23,718.2795781249997,17.889999389648438,1.0,12.027418859821562,,
2015-01-27,782.8911679687499,18.09000015258789,1.0,11.840615430763098,,
2015-01-28,776.5001757812497,19.770000457763672,1.0,10.596867170624352,,
2015-01-29,804.2423828125002,19.43000030517578,1.0,9.942891321419923,,
2015-01-30,651.7955625000004,20.170000076293945,1.0,2.498729262979932,,
2015-02-02,632.0591601562501,20.40999984741211,1.0,1.4989603060744892,,
2015-02-03,583.5221757812496,19.809999465942383,1.0,-0.4099415677572374,,
2015-02-04,543.527765625,20.049999237060547,1.0,-1.608134009983195,,
2015-02-05,524.1577656250001,20.6200008392334,1.0,-3.133927826349888,,
2015-02-06,466.2085781250007,20.690000534057617,1.0,-7.8368500397408205,,
2015-02-09,325.62878515625016,22.020000457763672,1.0,-10.957422759787946,,
2015-02-10,358.07498046874935,21.190000534057617,1.0,-7.328800439826499,,
2015-02-11,411.7271640625004,20.5,1.0,-0.7235639962216766,,
2015-02-12,487.6533789062505,20.15999984741211,1.0,2.4989021849095394,,
2015-02-13,573.1319726562506,20.100000381469727,1.0,7.317283605835081,,
2015-02-16,567.8831835937508,20.829999923706055,1.0,5.805050222955975,,
2015-02-18,617.8743867187495,20.90999984741211,1.0,8.567768364236708,,
2015-02-19,633.4605820312499,20.399999618530273,1.0,8.282719570739124,,
2015-02-20,562.0991914062506,21.270000457763672,1.0,2.9585887396956427,,
2015-02-23,475.2265742187501,21.6299991607666,1.0,-2.8520637584308415,,
2015-02-24,474.19558984375,21.549999237060547,1.0,-0.5153248932615959,,
2015-02-25,471.5415820312501,20.780000686645508,1.0,-2.967084003577671,,
2015-02-26,381.66439453124985,20.579999923706055,0.5,-8.791250548381734,,
2015-02-27,534.8375976562493,19.56999969482422,1.0,-0.4655686304941407,,
2015-03-02,638.3363867187509,15.850000381469727,1.0,3.0736256659593417,,
2015-03-03,668.9951875000006,15.489999771118164,1.0,5.969330090330373,,
2015-03-04,587.3199765624995,15.199999809265137,1.0,0.7021791648157562,,
2015-03-05,594.1679843750007,14.4399995803833,1.0,0.39269204394016394,,
2015-03-09,406.35198437500003,15.8100004196167,1.0,-6.04234287313987,,
2015-03-10,355.4437890624995,15.529999732971191,1.0,-7.6710078052962585,,
2015-03-11,337.37937890624926,15.130000114440918,0.5,-7.912642749787848,,
2015-03-12,407.44278515625047,14.75,0.5,-2.2921622498264176,,
2015-03-13,274.67518359375026,14.970000267028809,0.5,-7.511769113494345,,
2015-03-16,255.92717187500057,15.180000305175781,1.0,-7.4187201837681,,
2015-03-17,341.0577890625009,15.130000114440918,1.0,-0.06986196853753127,,
2015-03-18,298.86597265624914,15.510000228881836,1.0,-1.3298870651670718,,
2015-03-19,243.92996875000063,15.199999809265137,1.0,-3.451725780591242,,
2015-03-20,176.8363671874995,14.260000228881836,0.5,-7.005957456847382,,
2015-03-23,153.1819648437504,14.270000457763672,0.0,-7.368510646511494,,
2015-03-24,141.57376953124913,13.670000076293945,0.0,-6.5742359835094035,,
2015-03-25,126.02098046874926,13.140000343322754,0.5,-5.197102168325874,,
2015-03-26,-65.02963671874932,15.15999984741211,0.0,-9.161265410448445,,
2015-03-27,-69.04764062499999,14.5,0.0,-8.768308063094182,,
2015-03-30,77.71737500000017,14.260000228881836,0.0,-1.1740702334406896,,
2015-03-31,73.40757031249996,14.489999771118164,1.0,-2.2333301909969285,,
2015-04-01,164.93917187499937,13.670000076293945,1.0,3.0818207528206982,,
2015-04-06,234.4807578125001,14.569999694824219,1.0,5.248762434126028,,
2015-04-07,229.73817187500026,14.25,1.0,6.476260173375842,,
2015-04-08,278.1427539062497,14.350000381469727,1.0,8.026031050943873,,
2015-04-09,335.1105703124995,14.420000076293945,1.0,8.566752678044987,,
2015-04-10,330.6683789062499,14.260000228881836,1.0,8.100070372945897,,
2015-04-13,377.31796874999964,14.489999771118164,1.0,8.990966668773916,,
2015-04-15,,14.619999885559082,1.0,2.0835181835422905,,
2015-04-16,244.0829609374996,14.949999809265137,1.0,-0.6589396680108551,,
2015-04-17,138.09916406249977,15.039999961853027,0.5,-5.448223364736157,,
2015-04-20,-24.56682421874939,16.299999237060547,0.5,-10.821273662056859,,
2015-04-21,-99.19683203124987,17.030000686645508,0.5,-11.944678450773795,,
2015-04-22,-50.999839843749214,17.209999084472656,0.5,-7.40928236881492,,
2015-04-23,-86.70702734374936,18.5,0.5,-5.8803219381212966,,
2015-04-24,-183.12483203124975,19.110000610351562,0.5,-8.9929906766447,,
2015-04-27,-277.37342578125026,18.739999771118164,0.5,-13.721537826345669,,
2015-04-28,-209.87281640625042,17.40999984741211,1.0,-9.953985494282817,,
2015-04-29,-259.40282421875054,17.239999771118164,0.5,-10.14416994986776,,
2015-04-30,-320.0696250000001,17.229999542236328,0.5,-11.390684504437258,,
2015-05-04,-172.85303125000064,17.309999465942383,1.0,-2.2287418672668418,,
2015-05-05,-182.63462109374996,17.360000610351562,1.0,-2.3689706186728707,,
2015-05-06,-411.27682421875033,19.670000076293945,0.0,-9.756430506186899,,
2015-05-07,-451.21461718749924,19.649999618530273,0.0,-9.982534050516554,,
2015-05-08,-317.82282031249997,19.110000610351562,0.5,-3.985709677695358,,
2015-05-11,-185.3212187499994,18.6299991607666,0.5,3.8298739000674393,,
2015-05-12,-382.0590234374995,20.549999237060547,0.5,-3.5937395363084637,,
2015-05-13,-272.8494218750002,20.690000534057617,1.0,1.6051221975658057,,
2015-05-14,-283.1866250000003,20.700000762939453,1.0,3.3132817980083877,,
2015-05-15,-244.44000781249997,19.81999969482422,0.6666666666666666,5.438139652915955,,
2015-05-18,-133.3744296874993,17.899999618530273,1.0,10.267568806931239,,
2015-05-19,-141.39842968750054,18.270000457763672,0.5,8.946192660216468,,
2015-05-20,-84.11842187500042,17.719999313354492,1.0,8.955975812904384,,
2015-05-21,-86.87362500000017,17.40999984741211,1.0,8.418525665103587,,
2015-05-22,-49.47582812499968,16.950000762939453,1.0,8.887884635084754,,
2015-05-25,-137.6920234374993,16.93000030517578,1.0,3.453723792342068,,
2015-05-26,-167.9000078124991,17.06999969482422,0.5,2.280319466461691,,
2015-05-27,-172.26840624999932,17.280000686645508,1.0,2.4111704725595655,,
2015-05-28,-187.20481250000012,17.1299991607666,1.0,-0.9363150679058123,,
2015-05-29,-72.20482812500086,16.65999984741211,1.0,4.1430149444407025,,
2015-06-01,-71.6808281249996,16.90999984741211,1.0,4.117012227269665,,
2015-06-02,-266.81782812500023,16.81999969482422,0.0,-3.3588081776884606,,
2015-06-03,-365.44272656249996,17.510000228881836,0.0,-6.20266123629056,,
2015-06-04,-366.98451953125004,18.1200008392334,0.2,-4.893086466055912,,
2015-06-05,-379.14582812499975,18.09000015258789,0.6666666666666666,-4.548888926773019,,
2015-06-08,-445.60211718749997,18.889999389648438,0.0,-8.6309091219052,,
2015-06-09,-463.3337148437495,18.010000228881836,0.5,-7.970743827013345,,
2015-06-10,-357.9778203125006,17.079999923706055,0.5,-0.8851540402836409,,
2015-06-11,-512.2855156250007,17.809999465942383,0.16666666666666666,-7.087853305686618,,
2015-06-12,-490.29251171874967,17.479999542236328,0.14285714285714285,-7.07187997737996,,
2015-06-15,-455.89771093749914,17.520000457763672,0.25,-5.240629072401784,,
2015-06-16,-420.15060546875065,17.170000076293945,0.0,-1.1968783319650935,,
2015-06-17,-373.78780078125055,16.729999542236328,1.0,1.929826819301289,,
2015-06-18,-289.7911054687502,16.020000457763672,1.0,7.3971310339737855,,
2015-06-19,-239.4478125000005,15.09000015258789,1.0,9.870379936887645,,
2015-06-22,-112.36639843749981,15.489999771118164,1.0,13.348492675635347,,
2015-06-23,-86.42780078124997,15.039999961853027,1.0,12.921494007338012,,
2015-06-24,-109.77639453125084,15.920000076293945,0.5,6.753949642367461,,
2015-06-25,-74.53560546875087,15.930000305175781,1.0,6.435049707391558,,
2015-06-26,-92.68319140624953,15.760000228881836,1.0,6.537767942411275,,
2015-06-29,-155.33761328125001,17.299999237060547,0.4,1.53090104379104,,
2015-06-30,-106.05000390624991,16.93000030517578,0.5,3.616191763101761,,
2015-07-01,-23.731796874999418,15.850000381469727,1.0,8.23142962435599,,
2015-07-02,-33.834812499999316,15.5600004196167,0.75,6.189351510836717,,
2015-07-03,4.256382812500306,16.309999465942383,0.6666666666666666,7.2458330543209515,,
2015-07-06,39.31517968750086,16.020000457763672,0.5714285714285714,8.292045226262598,,
2015-07-07,26.139796875000684,16.309999465942383,0.8333333333333334,6.602582457851216,,
2015-07-08,-121.35100000000057,17.790000915527344,0.25,-1.3251598072126467,,
2015-07-09,-155.4521953125004,17.440000534057617,0.25,-2.90240347862853,,
2015-07-10,-125.31779296874993,17.06999969482422,0.75,-0.011057391605159311,,
2015-07-13,-29.077609374999156,16.270000457763672,0.6666666666666666,6.900043952323056,,
2015-07-14,-36.38439062500038,16.010000228881836,0.5,5.645490506446136,,
2015-07-15,31.401406249999127,15.569999694824219,0.7142857142857143,9.164492232546841,,
2015-07-16,113.37100781250047,14.779999732971191,1.0,11.680039099356508,,
2015-07-17,112.68721874999937,14.800000190734863,0.8333333333333334,11.920031990382597,,
2015-07-20,103.68060156250067,14.960000038146973,0.8,8.84366253758576,,
2015-07-21,29.39820312499978,15.100000381469727,0.4,2.3266329852974357,,
2015-07-22,132.4904062500009,15.130000114440918,1.0,6.0854269879706315,,
2015-07-23,88.47741406249952,15.520000457763672,0.6666666666666666,3.342622081066878,,
2015-07-24,21.61981249999917,15.460000038146973,0.6666666666666666,0.7348726117819894,,
2015-07-27,-135.9819921875005,16.3700008392334,0.2,-5.03510422672383,,
2015-07-28,-156.58678906249952,15.920000076293945,0.2,-5.02872164004677,,
2015-07-29,-114.85258593750041,15.880000114440918,0.6666666666666666,-2.478044978220083,,
2015-07-30,-64.19298437500038,15.329999923706055,0.8,1.4270541087290256,,
2015-07-31,49.908421874999476,14.569999694824219,0.75,5.3494079071419325,,
2015-08-03,63.38301562500055,15.390000343322754,0.8,5.831333742207036,,
2015-08-04,39.569601562499884,14.829999923706055,0.75,5.680182152714847,,
2015-08-05,92.45500781249939,14.670000076293945,1.0,8.465603579493967,,
2015-08-06,114.49839843749942,14.729999542236328,1.0,7.835493837767791,,
2015-08-07,91.72042187499937,14.90999984741211,1.0,5.501767685446372,,
2015-08-10,54.20922656249968,15.470000267028809,1.0,1.7741735608197562,,
2015-08-11,-7.451171875,15.890000343322754,0.75,-1.2756761775111105,,
2015-08-12,-118.93539062499985,17.450000762939453,0.8,-4.861916872509092,,
2015-08-13,-110.8583749999998,17.020000457763672,0.6666666666666666,-2.705204713871074,,
2015-08-14,52.712625000000116,16.020000457763672,1.0,4.150287052287307,,
2015-08-17,13.336624999999913,16.459999084472656,0.3333333333333333,0.3047803155077943,,
2015-08-18,5.298226562499622,16.360000610351562,0.5,0.43118389450637723,,
2015-08-19,36.41240624999955,16.68000030517578,0.5714285714285714,0.5346050045961269,,
2015-08-20,-82.01718749999964,16.979999542236328,0.4,-5.198959541694082,,
2015-08-21,-150.05419531249936,17.110000610351562,0.5,-7.708239625022432,,
2015-08-24,-632.8075937499998,28.1299991607666,0.0,-14.488559693200177,,
2015-08-25,-554.1133984374992,26.850000381469727,0.5,-9.490639748981959,,
2015-08-26,-635.2014999999992,25.520000457763672,0.0,-10.855977976439785,,
2015-08-27,-471.5550039062491,22.040000915527344,0.5,-3.609436526178001,,
2015-08-28,-413.0998085937499,23.329999923706055,0.5,-0.589538975963817,,
2015-08-31,-436.7638007812493,24.600000381469727,1.0,-3.93689552578858,,
2015-09-01,-612.8463085937492,28.719999313354492,0.0,-10.312005430190661,,
2015-09-02,-671.4624062500006,26.649999618530273,0.0,-12.255277170155995,,
2015-09-03,-556.6652031249996,24.1200008392334,0.5,-4.027044957400355,,
2015-09-04,-714.3537968750006,26.420000076293945,0.0,-10.022127692418476,,
2015-09-07,-801.0201953124997,26.350000381469727,0.0,-13.290831748342393,,
2015-09-08,-663.3796015624994,24.56999969482422,0.5,-7.419771430461954,,
2015-09-09,-525.9787031249998,24.299999237060547,0.5,-0.07072207946886655,,
2015-09-10,-548.5755039062497,24.75,0.5,-2.0578635195654376,,
2015-09-11,-540.5081953125009,24.979999542236328,0.5,-2.229161061462631,,
2015-09-14,-451.4707968750008,24.31999969482422,0.5,4.176140949712397,,
2015-09-15,-487.46710156250083,23.739999771118164,0.5,0.3259335043101406,,
2015-09-16,-411.1232929687503,22.0,0.5,4.812127412617391,,
2015-09-18,-323.1512890624999,18.290000915527344,0.5,6.664467883050594,,
2015-09-21,-323.20069140624946,18.18000030517578,0.5,3.8163828134050295,,
2015-09-22,-482.38958593750067,20.350000381469727,0.5,-2.877504970850435,,
2015-09-23,-442.86339062499974,20.690000534057617,0.0,-0.717958612513991,,
2015-09-24,-415.01518749999923,20.8799991607666,0.0,0.3216702261249172,,
2015-09-28,-483.44339062499967,21.670000076293945,0.0,-2.464087996806888,,
2015-09-29,-431.8589765625002,21.56999969482422,0.25,-2.561526542841999,,
2015-09-30,-321.9116796875005,19.6299991607666,1.0,3.1769328285838228,,
2015-10-01,-315.5908789062505,19.239999771118164,0.5,4.962945041568584,,
2015-10-05,-143.45537499999955,19.1299991607666,1.0,11.151500488556117,,
2015-10-06,-105.79927343750023,19.309999465942383,1.0,8.942136763364095,,
2015-10-07,-77.43607421874913,19.34000015258789,0.5,8.225384624570623,,
2015-10-08,-120.80547656250019,19.559999465942383,0.5,3.2753146928305066,,
2015-10-09,-55.74658203125,18.93000030517578,0.5,4.134348385043142,,
2015-10-12,-96.75268359374968,19.1200008392334,0.5,2.4735577695807516,,
2015-10-13,-103.03418749999946,18.020000457763672,0.5,1.478365447838796,,
2015-10-14,-122.04407812499994,17.719999313354492,0.5,0.30048082095901407,,
2015-10-15,-47.03198046874968,17.170000076293945,0.5,3.336757035330104,,
2015-10-16,13.298003906249505,16.270000457763672,0.5,5.820983028906451,,
2015-10-19,51.019019531249796,16.8799991607666,1.0,4.5808042963780045,,
2015-10-20,38.96400390625058,17.0,0.5,2.111567151582002,,
2015-10-21,30.186605468750713,16.6200008392334,0.5,2.818554942203457,,
2015-10-23,74.01500390625006,16.190000534057617,0.5,4.306090407257375,,
2015-10-26,38.74061328125026,17.229999542236328,0.5,2.9777103332105783,,
2015-10-27,11.512792968749636,16.540000915527344,0.5,1.5272175453541086,,
2015-10-28,-49.639003906249854,17.040000915527344,0.5,-0.023185644710275757,,
2015-10-29,-108.53119921875077,17.579999923706055,0.5,-2.7462428002175003,,
2015-10-30,-152.3521914062494,17.8799991607666,0.0,-3.5196532001779555,,
2015-11-02,-165.1601914062503,19.479999542236328,0.0,-1.6069889819637806,,
2015-11-03,-154.9694023437496,19.559999465942383,0.0,-1.3148091670612747,,
2015-11-04,-175.33260546874953,19.360000610351562,0.0,-3.6212075003228623,,
2015-11-05,-258.1942070312507,19.290000915527344,0.5,-6.780987954809617,,
2015-11-06,-256.37699609374977,19.469999313354492,0.5,-4.638990144844231,,
2015-11-09,-293.78260546875026,17.040000915527344,0.0,-6.159173754872554,,
2015-11-10,-422.01590234375,16.829999923706055,0.25,-11.039323981259367,,
2015-11-13,-439.4203984374999,17.649999618530273,0.0,-10.668537802848572,,
2015-11-16,-391.4243046874999,17.8799991607666,0.5,-7.45607638414883,,
2015-11-17,-356.1857929687503,16.969999313354492,0.5,-5.191335223394495,,
2015-11-18,-456.8649882812497,17.420000076293945,0.5,-8.429274273686406,,
2015-11-19,-341.27079296875036,15.84000015258789,0.5,-0.3512244057434181,,
2015-11-20,-322.95538671874965,15.899999618530273,0.5,2.8035436680281145,,
2015-11-23,-325.3775898437498,17.079999923706055,0.0,2.839263001113912,,
2015-11-24,-338.71829296874967,16.25,0.0,-0.04060299908861934,,
2015-11-26,-282.8741874999996,16.690000534057617,0.5,2.330415728018404,,
2015-11-27,-220.83860156250012,16.729999542236328,0.5,4.997612868378696,,
2015-11-30,-225.2187968750004,16.43000030517578,0.5,2.816228710491659,,
2015-12-01,-201.73889062499984,15.640000343322754,0.0,3.9405507631295404,,
2015-12-02,-221.27229296874975,15.489999771118164,0.5,3.042268806196896,,
2015-12-03,-285.49408593750013,16.059999465942383,0.0,-3.147234613111635,,
2015-12-04,-364.91848437499993,16.09000015258789,0.0,-7.120464683454976,,
2015-12-07,-378.49648437500036,15.869999885559082,0.0,-4.553107468281342,,
2015-12-08,-438.8921914062503,15.970000267028809,0.0,-8.634360655866555,,
2015-12-09,-524.6391874999999,16.729999542236328,0.0,-13.42811326389082,,
2015-12-10,-451.1265820312501,16.290000915527344,0.5,-5.713910852274302,,
2015-12-11,-519.86419140625,17.18000030517578,0.0,-8.49319978822443,,
2015-12-14,-477.74217968749963,17.799999237060547,0.0,-4.221708917638168,,
2015-12-15,-424.6360820312502,17.34000015258789,0.0,-1.0904891144312263,,
2015-12-16,-372.53208203124996,16.729999542236328,0.5,0.7441452700108161,,
2015-12-17,-277.4582890624997,14.220000267028809,1.0,7.336118857281581,,
2015-12-18,-357.22139453124964,14.489999771118164,1.0,1.4568245195940166,,
2015-12-21,-282.0001953125002,14.229999542236328,1.0,6.101038243304199,,
2015-12-22,-326.8394921874997,14.479999542236328,1.0,2.2644858354307056,,
2015-12-23,-243.09219921874956,13.649999618530273,1.0,6.76185204717058,,
2015-12-24,-243.8285898437498,13.75,1.0,6.0778789476850195,,
2015-12-28,-176.24289453125039,14.399999618530273,0.5,8.063719139015017,,
2015-12-29,-168.69020312500015,14.239999771118164,1.0,7.143042931921378,,
2015-12-30,-197.5116015624999,14.350000381469727,0.5,3.117035126117488,,
2015-12-31,-144.43510156249977,13.869999885559082,1.0,5.095756012277946,,
2016-01-01,,14.260000228881836,1.0,4.896527646409229,,
2016-01-04,-294.8677929687501,16.84000015258789,0.0,-1.9937501074833621,,
2016-01-05,-296.17049609375044,16.700000762939453,0.5,-2.540340997031842,,
2016-01-06,-334.1891953124996,16.549999237060547,0.25,-4.8057335430260535,,
2016-01-07,-499.55658593750013,18.959999084472656,0.0,-11.75014562611223,,
2016-01-08,-459.1398906249997,17.799999237060547,0.25,-5.7955736940918205,,
2016-01-11,-489.0642929687501,18.690000534057617,0.14285714285714285,-7.832742113347854,,
2016-01-12,-535.7925859375,18.709999084472656,0.0,-8.772243547284608,,
2016-01-13,-477.5632890625002,18.350000381469727,0.2,-5.540926538687405,,
2016-01-14,-496.57338671875004,18.610000610351562,0.0,-7.624394440744241,,
2016-01-15,-587.39858203125,19.420000076293945,0.0,-11.147231815154381,,
2016-01-18,-665.3735898437499,20.229999542236328,0.0,-13.665916939671767,,
2016-01-19,-572.5638945312503,18.43000030517578,0.0,-8.09029567791326,,
2016-01-20,-687.9741875,20.969999313354492,0.0,-11.528423736474489,,
2016-01-21,-709.8097890625004,20.809999465942383,0.0,-10.705073966206399,,
2016-01-22,-554.7113984375001,18.81999969482422,0.0,-2.7586968814415944,,
2016-01-25,-532.2652890625004,18.270000457763672,0.5,-1.3480247211794856,,
2016-01-27,-521.0991914062497,19.059999465942383,0.3333333333333333,-1.2847474991468517,,
2016-01-28,-524.8780898437499,17.899999618530273,0.0,-3.41479340839288,,
2016-01-29,-378.3141875000001,17.239999771118164,0.0,2.478805393133102,,
2016-02-01,-379.4733984374998,17.889999389648438,0.3333333333333333,2.2099316852907194,,
2016-02-02,-472.8221874999999,18.040000915527344,0.3333333333333333,-4.191874075671234,,
2016-02-03,-558.4661875000002,18.59000015258789,0.14285714285714285,-9.066078789185559,,
2016-02-04,-508.1235937499996,18.209999084472656,0.25,-3.9631553729699993,,
2016-02-05,-414.6734999999999,18.110000610351562,1.0,1.6665092402972768,,
2016-02-08,-507.27719921874996,20.260000228881836,0.5,-2.818310621574958,,
2016-02-09,-586.5774023437498,21.729999542236328,0.0,-6.487708690379514,,
2016-02-10,-658.2594023437496,22.469999313354492,0.0,-7.671761655765058,,
2016-02-11,-884.7110976562499,25.969999313354492,0.0,-13.367804991080508,,
2016-02-12,-867.4418046874998,24.670000076293945,0.0,-12.57365862906587,,
2016-02-15,-674.5406093749998,22.3799991607666,0.5,-2.832993423781159,,
2016-02-16,-777.9280078125003,23.040000915527344,0.0,-8.317903710366407,,
2016-02-17,-707.7998125000004,21.829999923706055,0.0,-2.4419212175725113,,
2016-02-18,-615.1872109374999,21.489999771118164,0.0,1.8202462765315846,,
2016-02-19,-585.7248124999996,20.920000076293945,0.5,3.489292408071298,,
2016-02-22,-551.9830078124996,21.020000457763672,0.0,3.763966515694698,,
2016-02-23,-666.1270078124999,23.84000015258789,0.3333333333333333,-2.9203910326134332,,
2016-02-24,-745.1650156249998,22.959999084472656,0.0,-5.116683572138266,,
2016-02-25,-782.0479140625002,22.75,0.1111111111111111,-8.004559286294947,,
2016-02-26,-712.7364101562498,21.8700008392334,0.0,-4.549184870604955,,
2016-02-29,-748.8610039062496,20.15999984741211,0.16666666666666666,-5.358423985040418,,
2016-03-01,-508.34380078125014,18.670000076293945,0.5,2.7067440122396627,,
2016-03-02,-358.4095078125001,18.989999771118164,1.0,6.760063282741544,,
2016-03-03,-247.87270703124977,18.040000915527344,1.0,9.712779049515811,,
2016-03-04,-233.98990624999988,17.8799991607666,1.0,8.855910131422027,,
2016-03-08,-230.15219921874996,18.469999313354492,1.0,7.791199198436203,,
2016-03-09,-181.61979687500025,17.510000228881836,0.5,9.101890253265985,,
2016-03-10,-225.4228984375004,17.899999618530273,0.5,5.810637479944895,,
2016-03-11,-198.87020703125017,17.100000381469727,0.5,4.5723397563185495,,
2016-03-14,-169.39000390625006,17.100000381469727,0.5,6.104641618806087,,
2016-03-15,-246.75430859374956,17.600000381469727,1.0,1.5401613244777046,,
2016-03-16,-207.08840624999993,17.110000610351562,1.0,2.351041083663577,,
2016-03-17,-190.84019921875006,16.84000015258789,1.0,4.469033613906564,,
2016-03-18,-97.5699062499998,16.3799991607666,1.0,8.92920932046901,,
2016-03-21,3.010394531250313,16.329999923706055,1.0,12.94208035311101,,
2016-03-22,14.919097656250415,16.43000030517578,1.0,11.134429379818098,,
2016-03-23,17.419996093750342,16.350000381469727,1.0,9.291805856214806,,
2016-03-28,-81.7075078124999,17.489999771118164,1.0,2.693295700539382,,
2016-03-29,-96.72840625000026,17.639999389648438,0.0,0.9308783004413114,,
2016-03-30,43.40698828125005,16.809999465942383,1.0,7.488900427633804,,
2016-03-31,47.19549609375008,16.579999923706055,1.0,7.03637307715493,,
2016-04-01,22.908601562499825,17.280000686645508,1.0,4.847941608581305,,
2016-04-04,69.5362031249997,17.450000762939453,1.0,6.148315861566522,,
2016-04-05,-84.52340625000033,17.829999923706055,0.0,-0.9695597496273952,,
2016-04-06,-71.54190624999956,17.350000381469727,1.0,1.9339965684866784,,
2016-04-07,-136.22221093749977,16.93000030517578,1.0,-1.5085482621472652,,
2016-04-08,-124.30661328125007,16.43000030517578,1.0,-0.3251758508477617,,
2016-04-11,-4.523707031249614,16.010000228881836,0.75,5.733947031124563,,
2016-04-12,36.5781835937496,16.020000457763672,0.75,8.145956661829189,,
2016-04-13,180.69378125000003,16.040000915527344,1.0,13.028509996042066,,
2016-04-18,246.66098046874959,16.950000762939453,1.0,13.750599087670784,,
2016-04-20,248.91038671874958,17.079999923706055,1.0,13.977762889912457,,
2016-04-21,248.0625937499999,16.510000228881836,1.0,8.89089690992837,,
2016-04-22,237.17179687499993,16.3799991607666,0.5,7.092552017214119,,
2016-04-25,194.94459765625015,16.56999969482422,1.0,4.530269832266096,,
2016-04-26,304.2794960937499,16.579999923706055,1.0,8.97931168094499,,
2016-04-27,323.59550000000036,16.350000381469727,1.0,8.983073193500447,,
2016-04-28,194.36799609374975,16.600000381469727,1.0,2.0770598855912707,,
2016-04-29,200.21260546874964,16.540000915527344,0.75,2.6085035427564947,,
2016-05-02,159.8791054687499,17.09000015258789,0.0,0.49786653498258526,,
2016-05-03,105.36680468750001,17.459999084472656,0.5,-3.7744728350142513,,
2016-05-04,69.3486093749998,17.450000762939453,1.0,-5.815477774102571,,
2016-05-05,102.27800781249971,17.170000076293945,0.5,-6.394481815174832,,
2016-05-06,103.73020312500012,16.950000762939453,0.5,-5.777303303324862,,
2016-05-09,238.29541406249973,16.610000610351562,0.6666666666666666,0.18220638818875312,,
2016-05-10,261.4694140624997,16.420000076293945,0.6666666666666666,0.14907795397261617,,
2016-05-11,224.13530468750014,16.959999084472656,0.6666666666666666,-1.1507544012951332,,
2016-05-12,276.96751171874985,16.329999923706055,1.0,2.5130191262130754,,
2016-05-13,193.2699140625,17.0,1.0,-2.4893479876438507,,
2016-05-16,239.87761328124998,17.030000686645508,1.0,-0.4003756262540582,,
2016-05-17,270.3860117187496,16.3700008392334,1.0,0.21787448761031644,,
2016-05-18,250.14631640624975,16.450000762939453,0.5,-0.003557237409741234,,
2016-05-19,163.39591796874993,17.059999465942383,0.0,-4.912001376062518,,
2016-05-20,129.79660937500012,16.43000030517578,0.5,-5.655273853142061,,
2016-05-23,111.75062109374994,16.15999984741211,0.5,-6.990678607116233,,
2016-05-24,130.26051171875042,16.219999313354492,0.5,-5.356009769458734,,
2016-05-25,314.68551562500033,15.520000457763672,0.8333333333333334,1.9814465522610405,,
2016-05-26,447.6203164062499,15.329999923706055,0.8333333333333334,5.0757289973044895,,
2016-05-27,532.219515625,15.260000228881836,1.0,8.334687361430948,,
2016-05-30,551.43561328125,15.979999542236328,1.0,8.819289659352595,,
2016-05-31,530.4077109375003,16.049999237060547,1.0,4.852146084924848,,
2016-06-01,547.88860546875,15.84000015258789,0.75,4.515392251302148,,
2016-06-02,584.67860546875,15.09000015258789,1.0,7.512593660156305,,
2016-06-03,584.2438164062496,15.0,1.0,5.964849358309703,,
2016-06-06,562.5246171874996,15.359999656677246,1.0,2.5166949295261185,,
2016-06-07,625.24420703125,14.869999885559082,1.0,6.968204942339555,,
2016-06-08,628.5726171875003,15.140000343322754,1.0,6.973985861914181,,
2016-06-09,555.7488242187501,15.670000076293945,1.0,4.796897523384328,,
2016-06-10,518.9618203125001,15.970000267028809,1.0,1.197461610041721,,
2016-06-13,456.24091406250045,16.579999923706055,1.0,-1.7475314099658665,,
2016-06-14,450.5201132812499,17.190000534057617,0.5,-1.9752529717902547,,
2016-06-15,544.0832265625004,17.059999465942383,1.0,2.9293384776261586,,
2016-06-16,473.99121875000037,17.700000762939453,1.0,-0.3305412455785995,,
2016-06-17,499.28021093749976,17.350000381469727,1.0,-0.4522610191097633,,
2016-06-20,563.2792148437502,17.520000457763672,1.0,2.7208773480011046,,
2016-06-21,540.9276015625001,17.260000228881836,0.5,-0.8647367152718258,,
2016-06-22,521.85260546875,18.18000030517578,0.5,-1.2529664034042212,,
2016-06-23,584.5346054687498,18.020000457763672,1.0,1.7021183972147298,,
2016-06-24,400.6513085937504,18.6299991607666,1.0,-2.4255394931879506,,
2016-06-27,404.28260546875026,18.530000686645508,1.0,-0.8936232216992314,,
2016-06-28,435.3373085937501,17.729999542236328,1.0,2.3597628186097217,,
2016-06-29,508.74360937500023,16.15999984741211,1.0,6.839805942498866,,
2016-06-30,589.5928085937503,16.290000915527344,1.0,11.59620486204453,,
2016-07-01,626.9972226562504,15.739999771118164,1.0,12.21507670530916,,
2016-07-04,665.55220703125,15.579999923706055,1.0,12.357790031616586,,
2016-07-05,627.6854062499997,15.359999656677246,1.0,6.2927372985953856,,
2016-07-07,625.2627968750003,15.3100004196167,1.0,4.239512335214405,,
2016-07-08,606.2541992187498,15.079999923706055,1.0,2.1959646379026942,,
2016-07-11,745.1391914062497,14.850000381469727,1.0,8.523971067374935,,
2016-07-12,790.6666054687503,14.779999732971191,1.0,10.610521782397676,,
2016-07-13,781.7716015625001,15.329999923706055,1.0,7.408608731052642,,
2016-07-14,819.2624023437502,15.609999656677246,1.0,8.60704350722489,,
2016-07-15,787.4139882812497,15.640000343322754,1.0,9.223944687729457,,
2016-07-18,747.1433906250004,15.989999771118164,1.0,6.274136562687735,,
2016-07-19,759.0590000000002,15.800000190734863,1.0,7.133384460380874,,
2016-07-20,787.33440625,15.989999771118164,1.0,8.200041831220716,,
2016-07-21,722.3116093750004,15.710000038146973,1.0,4.709125134635129,,
2016-07-22,744.5633945312502,15.5,1.0,5.489284201065106,,
2016-07-25,828.4027851562496,15.720000267028809,1.0,9.763959800871454,,
2016-07-26,772.8919804687503,15.619999885559082,1.0,6.534148927985734,,
2016-07-27,788.4945976562503,15.430000305175781,1.0,6.982485486533783,,
2016-07-28,829.1533984375001,15.149999618530273,1.0,5.894760852618549,,
2016-07-29,791.7475937500003,14.920000076293945,1.0,5.368440697596994,,
2016-08-01,780.1021992187498,15.180000305175781,1.0,6.392360570761178,,
2016-08-02,757.9779804687496,15.6899995803833,1.0,3.9573859215318716,,
2016-08-03,672.0160039062503,16.239999771118164,1.0,-1.6712297005648358,,
2016-08-04,669.5016054687503,15.140000343322754,1.0,-0.09464248228031918,,
2016-08-05,790.9815820312497,14.350000381469727,1.0,5.195292514497924,,
2016-08-08,808.7220039062504,14.59000015258789,1.0,7.705239330043758,,
2016-08-09,766.1091953124997,14.539999961853027,0.5,4.122468542763073,,
2016-08-10,653.6546015624999,14.920000076293945,0.5,-2.2634348286483985,,
2016-08-11,660.1535859374999,14.210000038146973,1.0,0.1480987765604028,,
2016-08-12,,13.770000457763672,1.0,4.302989908094878,,
2016-08-16,699.1382031249996,14.180000305175781,1.0,2.6115371975321713,,
2016-08-17,667.4566054687502,14.779999732971191,1.0,1.591257707071776,,
2016-08-18,703.11840234375,14.550000190734863,1.0,3.3019381239678176,,
2016-08-19,684.7371914062496,14.539999961853027,1.0,2.1561311923373045,,
2016-08-22,634.33998828125,14.239999771118164,0.5,-0.963165388087662,,
2016-08-23,625.5960117187497,13.899999618530273,1.0,-2.0607716811626333,,
2016-08-24,631.6278085937502,13.489999771118164,1.0,-0.04972228458760794,,
2016-08-25,562.4765976562503,13.289999961853027,0.5,-4.586136414662591,,
2016-08-26,532.1222070312497,13.569999694824219,0.0,-5.025020702905757,,
2016-08-29,555.0393945312499,13.170000076293945,0.0,-3.565926029650164,,
2016-08-30,678.1336132812503,13.020000457763672,1.0,4.536969612104417,,
2016-08-31,705.4593984374997,13.239999771118164,1.0,4.802975137176341,,
2016-09-01,679.9503906250002,13.34000015258789,1.0,4.475161475871552,,
2016-09-02,700.3695859375002,12.9399995803833,1.0,6.02513211662218,,
2016-09-06,819.9535937500004,12.75,1.0,10.929653549963605,,
2016-09-07,782.5109882812503,13.149999618530273,1.0,8.033352904515676,,
2016-09-08,805.2455937499999,13.119999885559082,0.9333333333333333,10.572743285512827,,
2016-09-09,708.3949882812503,13.229999542236328,1.0,3.7413354154195817,,
2016-09-12,547.45200390625,15.239999771118164,0.5,-3.302543751020347,,
2016-09-14,548.8936054687501,14.760000228881836,1.0,-1.4293539781075553,,
2016-09-15,554.7926015624998,14.680000305175781,0.5,-2.442198709360728,,
2016-09-16,581.9352109374995,14.579999923706055,1.0,0.3654737832503155,,
2016-09-19,600.3287890624997,14.9399995803833,1.0,3.3899330953866236,,
2016-09-20,557.3063867187502,14.779999732971191,1.0,1.3190361689526906,,
2016-09-21,548.3291835937507,14.8100004196167,1.0,1.2610295927794741,,
2016-09-22,627.7897851562502,13.34000015258789,1.0,5.9408423940923,,
2016-09-23,582.0717968749996,13.25,1.0,3.9515983224391533,,
2016-09-26,465.4213984375001,14.569999694824219,1.0,-2.4032377361861514,,
2016-09-27,440.8399804687506,14.25,1.0,-2.8753763296068517,,
2016-09-28,471.36077734375067,13.850000381469727,1.0,0.3746920939580326,,
2016-09-29,309.65118749999965,18.450000762939453,0.0,-7.511615559488888,,
2016-09-30,321.4383749999997,17.18000030517578,0.5,-5.600412730490907,,
2016-10-03,440.3643984374994,15.619999885559082,1.0,3.0542077659619906,,
2016-10-04,463.1691757812496,14.989999771118164,1.0,4.498897263059812,,
2016-10-05,429.72177734374964,14.930000305175781,1.0,1.3172795788671168,,
2016-10-06,387.71538671874987,14.84000015258789,1.0,-1.285862162745088,,
2016-10-07,367.0099960937496,14.489999771118164,1.0,-3.052069042245982,,
2016-10-10,369.45459375000064,14.289999961853027,1.0,-1.5880564891103481,,
2016-10-13,225.7892031249994,15.430000305175781,1.0,-5.8447734910902875,,
2016-10-14,227.61438281250048,14.890000343322754,1.0,-3.8729964927102336,,
2016-10-17,157.82237890625038,15.65999984741211,0.5,-7.7142698576720115,,
2016-10-18,307.5707773437498,14.539999961853027,1.0,0.4155973891774509,,
2016-10-19,282.30080078124956,14.609999656677246,1.0,1.0673069547815512,,
2016-10-20,316.32398046874914,14.170000076293945,1.0,2.509614781184906,,
2016-10-21,303.74699609375057,13.829999923706055,0.5,3.689684820969469,,
2016-10-24,313.27218359375,14.329999923706055,1.0,0.1097421262477448,,
2016-10-25,289.2857929687507,14.479999542236328,1.0,-1.5465746239791192,,
2016-10-26,207.15438671875017,14.449999809265137,0.5,-4.174470146892008,,
2016-10-27,201.93358593750054,14.09000015258789,0.0,-5.960930120184371,,
2016-10-28,219.4187851562492,14.649999618530273,0.6666666666666666,-1.9680337346963013,,
2016-11-01,201.43678515624924,15.739999771118164,0.5,-2.1556639647515192,,
2016-11-02,83.87318359375058,16.799999237060547,0.0,-7.763725062069429,,
2016-11-03,49.39097656249942,16.469999313354492,0.25,-9.80668414169317,,
2016-11-04,-7.30321874999936,16.850000381469727,0.0,-10.750923388658048,,
2016-11-07,49.672585937500116,16.510000228881836,1.0,-5.341664590720217,,
2016-11-08,89.70818750000035,16.770000457763672,0.0,-4.188634665134723,,
2016-11-09,-27.430015624999214,16.6200008392334,0.3333333333333333,-8.15433745329205,,
2016-11-10,61.042382812500364,15.460000038146973,0.7142857142857143,-2.8535488254207637,,
2016-11-11,-171.67581249999967,17.360000610351562,0.0,-10.152903584435174,,
2016-11-15,-361.6022226562509,20.149999618530273,0.0,-12.125102932719692,,
2016-11-16,-360.14192187499975,19.5,0.5,-9.556902399497927,,
2016-11-17,-393.9122265624992,18.709999084472656,0.3333333333333333,-9.637465599589213,,
2016-11-18,-401.4691249999996,17.809999465942383,0.0,-6.976108217845718,,
2016-11-21,-546.7759257812504,19.100000381469727,0.0,-11.344088541873772,,
2016-11-22,-474.6334179687492,18.469999313354492,0.5,-3.8269815342603537,,
2016-11-23,-445.6326171875007,18.040000915527344,0.5,0.32337874469607725,,
2016-11-24,-515.1588203124993,17.15999984741211,1.0,-1.371781027066847,,
2016-11-25,-369.425015625,17.610000610351562,1.0,4.8776337051271295,,
2016-11-28,-359.8493164062493,18.059999465942383,0.5,6.354427576922198,,
2016-11-29,-346.25731640625054,17.709999084472656,0.5,6.108168017481798,,
2016-11-30,-265.1460195312502,16.850000381469727,1.0,10.633955650666929,,
2016-12-01,-297.0356328124999,16.690000534057617,1.0,6.3368728050911205,,
2016-12-02,-402.40261718749935,17.93000030517578,0.5,-0.0880131594709055,,
2016-12-05,-360.2016210937509,17.290000915527344,1.0,1.9279892331601696,,
2016-12-06,-345.50731640625054,17.110000610351562,1.0,2.1229002816765026,,
2016-12-07,-385.6722109375005,16.850000381469727,0.5,-0.9903543149919546,,
2016-12-08,-241.08080468750086,15.529999732971191,1.0,6.2806191968247695,,
2016-12-09,-226.666015625,15.069999694824219,1.0,4.593233888311174,,
2016-12-12,-316.85100781250003,16.190000534057617,1.0,-1.8782631822908622,,
2016-12-13,-265.4410078125002,15.920000076293945,1.0,1.008693759943842,,
2016-12-14,-304.6214218749992,16.59000015258789,0.5,-1.9019778327732222,,
2016-12-15,-333.3399218750001,15.65999984741211,0.5,-2.4652545904508183,,
2016-12-16,-347.7206249999999,15.25,0.5,-4.380662846732489,,
2016-12-19,-382.78472265624987,14.84000015258789,0.0,-6.493269601872037,,
2016-12-20,-403.74132031249974,14.539999961853027,0.0,-8.039947856077122,,
2016-12-21,-424.20581640624914,14.710000038146973,0.0,-6.759957336790372,,
2016-12-22,-504.8767226562504,15.550000190734863,0.0,-12.62178327555576,,
2016-12-23,-496.2048203124996,15.130000114440918,0.0,-9.781459043636529,,
2016-12-26,-571.2116171875005,16.600000381469727,0.0,-13.639375581157164,,
2016-12-27,-445.2447187500002,15.079999923706055,0.5,-3.704943657310401,,
2016-12-28,-441.35991796874987,15.539999961853027,0.5,-2.1222266287085088,,
2016-12-29,-372.72991796875067,15.279999732971191,0.5,3.5363600310566787,,
2016-12-30,-291.2590078124995,15.470000267028809,0.5,8.893385479955468,,
2017-01-02,-297.97201171874985,15.829999923706055,0.5,9.64004266541811,,
2017-01-03,-285.1280117187507,15.960000038146973,1.0,10.069125817160272,,
2017-01-04,-286.10001171875047,15.890000343322754,0.0,8.238375668585675,,
2017-01-05,-202.36380859374913,15.050000190734863,0.5,12.376852819751917,,
2017-01-06,-231.34860546874916,14.90999984741211,0.0,7.0356068525242925,,
2017-01-09,-238.29940234374953,15.479999542236328,0.0,4.847314697519874,,
2017-01-10,-185.35519140625001,15.199999809265137,0.5,7.965984752516262,,
2017-01-11,-93.76401171874932,14.8100004196167,1.0,11.426714797513307,,
2017-01-12,-66.72860546875017,14.609999656677246,1.0,8.440039379783613,,
2017-01-13,-72.61358984374965,14.380000114440918,1.0,5.269123128913863,,
2017-01-16,-59.309792968750116,15.069999694824219,1.0,5.5838280145658885,,
2017-01-17,-72.77359765625079,15.390000343322754,1.0,2.932222921008452,,
2017-01-18,-52.77839453124943,15.180000305175781,1.0,6.217273299006917,,
2017-01-19,-34.08998046875058,15.020000457763672,0.6666666666666666,4.905041790096567,,
2017-01-20,-118.4063789062493,15.789999961853027,0.0,-1.2595112626482676,,
2017-01-23,-74.86119140624942,15.90999984741211,0.5,1.3331271487423282,,
2017-01-24,9.71301171874984,15.289999961853027,0.75,6.727104030789181,,
2017-01-25,136.17080859374983,15.170000076293945,0.8571428571428571,8.958539661554786,,
2017-01-27,174.6260117187503,16.010000228881836,1.0,8.420623359453916,,
2017-01-30,165.7892148437495,16.670000076293945,1.0,5.980510021371384,,
2017-01-31,94.7750195312492,16.829999923706055,1.0,2.165871835667494,,
2017-02-01,249.47480078125045,13.970000267028809,1.0,4.8629860473643145,,
2017-02-02,266.55841015625083,13.520000457763672,1.0,4.887897675116258,,
2017-02-03,272.42340234374933,13.130000114440918,1.0,4.544643552367847,,
2017-02-06,331.0978164062508,13.399999618530273,1.0,7.536526542846421,,
2017-02-07,296.56021484375015,13.510000228881836,1.0,2.348067171419796,,
2017-02-08,295.5666132812494,13.350000381469727,1.0,2.1029640493434694,,
2017-02-09,304.15519921875057,13.239999771118164,1.0,2.266061494917384,,
2017-02-10,318.6470117187491,13.180000305175781,0.5,3.8540503140233153,,
2017-02-13,329.1326132812501,13.6899995803833,1.0,3.3351320751099847,,
2017-02-14,314.6466132812493,13.800000190734863,0.5,0.5469262432718038,,
2017-02-15,245.98660546874999,14.210000038146973,1.0,-3.007060346413981,,
2017-02-16,298.2028085937509,13.729999542236328,1.0,2.0851324438431096,,
2017-02-17,340.3218007812502,13.430000305175781,1.0,1.524199272235271,,
2017-02-20,396.1741992187508,13.609999656677246,1.0,5.4288903136470426,,
2017-02-21,422.8960195312502,13.529999732971191,1.0,7.169092074802126,,
2017-02-22,439.5648007812506,13.699999809265137,1.0,4.229257152110829,,
2017-02-23,449.7092070312501,13.399999618530273,1.0,3.278483124454314,,
2017-02-27,404.93819921875,13.680000305175781,1.0,-1.86305926181011,,
2017-02-28,385.53841796874985,13.789999961853027,1.0,-2.978866668753727,,
2017-03-01,448.7526132812509,13.579999923706055,1.0,1.0172909073833167,,
2017-03-02,400.3644101562495,13.359999656677246,0.5,-3.3494892575954713,,
2017-03-03,396.9386132812506,13.350000381469727,1.0,-2.9223093925781125,,
2017-03-06,461.4210039062491,13.640000343322754,1.0,0.6999286787997283,,
2017-03-07,443.4931992187503,13.880000114440918,1.0,-0.8818765355274961,,
2017-03-08,419.97541796874975,14.079999923706055,1.0,-3.4488080745224985,,
2017-03-09,422.80361328125036,14.390000343322754,0.5,-4.094479333700226,,
2017-03-10,430.2206210937493,13.960000038146973,1.0,-4.25911945484564,,
2017-03-14,581.5948164062502,12.399999618530273,1.0,2.8789022642172077,,
2017-03-15,577.6498242187499,12.420000076293945,1.0,2.719101852541352,,
2017-03-16,643.04541015625,11.90999984741211,1.0,8.5883560611702,,
2017-03-17,645.9274179687509,11.850000381469727,1.0,5.026836777321072,,
2017-03-20,609.6528242187505,12.020000457763672,1.0,3.385593726899058,,
2017-03-21,601.5700117187498,11.9399995803833,0.8,2.588213049281047,,
2017-03-22,508.74380859375015,12.270000457763672,0.75,-2.06418932331551,,
2017-03-23,562.1102226562507,11.84000015258789,0.8333333333333334,3.765663280923677,,
2017-03-24,581.1636210937504,11.979999542236328,1.0,3.262815411664826,,
2017-03-27,516.9418164062499,12.4399995803833,1.0,-1.694060117728782,,
2017-03-28,570.3874257812495,12.119999885559082,1.0,3.159405358221909,,
2017-03-29,610.0214257812495,12.09000015258789,1.0,4.221331656727017,,
2017-03-30,636.2328242187505,12.149999618530273,0.8333333333333334,4.362907719140287,,
2017-03-31,632.8040273437491,12.420000076293945,1.0,4.842379042932962,,
2017-04-03,691.7308398437508,11.489999771118164,1.0,4.507401035126969,,
2017-04-05,713.7996210937508,11.550000190734863,1.0,4.960600846922066,,
2017-04-06,706.4086210937494,11.289999961853027,1.0,4.240491602027145,,
2017-04-07,639.3250351562492,11.6899995803833,0.75,0.7422204016585708,,
2017-04-10,618.9754257812492,11.619999885559082,1.0,2.970907601357014,,
2017-04-11,670.3056289062497,11.399999618530273,1.0,5.158015310201194,,
2017-04-12,632.7090195312503,11.630000114440918,1.0,1.4929216174373385,,
2017-04-13,576.5226289062502,11.579999923706055,1.0,-0.4148823130058151,,
2017-04-17,560.4950273437498,11.890000343322754,1.0,-3.430358256095669,,
2017-04-18,522.1716132812508,12.380000114440918,1.0,-6.98847493680555,,
2017-04-19,515.8564257812504,12.220000267028809,0.6666666666666666,-6.263297675568177,,
2017-04-20,545.0888164062508,11.5600004196167,1.0,-1.669970825464869,,
2017-04-21,524.4064101562508,11.420000076293945,1.0,-4.457248857198532,,
2017-04-24,618.8078164062499,11.630000114440918,1.0,0.898614571383023,,
2017-04-25,702.5488320312506,11.15999984741211,1.0,5.826139194767931,,
2017-04-26,742.6556367187495,11.739999771118164,1.0,5.312295704810125,,
2017-04-27,727.7496132812503,11.069999694824219,0.8571428571428571,2.3464237584810097,,
2017-04-28,684.1386289062502,10.859999656677246,1.0,2.1016194387571896,,
2017-05-02,688.3002304687507,11.449999809265137,0.8333333333333334,0.8104159044376998,,
2017-05-03,681.0590195312507,11.529999732971191,1.0,0.6630675581762998,,
2017-05-04,723.1400117187495,11.329999923706055,1.0,2.5425098203260648,,
2017-05-05,642.3690273437496,11.989999771118164,1.0,-2.283401056096859,,
2017-05-08,664.4862304687504,11.670000076293945,1.0,0.49539913592075346,,
2017-05-09,660.2212382812504,11.109999656677246,0.6666666666666666,2.405326565753345,,
2017-05-10,743.3894335937493,10.949999809265137,1.0,6.513449008343649,,
2017-05-11,751.4592148437496,10.84000015258789,1.0,6.238276461372076,,
2017-05-12,722.2080117187506,10.630000114440918,0.5,3.4676807411226056,,
2017-05-15,759.3508085937501,10.680000305175781,1.0,5.564466060918497,,
2017-05-16,816.4728164062508,10.5600004196167,1.0,7.280017686206044,,
2017-05-17,818.6344179687494,10.640000343322754,0.8571428571428571,5.410923561441308,,
2017-05-18,711.7918124999997,11.789999961853027,0.0,-1.9365170860934797,,
2017-05-19,699.4584062499998,11.300000190734863,0.5,-3.2207867068037572,,
2017-05-22,698.8948164062494,11.199999809265137,0.75,-4.63518912374853,,
2017-05-23,635.1388046874999,12.199999809265137,0.3333333333333333,-6.51970019215789,,
2017-05-24,598.67221875,11.829999923706055,0.2,-10.243391066311004,,
2017-05-25,736.0608124999999,10.449999809265137,0.625,-4.562774508799909,,
2017-05-26,808.3736250000002,10.859999656677246,0.7272727272727273,-0.27863368901810454,,
2017-05-29,806.2496015625002,11.789999961853027,0.8,-0.9552457455602679,,
2017-05-30,813.9178164062505,11.770000457763672,1.0,2.6729807536325105,,
2017-05-31,798.7852109374999,11.760000228881836,0.8,2.7324387984265996,,
2017-06-01,782.5020234375006,11.3100004196167,1.0,2.4174499259854,,
2017-06-02,808.2176171874999,10.8100004196167,1.0,4.159731757624419,,
2017-06-05,817.1108281249999,11.020000457763672,1.0,6.130689619874525,,
2017-06-06,767.0944062500002,11.130000114440918,1.0,1.5614733253518813,,
2017-06-07,781.6784023437503,10.890000343322754,1.0,5.823023629833361,,
2017-06-08,752.6664101562492,11.069999694824219,1.0,2.94611024259093,,
2017-06-09,762.2952070312494,10.859999656677246,0.8571428571428571,2.592272016665306,,
2017-06-12,699.6083945312494,11.420000076293945,0.5,-2.0608683500011162,,
2017-06-13,678.6195898437509,11.34000015258789,0.5,-2.4134377409100045,,
2017-06-14,678.6987851562499,11.180000305175781,0.6666666666666666,-2.1564490607445492,,
2017-06-15,627.4334023437495,11.329999923706055,0.6666666666666666,-5.58254923151827,,
2017-06-16,625.9578046874994,10.920000076293945,1.0,-5.65844937124222,,
2017-06-19,683.3130078124996,10.630000114440918,0.8333333333333334,-2.6296403946527236,,
2017-06-20,666.8700039062496,10.65999984741211,0.6666666666666666,-2.333342141079501,,
2017-06-21,634.5600156250002,10.920000076293945,0.8,-1.7272799336105005,,
2017-06-22,618.4108046875008,11.210000038146973,0.5,-3.7768654002267743,,
2017-06-23,550.5941992187509,11.5600004196167,0.0,-6.726526236549181,,
2017-06-27,474.8391914062504,12.510000228881836,0.5,-8.594430557176604,,
2017-06-28,442.0248007812497,11.989999771118164,0.5,-6.122715910417219,,
2017-06-29,443.1044140624999,11.380000114440918,1.0,-4.645858472159542,,
2017-06-30,448.01679296875045,11.729999542236328,0.75,-3.9829751135850797,,
2017-07-03,530.0252031250002,11.199999809265137,1.0,0.9230203616122109,,
2017-07-04,516.9050078125001,11.279999732971191,0.5,-0.15389243140819187,,
2017-07-05,529.5400156249998,11.149999618530273,0.75,3.3286334652114813,,
2017-07-06,554.6318124999998,10.979999542236328,0.75,3.268881926082121,,
2017-07-07,534.0794140625003,10.869999885559082,1.0,0.674539757703552,,
2017-07-10,627.3514140624993,10.90999984741211,1.0,6.551896165393819,,
2017-07-11,630.0134140624996,10.890000343322754,1.0,6.269733226231306,,
2017-07-12,647.4228203125003,11.050000190734863,1.0,7.857054457825615,,
2017-07-13,710.1986015625007,11.25,1.0,11.701226374584598,,
2017-07-14,692.8024218749997,11.170000076293945,1.0,10.119185215569216,,
2017-07-17,710.3330078125,11.460000038146973,1.0,13.006606085465725,,
2017-07-18,610.118796875,11.489999771118164,1.0,11.91449588810832,,
2017-07-19,670.6736171875,11.260000228881836,1.0,15.3845875448159,,
2017-07-20,632.5714140625005,11.319999694824219,1.0,9.496480718485733,,
2017-07-21,662.5356093749997,11.09000015258789,1.0,9.042575133306508,,
2017-07-24,701.4355937500004,11.3100004196167,1.0,7.580288745432597,,
2017-07-25,686.6634062499998,10.90999984741211,1.0,6.383872609899396,,
2017-07-26,729.7307890624998,11.170000076293945,1.0,7.950441226281325,,
2017-07-27,717.2722031249996,11.220000267028809,1.0,3.777633730593808,,
2017-07-28,699.9283984374997,11.140000343322754,1.0,2.54533668866766,,
2017-07-31,751.0412109374993,11.899999618530273,0.9285714285714286,5.173457290728087,,
2017-08-01,776.7367890624992,11.90999984741211,1.0,6.778283237868435,,
2017-08-02,731.4247968750005,11.9399995803833,0.8333333333333334,2.818595376437808,,
2017-08-03,653.1971874999999,11.640000343322754,0.75,1.760668944358206,,
2017-08-04,695.2899843750001,11.390000343322754,0.9230769230769231,5.622365499929444,,
2017-08-07,675.7583828125007,11.899999618530273,0.9090909090909091,4.7819354090331805,,
2017-08-08,587.4877968750006,12.770000457763672,0.7142857142857143,-0.632961938063765,,
2017-08-09,507.86979687500025,13.449999809265137,0.5,-5.426968858415811,,
2017-08-10,411.6603906250002,13.800000190734863,0.25,-8.985701793249302,,
2017-08-11,294.7510000000002,15.199999809265137,0.0,-11.170119649022157,,
2017-08-14,370.0967812500003,14.380000114440918,1.0,-5.684643349199943,,
2017-08-16,464.5081953125009,14.239999771118164,1.0,-1.5601627402544962,,
2017-08-17,462.46397656249974,14.34000015258789,0.0,-4.731042242026407,,
2017-08-18,386.8123749999995,14.569999694824219,0.6666666666666666,-3.870852743476151,,
2017-08-21,295.9507968750004,14.819999694824219,0.25,-8.439788608298672,,
2017-08-22,299.60019531249964,14.109999656677246,0.5,-7.087099770426185,,
2017-08-23,378.76399218749975,13.180000305175781,1.0,-2.343990721257785,,
2017-08-24,375.72019531250044,12.569999694824219,1.0,-2.4632651355745514,,
2017-08-28,423.58300000000054,12.640000343322754,1.0,1.0755103436208238,,
2017-08-29,299.98060156249994,13.539999961853027,1.0,-5.847309718855694,,
2017-08-30,380.4295859374997,12.890000343322754,1.0,0.4885647754817086,,
2017-08-31,405.62317968749994,11.949999809265137,1.0,2.399734816303217,,
2017-09-01,453.89437499999985,11.680000305175781,1.0,4.6906921224299065,,
2017-09-04,384.23879687500084,13.170000076293945,1.0,-0.5257973543755344,,
2017-09-05,415.1521796875004,12.890000343322754,1.0,2.6607112555109285,,
2017-09-06,371.5301796874992,13.119999885559082,1.0,0.540581936327122,,
2017-09-07,377.3663749999996,13.010000228881836,1.0,2.6241124933585556,,
2017-09-08,374.1817890625007,12.960000038146973,1.0,0.8742738582024535,,
2017-09-11,436.79939062499943,12.359999656677246,1.0,3.4425877021656452,,
2017-09-12,514.5313906249994,11.760000228881836,1.0,7.362117210862803,,
2017-09-13,492.8429921874995,11.760000228881836,1.0,3.659914081615019,,
2017-09-14,492.12839843750044,11.470000267028809,1.0,2.812656975866833,,
2017-09-15,483.47557812500054,11.680000305175781,1.0,1.028537525709226,,
2017-09-18,543.2303984374994,11.4399995803833,1.0,4.29607615739846,,
2017-09-19,529.5149921875,11.470000267028809,1.0,1.878607765144193,,
2017-09-20,514.9583750000002,11.630000114440918,1.0,-0.46295728306384376,,
2017-09-21,486.9767734375,11.630000114440918,0.5,-2.5606014134158737,,
2017-09-22,322.45196874999965,12.8100004196167,0.0,-9.185946610976629,,
2017-09-25,224.53439062500001,13.34000015258789,0.0,-12.061229045344515,,
2017-09-26,216.8243828124996,12.930000305175781,0.5,-9.322823764372783,,
2017-09-27,75.9947812499995,13.859999656677246,0.0,-13.99140126175955,,
2017-09-28,104.19377343750057,13.170000076293945,0.0,-9.083873759621447,,
2017-09-29,118.92439062499943,12.489999771118164,0.5,-3.6140785305993623,,
2017-10-03,184.33878125000047,12.460000038146973,1.0,0.8612084749641606,,
2017-10-04,234.3227656250001,11.800000190734863,1.0,1.4318978431524954,,
2017-10-05,203.1341718750009,11.710000038146973,0.5,0.4442800534884047,,
2017-10-06,288.3921718750007,11.119999885559082,1.0,6.181683680126881,,
2017-10-09,291.118375,11.390000343322754,1.0,6.148650283740175,,
2017-10-10,312.6345703125007,11.109999656677246,1.0,9.03071386851469,,
2017-10-11,274.5017812499991,11.729999542236328,1.0,4.116038619693834,,
2017-10-12,378.9587656250005,11.039999961853027,1.0,7.367667961567685,,
2017-10-13,441.87536718750016,11.260000228881836,1.0,8.209910150373561,,
2017-10-16,496.54238281250036,11.3100004196167,1.0,8.17174466848746,,
2017-10-17,491.1085703125009,11.609999656677246,1.0,6.685972910580648,,
2017-10-18,458.64918749999924,11.539999961853027,1.0,3.652159654111437,,
2017-10-19,386.26818749999984,12.399999618530273,1.0,-3.193687555727011,,
2017-10-23,416.0443984374997,12.329999923706055,1.0,-1.3402898183220986,,
2017-10-24,430.97698437500003,11.59000015258789,1.0,-1.823873487718081,,
2017-10-25,510.7163984375002,11.760000228881836,1.0,-0.03771467176933804,,
2017-10-26,551.2309921875003,11.619999885559082,1.0,1.0600516321887241,,
2017-10-27,522.6337968749995,11.479999542236328,1.0,1.594587699063502,,
2017-10-30,554.7575781249998,12.109999656677246,1.0,2.759208117415593,,
2017-10-31,518.2349921874993,12.4399995803833,1.0,2.257533914249121,,
2017-11-01,614.4067890624992,12.140000343322754,1.0,3.6652550207492816,,
2017-11-02,589.1953984374995,12.010000228881836,1.0,2.2715722897039567,,
2017-11-03,608.5579921874996,11.90999984741211,1.0,0.40401369157596334,,
2017-11-06,598.7557968750007,13.020000457763672,1.0,-0.7603524341651217,,
2017-11-07,488.83997656249994,13.239999771118164,1.0,-4.985742900680557,,
2017-11-08,434.67317187499975,13.609999656677246,0.8,-4.07924419146591,,
2017-11-09,433.3805781249994,13.270000457763672,1.0,-2.610290702108471,,
2017-11-10,438.81358593749974,13.479999542236328,1.0,-1.0447833017251118,,
2017-11-13,335.7773828124991,14.050000190734863,1.0,-6.309368155956912,,
2017-11-14,292.03199999999924,14.170000076293945,0.75,-5.8894830366920194,,
2017-11-15,218.74379687500004,14.270000457763672,1.0,-8.45503157547529,,
2017-11-16,309.16159374999916,13.460000038146973,1.0,-4.372298561752508,,
2017-11-17,371.1656093750007,13.710000038146973,1.0,0.422664813111587,,
2017-11-20,379.4320000000007,13.430000305175781,1.0,2.709453028909482,,
2017-11-21,400.05639062500086,13.720000267028809,1.0,4.035007023653213,,
2017-11-22,407.6018046874997,14.039999961853027,1.0,3.11955120117081,,
2017-11-23,407.34000000000015,13.869999885559082,0.5,0.7341782555033888,,
2017-11-24,441.93339062499945,13.510000228881836,1.0,2.418873118139137,,
2017-11-27,445.4258046875002,13.029999732971191,1.0,0.7063507330229294,,
2017-11-28,410.1603984374997,13.149999618530273,1.0,-1.058440309344877,,
2017-11-29,395.2898046874998,13.0600004196167,1.0,-0.5023602531003536,,
2017-11-30,255.6562031249996,13.550000190734863,0.5,-6.41102202526393,,
2017-12-01,147.15980468750058,14.800000190734863,0.5,-10.881745293397763,,
2017-12-04,149.48879687500084,14.859999656677246,0.5,-10.539609785507261,,
2017-12-05,136.13999999999942,15.010000228881836,0.5,-11.350589824505942,,
2017-12-06,58.94801562499924,15.09000015258789,0.5,-14.741391674595775,,
2017-12-07,177.39300000000003,14.270000457763672,1.0,-6.061138642851082,,
2017-12-08,271.56399218750084,13.670000076293945,1.0,0.6772502013036641,,
2017-12-11,322.51680468750055,14.149999618530273,1.0,1.8268410737939076,,
2017-12-12,235.35119531249984,15.260000228881836,1.0,-1.9598573032595326,,
2017-12-13,183.55260156250006,15.949999809265137,1.0,-5.785337793575984,,
2017-12-14,237.3096171875004,16.40999984741211,1.0,-0.5516400129258013,,
2017-12-15,312.4984062500007,14.9399995803833,1.0,2.639567262151619,,
2017-12-18,362.14880468750016,13.119999885559082,1.0,6.705100487214964,,
2017-12-19,430.12139843750083,12.1899995803833,1.0,10.395082216812245,,
2017-12-20,404.6365937499995,12.1899995803833,1.0,7.595976359210017,,
2017-12-21,394.2538046874997,12.09000015258789,1.0,6.214889748444557,,
2017-12-22,439.60960156250076,11.59000015258789,1.0,7.812182521454639,,
2017-12-26,469.94880468749943,12.050000190734863,1.0,9.119058426644706,,
2017-12-27,421.20280468750025,12.489999771118164,1.0,2.9155932581638466,,
2017-12-28,400.5627890625001,12.300000190734863,1.0,0.021849029406781878,,
2017-12-29,445.28419531250074,12.670000076293945,1.0,3.108785569514642,,
2018-01-01,,13.350000381469727,1.0,-2.3655390794880238,,
2018-01-02,350.1665937500002,13.6899995803833,1.0,-3.935441065035657,,
2018-01-03,344.5273906250004,13.619999885559082,1.0,-2.3108154168473543,,
2018-01-04,399.18939843750013,13.420000076293945,1.0,2.2911510225794407,,
2018-01-05,446.1648046874998,13.109999656677246,1.0,6.420032654837726,,
2018-01-08,503.2524062499997,13.739999771118164,1.0,8.707299444867232,,
2018-01-09,509.72519531249964,13.850000381469727,1.0,5.124154091255006,,
2018-01-10,498.15618750000067,14.039999961853027,1.0,2.1924897110268216,,
2018-01-11,510.47538281249945,14.010000228881836,1.0,1.4302188544764898,,
2018-01-12,534.2087890625007,13.729999542236328,1.0,-0.46618457361014604,,
2018-01-15,587.6669921875,14.3100004196167,1.0,-2.0177873784083022,,
2018-01-16,540.2913828125002,14.09000015258789,1.0,-3.2872805823340663,,
2018-01-17,620.6997968750002,13.859999656677246,1.0,0.037679523544857145,,
2018-01-18,641.8107890624997,13.960000038146973,1.0,-3.060080389826937,,
2018-01-19,711.3397812500007,13.979999542236328,1.0,2.405388771959782,,
2018-01-22,774.4321796874992,15.390000343322754,1.0,2.5134999043307307,,
2018-01-23,882.9937812499993,16.229999542236328,1.0,6.238318103543327,,
2018-01-24,876.3219843749994,18.040000915527344,1.0,4.194987539262721,,
2018-01-25,851.5803749999995,17.510000228881836,1.0,1.9777170775785884,,
2018-01-29,903.4515703124998,17.889999389648438,1.0,2.5272230634733908,,
2018-01-30,814.4203671875002,16.420000076293945,1.0,-2.1140902207945014,,
2018-01-31,784.8653671874999,15.930000305175781,1.0,-4.093346544286411,,
2018-02-01,766.8475624999992,14.109999656677246,1.0,-3.167283536234336,,
2018-02-02,505.11398437500065,15.25,1.0,-8.955050166009915,,
2018-02-05,405.8409843749996,16.049999237060547,1.0,-10.781404681280842,,
2018-02-06,234.08638281250023,20.020000457763672,0.5,-15.184785648320691,,
2018-02-07,209.18217968749923,19.469999313354492,0.5,-11.151188257716925,,
2018-02-08,304.54519531249935,17.770000457763672,1.0,-3.487335847222933,,
2018-02-09,178.2705781250006,19.229999542236328,1.0,-6.853274784091493,,
2018-02-12,257.3143828124994,17.8799991607666,1.0,-1.0617702778930362,,
2018-02-14,212.14396875000057,17.18000030517578,1.0,-2.686902954639758,,
2018-02-15,250.7327812500007,16.31999969482422,0.5,-0.9256478719779825,,
2018-02-16,153.0925859375002,16.3799991607666,1.0,-5.666439167981989,,
2018-02-19,75.39917187500032,16.670000076293945,0.5,-9.90890477380345,,
2018-02-20,53.215171874999214,16.8700008392334,1.0,-7.198194814930094,,
2018-02-21,85.12017187499987,15.920000076293945,1.0,-4.980341212215531,,
2018-02-22,65.43296874999942,14.829999923706055,1.0,-6.438460991812707,,
2018-02-23,168.67417968749942,14.199999809265137,1.0,0.368531915789608,,
2018-02-26,254.4195859374995,13.699999809265137,1.0,3.756071567464227,,
2018-02-27,220.9877812499999,13.920000076293945,1.0,2.8913312824707305,,
2018-02-28,153.96318749999955,13.8100004196167,1.0,0.36563468565786866,,
2018-03-01,114.8715937500001,14.069999694824219,0.5,-1.7008443480981088,,
2018-03-05,11.843999999999141,15.399999618530273,1.0,-5.937054466625728,,
2018-03-06,-99.95440625000083,16.25,0.5,-8.675771836330142,,
2018-03-07,-196.93501562500023,15.699999809265137,0.5,-10.916540593361027,,
2018-03-08,-110.80842187499911,14.59000015258789,0.5,-8.022624121840838,,
2018-03-09,-129.0943984375008,14.529999732971191,0.5,-8.200328826960686,,
2018-03-12,61.524382812500335,14.489999771118164,0.5,0.3815491415776263,,
2018-03-13,63.037203125000815,14.460000038146973,0.5,1.221267479472604,,
2018-03-14,43.84917968750051,14.359999656677246,1.0,0.09012793775031165,,
2018-03-15,-9.037625000000844,14.329999923706055,0.5,-0.47171350547701807,,
2018-03-16,-174.96442968749943,15.220000267028809,0.5,-6.749583777208473,,
2018-03-19,-275.9260234374997,15.819999694824219,0.5,-9.704204908625117,,
2018-03-20,-246.1380078125003,15.609999656677246,0.5,-5.212531288875093,,
2018-03-21,-215.25482031250067,15.109999656677246,0.5,-3.3557074181705295,,
2018-03-22,-255.49242187500022,15.25,0.0,-6.563760614866799,,
2018-03-23,-371.0478125000009,15.550000190734863,0.0,-9.370349593981928,,
2018-03-26,-238.51722656250058,15.199999809265137,1.0,-2.393922395076118,,
2018-03-27,-186.7752265625004,15.550000190734863,1.0,3.3140634949377255,,
2018-03-28,-259.1542265624994,15.760000228881836,1.0,0.3478701322217735,,
2018-04-02,-163.7770156250008,15.350000381469727,1.0,5.920984653636,,
2018-04-03,-134.6508203124995,15.1899995803833,1.0,5.38989653479309,,
2018-04-04,-254.12603124999987,16.34000015258789,1.0,-1.2264482897147486,,
2018-04-05,-61.66843750000044,14.800000190734863,1.0,6.451087762960665,,
2018-04-06,-58.99601562499993,14.75,1.0,4.732708169695088,,
2018-04-09,-14.96160937499917,14.869999885559082,1.0,5.144943047932345,,
2018-04-10,3.8303828125008295,14.5,1.0,6.573135221035556,,
2018-04-11,15.231171875000655,14.720000267028809,1.0,6.650746999029091,,
2018-04-12,52.97196875000009,14.5600004196167,1.0,5.077883908296529,,
2018-04-13,71.21199218750007,14.140000343322754,1.0,5.790995924969887,,
2018-04-16,114.61359375000029,14.260000228881836,1.0,8.192633029520819,,
2018-04-17,131.34578125000007,14.039999961853027,1.0,7.61215429688067,,
2018-04-18,105.97578124999927,14.109999656677246,1.0,4.2281262429023645,,
2018-04-19,142.39978906249962,13.75,0.8571428571428571,5.823012380556481,,
2018-04-20,138.51299218749955,12.9399995803833,0.875,2.582464675000755,,
2018-04-23,156.17257812500065,13.149999618530273,1.0,2.6583801886369813,,
2018-04-24,182.07959375000064,11.899999618530273,1.0,1.629583790702984,,
2018-04-25,135.19418749999932,12.399999618530273,1.0,0.060568556029713096,,
2018-04-26,179.16339062500083,12.039999961853027,0.875,1.3222833640243115,,
2018-04-27,250.48778906249936,12.020000457763672,1.0,3.0818682069289833,,
2018-04-30,294.3731953125007,12.359999656677246,1.0,6.70334671476008,,
2018-05-02,269.91339062500083,12.84000015258789,1.0,1.3027382211673346,,
2018-05-03,228.98597656250058,12.989999771118164,1.0,-1.6613960008630917,,
2018-05-04,165.32198437499937,13.25,0.5,-3.722960364342531,,
2018-05-07,260.37198437500047,13.760000228881836,1.0,0.408486974628841,,
2018-05-08,260.3197890624997,14.0600004196167,1.0,-0.2112379298491305,,
2018-05-09,281.9065781249992,14.270000457763672,0.5,-1.4455583062401984,,
2018-05-10,254.63818750000064,14.430000305175781,0.5,-3.910002250560164,,
2018-05-11,340.93758593749953,13.979999542236328,1.0,1.709998158632597,,
2018-05-14,337.0096015625004,14.25,1.0,1.2172712206993972,,
2018-05-15,328.31640625,13.170000076293945,1.0,0.45049463511768806,,
2018-05-16,264.21160937499917,13.4399995803833,1.0,-2.1768680258128024,,
2018-05-17,202.15019531250073,13.40999984741211,1.0,-3.9628920211195666,,
2018-05-18,112.57198437499937,14.149999618530273,1.0,-7.060548017279648,,
2018-05-21,29.682585937500335,14.40999984741211,0.25,-11.413175650501534,,
2018-05-22,47.10698437499923,13.600000381469727,0.5,-7.338052804955798,,
2018-05-23,-60.41760156249984,14.15999984741211,0.25,-9.458406840418382,,
2018-05-24,21.361601562499345,13.149999618530273,0.6666666666666666,-3.1932419603423092,,
2018-05-25,110.4363828125006,12.649999618530273,1.0,3.38734748699266,,
2018-05-28,191.16557812499923,13.0600004196167,1.0,5.135102489357632,,
2018-05-29,133.53859374999956,13.069999694824219,0.5,2.2014474912926056,,
2018-05-30,112.79120312499981,13.40999984741211,1.0,-0.562452052578779,,
2018-05-31,231.89917968749978,13.220000267028809,0.8888888888888888,0.4489028660719088,,
2018-06-01,189.34138281249943,13.569999694824219,0.5,-3.2690794732138952,,
2018-06-04,119.50358593750025,13.880000114440918,1.0,-7.220155932629553,,
2018-06-05,81.22117187500044,13.319999694824219,0.5,-8.998309399424182,,
2018-06-06,168.2183671874991,12.550000190734863,1.0,-1.72588950861978,,
2018-06-07,246.79278906249965,12.779999732971191,1.0,4.406090402038366,,
2018-06-08,240.8983671874994,12.699999809265137,1.0,3.0595285107586623,,
2018-06-11,254.25536718749936,13.180000305175781,1.0,5.594159690620725,,
2018-06-12,304.74558593750044,12.729999542236328,1.0,6.940676110507868,,
2018-06-13,313.86777343749964,12.640000343322754,1.0,6.9514622722337105,,
2018-06-14,261.3309843749994,12.100000381469727,1.0,3.6875600409184885,,
2018-06-15,266.3609765625006,12.069999694824219,1.0,1.0170945789333072,,
2018-06-18,243.65519531249993,12.380000114440918,1.0,-0.8041953445091135,,
2018-06-19,150.58897656249974,12.920000076293945,0.0,-5.567068918234732,,
2018-06-20,208.6781874999997,12.170000076293945,1.0,-2.1912382058284146,,
2018-06-21,174.90919531250074,12.449999809265137,0.5,-6.701922168405069,,
2018-06-22,252.79000000000087,12.020000457763672,1.0,-2.028845410513235,,
2018-06-25,190.8445859375006,12.579999923706055,1.0,-4.387237154056285,,
2018-06-26,194.91397656250047,12.800000190734863,1.0,-1.5895576715005948,,
2018-06-27,95.73677343750023,13.510000228881836,0.6666666666666666,-6.209638094864126,,
2018-06-28,12.975195312499636,13.949999809265137,0.3333333333333333,-7.807885713979741,,
2018-06-29,136.38699218749935,12.9399995803833,1.0,-1.4791792205288743,,
2018-07-02,77.95179687500058,13.369999885559082,1.0,-3.573873907705444,,
2018-07-03,119.19878124999923,13.0,0.8,0.16683043915009366,,
2018-07-04,186.57717968749967,12.65999984741211,0.75,1.7728612683955323,,
2018-07-05,163.97439062500052,12.579999923706055,0.6666666666666666,1.2687046741417989,,
2018-07-06,184.73197656249977,12.4399995803833,0.8333333333333334,2.3107583697523815,,
2018-07-09,262.6295703124997,12.390000343322754,1.0,6.072438666161042,,
2018-07-10,354.3899765624992,12.399999618530273,1.0,8.422904363222672,,
2018-07-11,352.9493828124996,12.779999732971191,0.8571428571428571,4.891467206273093,,
2018-07-12,424.7217734375008,12.510000228881836,0.875,5.638473168768895,,
2018-07-13,417.4803671874997,12.300000190734863,0.8888888888888888,4.067841683538186,,
2018-07-16,333.3847890625002,12.949999809265137,0.6666666666666666,-0.8535840771051242,,
2018-07-17,402.4529843750006,12.829999923706055,0.8,2.756158482368537,,
2018-07-18,372.6133750000008,13.680000305175781,0.5,0.9823114855742564,,
2018-07-19,347.9143906249992,13.59000015258789,0.5714285714285714,-0.4690178754392457,,
2018-07-20,399.4693750000006,13.539999961853027,0.6666666666666666,3.0708035564588014,,
2018-07-23,472.4987812500003,13.010000228881836,0.7142857142857143,6.330657455284475,,
2018-07-24,520.7037890624997,12.470000267028809,0.6,7.1796288270509345,,
2018-07-25,518.0175859374995,12.210000038146973,0.6,5.328787222132582,,
2018-07-26,552.6669921875,12.029999732971191,0.6666666666666666,4.905371363563021,,
2018-07-27,662.0472031249992,12.3100004196167,1.0,6.3771220247333815,,
2018-07-30,701.7342031249991,12.59000015258789,1.0,4.308554383872766,,
2018-07-31,736.2296015624997,12.479999542236328,1.0,7.343362677714083,,
2018-08-01,723.3817968750009,12.529999732971191,1.0,6.553660372675158,,
2018-08-02,620.0593984374991,12.5600004196167,1.0,2.634813032188763,,
2018-08-03,731.3574062499993,12.079999923706055,1.0,4.883028844518081,,
2018-08-06,751.8928125000002,12.5600004196167,1.0,3.4497508727875195,,
2018-08-07,747.1137968750008,12.579999923706055,1.0,1.9134325322806967,,
2018-08-08,799.8772031249991,12.539999961853027,1.0,5.020081162775117,,
2018-08-09,813.4265937500004,12.680000305175781,1.0,4.289157314997822,,
2018-08-10,764.4300000000003,12.850000381469727,1.0,2.23658325772549,,
2018-08-13,684.152,13.399999618530273,1.0,1.6481135745026732,,
2018-08-14,756.0280156249992,13.279999732971191,1.0,5.166638379138553,,
2018-08-16,699.2618125000008,13.649999618530273,1.0,4.045431401113361,,
2018-08-17,776.8144062499996,13.15999984741211,1.0,7.491716600910934,,
2018-08-20,848.4276093749995,13.029999732971191,1.0,8.493222673472582,,
2018-08-21,857.8940000000002,12.899999618530273,1.0,7.494454914659384,,
2018-08-23,860.2612109375004,12.760000228881836,0.9,6.313644930175859,,
2018-08-24,825.2156250000007,12.40999984741211,0.8571428571428571,3.1657094883257004,,
2018-08-27,950.4590078125002,12.239999771118164,1.0,8.226489581357395,,
2018-08-28,987.7616093750003,12.430000305175781,1.0,5.8216732938378675,,
2018-08-29,932.0611953125008,12.4399995803833,1.0,3.4904599676855264,,
2018-08-30,907.4890078125009,12.40999984741211,1.0,1.9467399735608844,,
2018-08-31,901.4120000000003,12.600000381469727,1.0,3.4109690692770878,,
2018-09-03,793.4736093749998,13.390000343322754,1.0,-0.6637525796823855,,
2018-09-04,721.2554062500003,13.779999732971191,1.0,-5.815797565194682,,
2018-09-05,667.323796875,13.649999618530273,0.6666666666666666,-4.940198007886558,,
2018-09-06,716.9199921875006,13.720000267028809,1.0,-1.6783438246344542,,
2018-09-07,758.2212109374996,13.890000343322754,1.0,0.990445961662721,,
2018-09-10,599.0876171875007,15.199999809265137,0.5,-5.553271485912323,,
2018-09-11,441.6028046874999,15.329999923706055,0.0,-10.543585761200996,,
2018-09-12,516.3311953124994,14.25,0.5,-5.535661077346266,,
2018-09-14,652.3906015624998,13.84000015258789,1.0,1.8344591185348784,,
2018-09-17,505.4796093749992,14.5,1.0,-1.5899879939260109,,
2018-09-18,397.1527968749997,14.420000076293945,0.6666666666666666,-5.48271744957583,,
2018-09-19,343.7220156250005,14.010000228881836,0.75,-5.031314276925679,,
2018-09-21,244.5692187500008,15.539999961853027,1.0,-6.480166226575556,,
2018-09-24,62.048796875000335,17.43000030517578,0.4,-11.301954185380003,,
2018-09-25,153.5433984374995,16.68000030517578,0.25,-4.701598878947271,,
2018-09-26,132.5078125,17.09000015258789,0.3333333333333333,-4.028580900956857,,
2018-09-27,49.910617187499156,16.920000076293945,0.0,-4.205202555328338,,
2018-09-28,-3.7229921875004948,17.0,0.0,-6.531529363450459,,
2018-10-01,67.75461718750012,16.84000015258789,0.6666666666666666,-3.3439785700958278,,
2018-10-03,-87.20118750000074,18.1200008392334,0.0,-7.645073375532952,,
2018-10-04,-349.967984375,18.920000076293945,0.0,-11.527787307254236,,
2018-10-05,-632.6981875000001,19.729999542236328,0.0,-14.704553251389832,-0.10923744682248626,
2018-10-08,-601.2301796874999,20.149999618530273,0.0,-11.849179932955316,,
2018-10-09,-647.6037812499999,19.760000228881836,0.0,-10.24023812696344,,
2018-10-10,-489.0167734375009,17.90999984741211,0.5,-2.7420130129700824,,
2018-10-11,-713.0059921874999,20.549999237060547,0.0,-10.06164701061189,,
2018-10-12,-475.2671796875002,18.6299991607666,0.5,-1.141347554136996,-0.09303712221299232,
2018-10-15,-435.5223828124999,18.889999389648438,0.5,-0.7520116352029965,,
2018-10-16,-363.7235859374996,17.3700008392334,0.5,3.202899571197551,,
2018-10-17,-494.6585781249996,17.979999542236328,0.5,-1.1976276235656431,,
2018-10-19,-642.377375,19.790000915527344,0.2,-4.616240782917346,-0.1131818433757743,
2018-10-22,-698.1167812500007,21.360000610351562,0.0,-6.322378822386921,,
2018-10-23,-793.2289765624992,19.040000915527344,0.3333333333333333,-8.627400854680209,,
2018-10-24,-712.3991796874998,18.8799991607666,0.0,-6.149691608374715,,
2018-10-25,-808.3331953124998,18.959999084472656,0.3333333333333333,-8.122474952306588,,
2018-10-26,-898.9091874999995,19.229999542236328,0.0,-9.37293405188721,-0.1272465776646896,
2018-10-29,-675.1239765624996,19.829999923706055,0.5,-1.6687642242713485,,
2018-10-30,-723.6219999999994,20.5,0.25,-2.274443456222013,,
2018-10-31,-532.6007812499993,19.799999237060547,0.0,1.5936371721819922,,
2018-11-01,-536.0493984375007,19.190000534057617,1.0,1.8493395045125391,,
2018-11-02,-362.48639062499933,18.229999542236328,1.0,5.14945959460117,-0.04662548200466132,
2018-11-05,-390.73239062500033,19.479999542236328,0.5,4.758648759219139,,
2018-11-06,-383.24839062499996,18.510000228881836,0.5,3.711621712088386,,
2018-11-07,-313.89280468750076,17.719999313354492,0.5,10.491326855345047,,
2018-11-09,-325.84100000000035,17.770000457763672,1.0,9.492903790736857,-0.024028333289497716,
2018-11-12,-426.9662031250009,19.3700008392334,0.5,3.5851031015119705,,
2018-11-13,-324.8743984374996,18.700000762939453,1.0,9.296902537600706,,
2018-11-14,-329.23219531249924,18.829999923706055,1.0,7.424738439855123,,
2018-11-15,-287.3506093750002,18.450000762939453,1.0,7.711149632608738,,
2018-11-16,-221.37941406249956,18.350000381469727,1.0,9.763667881225333,-0.02312841435777724,
2018-11-19,-140.82482031250038,19.260000228881836,1.0,11.443000993729818,,
2018-11-20,-248.50341406249936,19.329999923706055,0.5,2.6351826312334823,,
2018-11-21,-305.3206015625001,19.559999465942383,0.0,2.33787669828194,,
2018-11-22,-378.5408046875,19.15999984741211,0.0,-1.9053736104965973,-0.014868800483078815,
2018-11-26,-278.2771953124993,20.399999618530273,0.0,2.2592397732300595,,
2018-11-27,-222.6511953124991,18.31999969482422,0.0,3.3030143599155037,,
2018-11-28,-180.3907890624996,17.959999084472656,0.0,-0.024806432796408227,,
2018-11-29,-51.900601562500015,18.700000762939453,0.25,3.79788564589385,,
2018-11-30,-35.79839843750051,19.15999984741211,0.4,2.198270073913149,0.00013187171223627558,
2018-12-03,-30.953601562499898,18.219999313354492,1.0,3.0713118786562132,,
2018-12-04,-46.27039843750026,18.110000610351562,0.5,1.6038006279914463,,
2018-12-05,-133.56360937499994,18.389999389648438,0.6666666666666666,-3.233254031643365,,
2018-12-06,-315.09481249999953,19.309999465942383,0.0,-10.281753298617302,,
2018-12-07,-223.34940624999945,18.59000015258789,0.0,-5.68507088068688,-0.046043255770190195,
2018-12-10,-427.02980468749956,20.440000534057617,0.0,-11.742330720561997,,
2018-12-11,-364.57601562499985,17.950000762939453,0.5,-5.789179680459811,,
2018-12-12,-175.8863906250008,15.8100004196167,0.5,3.081580261441979,,
2018-12-13,-121.9729921875005,15.550000190734863,1.0,3.248565668452528,,
2018-12-14,-107.77340625000033,15.15999984741211,1.0,2.839735546915705,-0.039598428860793566,
2018-12-17,-25.12718750000022,14.539999961853027,1.0,4.687056356567396,,
2018-12-18,-5.581804687499243,14.579999923706055,0.5,6.925773382646052,,
2018-12-19,51.821007812499374,14.65999984741211,1.0,9.84836004034677,,
2018-12-20,35.00659375000032,14.329999923706055,1.0,6.421385487556447,,
2018-12-21,-163.04199999999946,15.989999771118164,0.5,-0.7461391465447302,-0.04021969090853905,
2018-12-24,-252.67360156249924,15.75,0.5,-4.974113847172964,,
2018-12-26,-186.2339921874991,15.920000076293945,0.5,-2.433365874959696,,
2018-12-27,-135.94739843749994,16.06999969482422,0.5,-0.7182084431488412,,
2018-12-28,-56.62641406250077,15.270000457763672,0.5,3.9578294556054967,-0.0669448443833911,
2018-12-31,-54.72419531249943,16.0,0.5,3.4200422818590424,,
2019-01-01,,15.329999923706055,0.5,3.343670957884671,,
2019-01-02,-125.74279687499984,16.389999389648438,0.0,-2.1733601253670907,,
2019-01-03,-246.65799999999945,16.790000915527344,0.0,-6.687294648027622,,
2019-01-04,-191.66278906250045,16.15999984741211,0.5,-2.744150166568052,-0.06717629157566163,
2019-01-07,-148.1285937499997,16.299999237060547,0.0,-1.336122863555678,,
2019-01-08,-118.59600781250083,15.699999809265137,1.0,-0.18410052472737232,,
2019-01-09,-66.27800781249971,15.270000457763672,0.5,1.667554116132151,,
2019-01-10,-100.40358593749988,15.350000381469727,0.5,1.182544276835396,,
2019-01-11,-127.23139843749959,15.350000381469727,0.0,-1.7597365007710413,,
2019-01-14,-183.65957812499983,16.15999984741211,0.5,-5.9852389551763086,,
2019-01-15,-33.97578124999927,15.579999923706055,1.0,1.8302590366739346,,
2019-01-16,-30.01178124999933,16.079999923706055,1.0,0.40657557546049095,,
2019-01-17,-14.167390624999825,16.239999771118164,0.6666666666666666,1.0599254708313113,,
2019-01-18,-11.52178906250083,16.6200008392334,0.4,-1.8600609784107471,,
2019-01-21,43.17762500000026,18.149999618530273,0.3333333333333333,-3.521868073245158,,
2019-01-22,4.760414062500786,17.989999771118164,0.4,-4.3360738781096755,,
2019-01-23,-85.29798437499994,18.09000015258789,0.3333333333333333,-5.002242263907917,,
2019-01-24,-66.13978124999994,17.43000030517578,0.3333333333333333,-4.638198215924659,,
2019-01-25,-133.55257812499985,17.690000534057617,0.125,-7.249434903938358,,
2019-01-28,-249.16697656249926,18.899999618530273,0.125,-10.476810375949567,,
2019-01-29,-254.65978906249984,18.43000030517578,0.25,-6.9355721257769165,,
2019-01-30,-251.2185781249991,17.850000381469727,0.6666666666666666,-5.856377193817476,,
2019-01-31,-69.37739062500077,17.1200008392334,0.8,0.11750956869479598,,
2019-02-01,-3.5996015625005384,15.720000267028809,0.8,3.91432601075029,,
2019-02-04,18.258406249999098,15.720000267028809,0.6666666666666666,0.8389940087956897,,
2019-02-05,43.73521875000006,15.779999732971191,0.625,3.050086007196475,,
2019-02-06,174.1058046875005,15.630000114440918,1.0,8.131888551342573,,
2019-02-07,182.45839843750036,15.4399995803833,1.0,9.016999723825743,,
2019-02-08,59.99521875000028,15.569999694824219,0.25,2.1048179558574214,,
2019-02-11,9.181812500000888,15.84000015258789,0.0,-0.6415125815712025,,
2019-02-12,-43.753203124999345,15.75,0.5,-1.252146657649166,,
2019-02-14,-123.47218749999956,15.770000457763672,0.25,-4.115392719894774,,
2019-02-15,-139.1512031250004,16.459999084472656,0.3333333333333333,-6.094412225368453,,
2019-02-18,-216.29299999999967,18.0,0.0,-10.259064548028736,,
2019-02-19,-246.8823828125005,18.469999313354492,0.0,-8.939234630205329,,
2019-02-20,-110.18460156249967,17.059999465942383,0.5,-1.6775556065316277,,
2019-02-21,-51.023585937500684,16.049999237060547,0.5,2.2638181401104887,,
2019-02-22,-43.790007812500335,15.449999809265137,1.0,5.124942114635856,,
2019-02-25,50.03241406249981,15.359999656677246,1.0,9.829498093792976,,
2019-02-26,11.117414062500757,17.110000610351562,1.0,6.769589349466979,,
2019-02-27,-11.323203125000873,18.899999618530273,0.5,5.720573104109346,,
2019-02-28,-19.356796874999418,18.280000686645508,0.5,3.771377994271282,,
2019-03-01,58.27080468749955,16.270000457763672,0.5,7.994763813494688,,
2019-03-05,188.22939843749919,15.65999984741211,1.0,10.722988574677474,,
2019-03-06,258.8904062500005,15.609999656677246,1.0,10.95517247019066,,
2019-03-07,269.0393984375005,15.289999961853027,1.0,6.236050202883265,,
2019-03-08,251.400390625,14.9399995803833,0.5,3.465859256904488,,
2019-03-11,387.36420312500013,14.899999618530273,1.0,8.835703028376402,,
2019-03-12,522.2673906250002,15.100000381469727,1.0,10.320120659580693,,
2019-03-13,563.8493906250005,15.279999732971191,1.0,5.716462357838746,,
2019-03-14,566.9483984375001,15.149999618530273,0.5,5.222560110958974,,
2019-03-15,651.8460078125008,15.869999885559082,1.0,5.18209463623916,,
2019-03-18,687.0037890625008,16.899999618530273,1.0,5.148986520559313,,
2019-03-19,755.2447812499995,16.489999771118164,1.0,7.84917078954853,,
2019-03-20,742.6849999999995,16.030000686645508,1.0,2.6038670096306116,,
2019-03-22,679.0019843749997,16.270000457763672,0.5,1.5849820987886816,,
2019-03-25,576.5395937499998,16.670000076293945,0.5,-2.1577419191728993,,
2019-03-26,703.9047968750001,16.489999771118164,1.0,2.78002933885854,,
2019-03-27,664.0190000000002,17.049999237060547,0.5,-0.8163396318430151,,
2019-03-28,785.5539921875006,16.649999618530273,0.8571428571428571,2.4229948466738986,,
2019-04-01,879.0903828124992,18.010000228881836,1.0,5.436995783642283,,
2019-04-02,917.9741875,18.079999923706055,1.0,4.993905641161867,,
2019-04-03,844.0029843749999,18.780000686645508,1.0,0.26774097913243383,,
2019-04-04,793.0891874999998,18.649999618530273,0.5,-1.4173028352552826,,
2019-04-05,855.1553828124997,18.389999389648438,1.0,1.2040249529729523,,
2019-04-08,788.9355859374991,20.149999618530273,1.0,-2.1057977657494047,,
2019-04-09,849.8761796875006,20.280000686645508,0.5,1.1861654643868529,,
2019-04-10,754.3453906249997,21.1299991607666,1.0,0.061408107225606176,,
2019-04-11,756.5037812499995,20.959999084472656,1.0,1.322970269548224,,
2019-04-12,792.8905781249996,21.0,1.0,3.2642484023576395,,
2019-04-15,828.6755937500002,21.389999389648438,1.0,5.398021420110798,,
2019-04-16,914.8599687499991,21.690000534057617,1.0,9.325653889181563,,
2019-04-18,868.3641874999994,22.739999771118164,0.5,5.266444091148549,,
2019-04-22,701.0389765625005,24.049999237060547,0.5,0.127090620030628,,
2019-04-23,674.0313750000005,24.649999618530273,1.0,-1.1687440381567598,,
2019-04-24,815.1003671875005,23.709999084472656,1.0,3.952845786962654,,
2019-04-25,721.2397812500003,23.229999542236328,1.0,0.14323746206035093,,
2019-04-26,822.4815624999992,21.719999313354492,1.0,2.480830650776652,,
2019-04-30,803.9583593749994,21.829999923706055,0.9090909090909091,2.757043259726352,,
2019-05-02,767.9343671874994,22.979999542236328,1.0,0.9830353943215593,,
2019-05-03,743.5343671874998,24.030000686645508,1.0,0.9861198680812758,,
2019-05-06,617.7475703125001,26.43000030517578,0.5,-5.193174653388051,,
2019-05-07,505.65475781249916,26.479999542236328,0.5,-7.703506534590226,,
2019-05-08,358.33575781249965,26.3700008392334,0.0,-11.575596255573824,,
2019-05-09,291.85817187499924,25.489999771118164,0.5,-10.74366966365131,,
2019-05-10,261.8203515624991,26.34000015258789,0.5,-11.881184270260166,,
2019-05-13,124.9781562499993,27.3799991607666,0.0,-14.630059857485591,,
2019-05-14,193.47536718750052,27.1299991607666,0.0,-11.060958065215482,,
2019-05-15,123.36156250000022,28.65999984741211,0.25,-12.504420235176303,,
2019-05-16,217.64437499999985,28.3700008392334,0.25,-6.04907110150788,,
2019-05-17,361.2251562500005,28.079999923706055,1.0,-1.1310581739609893,,
2019-05-20,772.3803671874994,23.68000030517578,1.0,6.165497857668287,,
2019-05-21,643.4147812499996,25.649999618530273,1.0,0.13540733809223074,,
2019-05-22,662.9723593750005,27.6299991607666,1.0,2.8380605493481905,,
2019-05-23,573.4757734374998,19.40999984741211,1.0,2.14023135855761,,
2019-05-24,750.7063828124992,16.469999313354492,1.0,7.387462020638049,,
2019-05-27,821.4163750000007,16.190000534057617,1.0,7.680650744158404,,
2019-05-28,816.0935781249991,15.920000076293945,1.0,5.011441517947784,,
2019-05-29,738.8039921875006,16.40999984741211,0.5,1.1911794237754567,,
2019-05-30,812.8379687500001,15.609999656677246,1.0,3.3382377103617387,,
2019-05-31,778.5689843750006,16.06999969482422,1.0,3.640376308477786,,
2019-06-03,932.6393828125001,15.970000267028809,1.0,10.251216979663647,,
2019-06-04,855.0515625000007,15.630000114440918,1.0,4.750995710633889,,
2019-06-06,668.2319687500003,15.529999732971191,1.0,0.4326328541549971,,
2019-06-07,687.0367578125006,14.859999656677246,1.0,-0.9187549375095487,,
2019-06-10,730.7189609375,14.979999542236328,1.0,2.7028368693103717,,
2019-06-11,764.9635781249999,14.489999771118164,0.8,4.575048347617578,,
2019-06-12,697.2705624999999,14.119999885559082,1.0,0.2886759207780157,,
2019-06-13,696.0709765624997,13.65999984741211,0.6666666666666666,0.9634621170001952,,
2019-06-14,595.5437812500004,13.899999618530273,1.0,-4.848076449727117,,
2019-06-17,436.5667656250007,14.649999618530273,0.3333333333333333,-10.693880731594916,,
2019-06-18,446.29197656249926,14.600000381469727,0.0,-5.658629689486747,,
2019-06-19,437.1037734375004,14.729999542236328,0.0,-6.266151564125521,,
2019-06-20,568.6503749999993,14.0,1.0,1.2367850838973053,-0.13569963171182553,
2019-06-21,453.5395859375003,14.609999656677246,0.0,-3.7153576586294808,-0.12914556646637765,
2019-06-24,421.9367656249997,15.220000267028809,0.0,-3.585292629787757,-0.156909336181433,
2019-06-25,511.47176562499953,15.010000228881836,1.0,0.521124211991838,-0.15682649547538952,
2019-06-26,555.0605781249997,14.75,1.0,3.153647082538778,-0.14143373016216676,
2019-06-27,542.0665781250009,14.649999618530273,1.0,4.216620340259,-0.13455223735083321,
2019-06-28,482.6691874999997,14.949999809265137,1.0,2.1772348238482717,-0.15701479877439195,
2019-07-01,550.5263906250002,14.600000381469727,1.0,4.872283037694042,-0.13540978169868445,
2019-07-02,585.2521875000002,14.25,1.0,7.4409588490224,-0.13786681290283243,
2019-07-03,582.2071796875007,13.699999809265137,1.0,7.360784512836509,-0.13336530132175528,
2019-07-04,602.8715781249994,13.529999732971191,1.0,8.931550965048054,-0.10438164346320922,
2019-07-05,459.6619687500006,13.069999694824219,0.6666666666666666,1.3076326077665843,-0.12346338657302369,
2019-07-08,201.54278906249965,13.850000381469727,0.25,-6.384664230009164,-0.1496536053538139,
2019-07-09,192.73636718749913,13.6899995803833,0.0,-4.132907097280223,-0.15555502711336322,
2019-07-10,129.1231640624992,13.640000343322754,0.0,-6.472378534138367,-0.14713041659234383,
2019-07-11,206.27875781250077,12.470000267028809,0.5,-1.1137642552041154,-0.13212334032283257,
2019-07-12,169.6327656249996,12.0,1.0,-0.3658071178942758,-0.12866248803193114,
2019-07-15,199.19278124999983,12.020000457763672,1.0,-0.48111491464077116,-0.10602640477263525,
2019-07-16,266.9831875,11.5600004196167,1.0,4.151815069839372,-0.10083263706674894,
2019-07-17,284.95637499999975,11.800000190734863,0.75,1.7605759662322118,-0.10336822186516759,
2019-07-18,187.94116406250032,11.75,0.3333333333333333,-4.195892391264558,-0.04395163061837415,
2019-07-19,4.837570312500247,12.520000457763672,0.0,-9.069366501943733,-0.06424484491142546,
2019-07-22,-71.88743749999958,13.010000228881836,0.0,-6.511299865226689,-0.06375013299098775,
2019-07-23,-90.56382812499942,13.430000305175781,0.6666666666666666,-4.963790798821835,-0.07196037608528327,
2019-07-24,-153.24262500000077,12.760000228881836,0.0,-10.061283380854231,-0.0843900733188665,
2019-07-25,-175.15364062499975,12.640000343322754,0.5,-6.9592318570625515,-0.07561363350964245,
2019-07-26,-145.58382812499985,12.130000114440918,1.0,-2.603007883051176,-0.0665102925726192,
2019-07-29,-242.81503906249964,13.0600004196167,0.0,-7.038824631587328,-0.08640165792166488,
2019-07-30,-348.64604687499923,13.609999656677246,0.1111111111111111,-9.94085651675327,-0.09602209364932202,
2019-07-31,-318.19203906250004,13.59000015258789,0.3333333333333333,-3.5879735137072166,-0.09576015966737272,
2019-08-01,-457.78764062499977,14.5600004196167,0.3333333333333333,-6.753796511214997,-0.10657577148652153,
2019-08-02,-443.1244296874993,15.1899995803833,0.2,-4.9803789637213605,-0.09130434650343977,
2019-08-05,-579.5576249999995,16.59000015258789,0.0,-8.62031006122657,-0.07947497167456852,
2019-08-06,-496.27883593750084,16.1200008392334,0.5,-2.507526413730826,-0.07179484226078092,
2019-08-07,-589.2252343750006,16.739999771118164,0.16666666666666666,-5.5061579748706775,-0.07311626733039289,
2019-08-08,-413.38543749999917,16.09000015258789,0.8,2.5858707478330873,-0.061593042927563735,
2019-08-09,-337.76444531249945,15.850000381469727,0.6,4.115712430045255,-0.042339665523433156,
2019-08-13,-521.4972265625001,17.780000686645508,0.0,-3.905326193599342,-0.05666972524008074,
2019-08-14,-417.6820468749993,16.360000610351562,0.5,1.3501876597823603,-0.044342859082613595,
2019-08-16,-399.1098281249997,16.649999618530273,1.0,2.0137899034582953,-0.05323517078858775,
2019-08-19,-393.8916484375004,16.75,0.6,1.1021917391931502,-0.047323618860727557,
2019-08-20,-431.8176406250004,16.6299991607666,0.2,-0.7345703952056056,-0.026763680797554534,
2019-08-21,-530.8158437500006,17.020000457763672,0.3333333333333333,-4.782830323350043,-0.0371785496542818,
2019-08-22,-708.1288281249999,17.850000381469727,0.1111111111111111,-9.913224810013675,-0.053042379291545316,
2019-08-23,-620.9684218750008,17.350000381469727,0.25,-4.6562748445566395,-0.041211270783736986,
2019-08-26,-395.8036171874992,16.65999984741211,1.0,1.4630478544536625,-0.028350968493256468,
2019-08-27,-352.3116171875008,16.010000228881836,1.0,4.287948244552998,-0.029956962941900533,
2019-08-28,-414.04681250000067,16.84000015258789,0.75,-0.30986052718391366,-0.01830022309685564,
2019-08-29,-513.1142187500009,16.43000030517578,1.0,-1.8898858858777488,-0.014873898416214226,
2019-08-30,-440.0168203124995,16.280000686645508,1.0,2.635547911554572,-0.01001850988115649,
2019-09-03,-664.7088359374993,18.059999465942383,0.0,-4.570915345091718,-0.022587707429649995,
2019-09-04,-618.0336406250008,17.239999771118164,0.5,-2.8307489187114045,-0.015877170171298416,
2019-09-05,-615.1136406250007,17.270000457763672,0.5,0.41120543014521643,0.000635910333494305,
2019-09-06,-518.0434375000004,16.270000457763672,1.0,4.5182589883006345,0.005269152825833734,
2019-09-09,-462.31022656250025,15.850000381469727,0.5,7.151302808609611,0.017066100629613667,
2019-09-11,-430.04583593750067,15.369999885559082,0.5,6.396520479771499,0.009214322998277624,
2019-09-12,-482.3846250000006,14.899999618530273,0.5,2.142607665267587,-0.007428032522735384,
2019-09-13,-389.4256406250006,14.119999885559082,1.0,6.843951726128029,0.015233591594609242,
2019-09-16,-461.57082812500084,14.949999809265137,0.5,3.2359605031956584,-0.0028508285790691534,
2019-09-17,-644.6676171875006,16.020000457763672,0.0,-3.7160323155671926,-0.02033648414091005,
2019-09-18,-617.9324374999997,15.350000381469727,0.0,0.7777917418086636,-0.0202928569047629,
2019-09-19,-748.6878203124998,15.550000190734863,0.0,-6.090897665792917,-0.03536612256630456,
2019-09-20,-178.73503125000025,15.399999618530273,1.0,1.3801746370785275,0.041050332630901853,
2019-09-23,145.87816406250022,16.790000915527344,0.8888888888888888,3.1292337939733423,0.09193943361868018,
2019-09-24,132.8701640625004,16.729999542236328,1.0,2.0148276496145523,0.07955931209383338,
2019-09-25,-14.392234375000044,16.170000076293945,0.6666666666666666,-1.0787773775880956,0.04454236544206136,
2019-09-26,116.20656249999956,16.34000015258789,1.0,5.4810003274279255,0.05436141302344255,
2019-09-27,56.96275781250006,16.110000610351562,1.0,1.0299093588046633,0.05367393404805754,
2019-09-30,18.05096093750035,15.869999885559082,0.6666666666666666,0.6608349299310878,0.0500577716343793,
2019-10-01,-95.51204687499921,16.760000228881836,0.6666666666666666,-4.732044148238204,0.033528051670632886,
2019-10-03,-140.36403906250052,17.700000762939453,0.3333333333333333,-5.871672484922168,0.04928812208892985,
2019-10-04,-276.45203906250026,17.579999923706055,0.0,-8.985913851299959,0.03193002283887425,
2019-10-07,-320.4596484374997,17.829999923706055,0.0,-10.079384060154512,0.026669705872273464,
2019-10-09,-130.36103125000045,17.15999984741211,0.5,-2.6104051401264137,0.03253918709254111,
2019-10-10,-205.83582812500026,17.229999542236328,0.5,-5.408513296467068,0.02552170053505043,
2019-10-11,-132.99222656249913,17.139999389648438,0.6666666666666666,-0.6069654243821432,0.023907104063577433,
2019-10-14,-94.29324218749935,17.43000030517578,1.0,3.3215737436873396,0.031626820230689745,
2019-10-15,-5.734226562499316,16.850000381469727,1.0,8.354014881198735,0.02731000556626917,
2019-10-16,31.62957031249971,16.360000610351562,1.0,9.562375811889876,0.03532088443541026,
2019-10-17,153.96278125000026,15.880000114440918,1.0,12.005580209728082,0.06856218906788092,
2019-10-18,228.94158593750035,15.930000305175781,1.0,14.186383807959341,0.07525182900453786,
2019-10-22,155.88239062499997,16.809999465942383,1.0,12.516132206512186,0.08503020780600945,
2019-10-23,172.32239062500048,16.540000915527344,1.0,11.331380896237242,0.020193421953443202,
2019-10-24,152.4587968750002,16.239999771118164,1.0,8.362038915103197,-0.012633956113991984,
2019-10-25,155.11077343750003,15.319999694824219,1.0,6.296213657811705,-0.010451733797688045,
2019-10-27,,,1.0,8.605992992755032,,
2019-10-29,356.5207968750001,16.420000076293945,1.0,11.586721539526847,0.021753979308237748,
2019-10-30,411.6256015625004,16.65999984741211,1.0,11.116408532340147,0.012495690463652842,
2019-10-31,443.7657890624996,16.280000686645508,1.0,11.095243344641938,0.025196189472131314,
2019-11-01,454.9248046875,15.729999542236328,1.0,9.623380918343402,0.03127245790303457,
2019-11-04,504.13180468750033,15.930000305175781,1.0,8.419129842280965,0.04918789717978456,
2019-11-05,478.67979687499974,15.920000076293945,1.0,5.252015325502606,0.052318951963858495,
2019-11-06,525.5990078124996,15.779999732971191,1.0,4.842557993593041,0.06732005820852338,
2019-11-07,569.2006093750006,15.210000038146973,1.0,5.962092903848852,0.07710757878136221,
2019-11-08,462.82199218750065,15.859999656677246,1.0,-1.4855603513963984,0.04957828570158984,
2019-11-11,464.7973984375003,16.25,1.0,-1.7609130147788716,0.05843074163851236,
2019-11-13,387.94939843750035,16.459999084472656,1.0,-5.986201557546352,0.0423568809274959,
2019-11-14,415.0364140625006,15.649999618530273,1.0,-4.715983092537924,0.04332665319132056,
2019-11-15,433.4546015625001,15.029999732971191,1.0,-5.858531621167392,0.03588668710778942,
2019-11-18,416.61400781250086,15.760000228881836,1.0,-5.3387985991369575,0.029191294322116645,
2019-11-19,466.46921875000044,15.40999984741211,1.0,-4.913562490202965,0.022535623693195284,
2019-11-20,518.732421875,15.15999984741211,1.0,-0.9292784010751505,0.018424376525355557,
2019-11-21,482.3427968750002,14.979999542236328,1.0,-3.4875914190614887,0.020314659131586144,
2019-11-22,424.2847968749993,14.869999885559082,0.5,-5.762574797413947,0.0182448609851531,
2019-11-25,581.6704062499994,15.0,1.0,2.0124388021158666,0.0339212164071645,
2019-11-26,542.9917968749996,14.84000015258789,1.0,-1.4443682528142932,0.03221682388647751,
2019-11-27,603.0893984374998,14.619999885559082,1.0,3.727335065879218,0.017155569556641437,
2019-11-28,649.5867890624995,13.989999771118164,1.0,4.686001417537542,0.015455722739699196,
2019-11-29,552.7906015624994,13.899999618530273,1.0,-1.4387261129238327,0.009063796771552557,
2019-12-02,543.9533906249999,14.199999809265137,1.0,-3.540775910574046,0.008781143237572175,
2019-12-03,489.4297890625003,14.5600004196167,1.0,-6.715180290469676,0.00045389703466280906,
2019-12-04,536.9729843749992,13.319999694824219,1.0,-2.0396929649297317,0.00460582599256143,
2019-12-05,511.5931796874993,14.3100004196167,0.5,-6.032476062215237,0.0043749262949743795,
2019-12-06,414.70318749999933,13.640000343322754,1.0,-10.208389505448833,-0.004059042788852829,
2019-12-09,431.9115859374997,14.600000381469727,0.5,-7.806864140821771,-2.9157095913667774e-05,
2019-12-10,352.5301953124999,14.289999961853027,0.5,-8.751070660672358,-0.005752691520431341,
2019-12-11,405.34957812500033,13.380000114440918,1.0,-5.159966904186472,0.010366465269951997,
2019-12-12,466.18979687499996,13.350000381469727,1.0,-0.039972921607110086,0.012372021326604088,
2019-12-13,579.7781875000001,13.300000190734863,1.0,5.240022155048732,0.02799414852508264,
2019-12-16,546.3213828125008,13.420000076293945,1.0,0.10547267231259519,0.028628792839164197,
2019-12-17,655.3007890624995,12.520000457763672,1.0,3.904477640983035,0.03271775844003699,
2019-12-18,709.4903749999994,12.34000015258789,1.0,5.921845342622484,0.03387861929026326,
2019-12-19,744.0489765625007,12.119999885559082,1.0,5.936055280327486,0.03814581533654593,
2019-12-20,751.3513906249991,12.329999923706055,1.0,5.038590683904307,0.03049281548529159,
2019-12-23,737.7315859374994,11.960000038146973,1.0,4.667937832285341,0.01713814771155453,
2019-12-24,685.3465937500005,11.630000114440918,0.5,2.9101309536880056,0.017159285539833036,
2019-12-26,594.9881953125005,11.119999885559082,1.0,-1.073529219709816,0.0041115615897604485,
2019-12-27,710.0645937499994,10.529999732971191,1.0,4.394385183873791,0.007295986526923093,
2019-12-30,715.6648046874998,11.010000228881836,1.0,5.959042423169467,0.014098496753142564,
2019-12-31,625.2893906249992,11.670000076293945,0.5,-0.942601653770441,0.008001480250577231,
2020-01-01,636.6595937500006,,0.5,-1.3166740803576338,0.00975869714214106,
2020-01-02,732.8345859375004,11.489999771118164,1.0,1.649993934252847,0.01490205083835483,
2020-01-03,673.7823750000007,12.699999809265137,0.5,-2.4681867810658553,0.005399179570294788,
2020-01-06,439.1621875000001,14.779999732971191,0.0,-8.746698275417522,-0.006467083264553253,
2020-01-07,497.9213749999999,14.609999656677246,0.5,-3.156389498068878,0.0037011245493723255,
2020-01-08,469.45199218749985,15.640000343322754,0.0,-4.946136862056356,0.006741632391046304,
2020-01-09,657.8495703125009,14.0,1.0,1.953160749226622,0.011671345958662593,
2020-01-10,695.1837890624993,14.079999923706055,1.0,4.688949703912693,0.016324571210233785,
2020-01-13,761.7661874999994,14.279999732971191,1.0,8.381867939564932,0.004011913268741729,
2020-01-14,788.0649921874992,13.90999984741211,1.0,11.03971013237131,0.013514439510887488,
2020-01-15,762.3097968750008,14.119999885559082,1.0,9.941581017394707,0.0005793254501387235,
2020-01-16,768.3291953125008,14.180000305175781,1.0,7.406748105141123,-0.002106931964343861,
2020-01-17,758.7800078125001,14.130000114440918,1.0,7.3327939042063734,-0.0014427819996980507,
2020-01-20,625.8906015624998,15.40999984741211,1.0,2.5450131943506658,-0.008312370905091404,
2020-01-21,567.1324062500007,15.859999656677246,1.0,-1.7358982955312763,-0.008566923266209003,
2020-01-22,500.8279843750006,16.360000610351562,0.8,-3.0566440599801363,-0.009802843566198427,
2020-01-23,569.6096093750002,15.859999656677246,1.0,1.6809275872889824,0.00394171432141488,
2020-01-24,630.8780000000006,15.5600004196167,1.0,4.102577116872805,-0.0007860372344650202,
2020-01-27,495.4456015625001,17.18000030517578,1.0,0.6293812774413833,-0.016595512310327853,
2020-01-28,426.4474062499994,17.299999237060547,0.6666666666666666,-2.9395971366388705,-0.014195869577258047,
2020-01-29,493.28199999999924,16.5,1.0,1.7766932518409273,-0.005826914536906425,
2020-01-30,393.31260937499974,16.799999237060547,0.0,-3.4554327939483356,-0.02104537432687359,
2020-01-31,314.19001562499943,17.3700008392334,0.0,-7.008990467775913,-0.01721678507052138,
2020-02-03,55.84119531249962,15.779999732971191,0.5714285714285714,-8.098264928180292,-0.030180215697969026,
2020-02-04,320.43719531249917,14.380000114440918,1.0,-0.2622167594202333,-0.0194346212367551,
2020-02-05,422.1679921875002,14.170000076293945,1.0,2.1490953786561744,-0.008047614795573033,
2020-02-06,461.7041953125008,13.779999732971191,1.0,3.394714400718689,-0.018708459545009992,
2020-02-07,413.2956093749999,13.75,1.0,4.413857236951656,-0.031244312041442845,
2020-02-10,337.0947968750006,14.210000038146973,1.0,-0.9341168061304672,-0.04445056283655391,
2020-02-11,404.217984375,13.880000114440918,1.0,3.4175407949841663,-0.04144303401107974,
2020-02-12,486.7521875000002,13.619999885559082,1.0,5.341624286805228,-0.030352106459905825,
2020-02-13,451.0647812499992,13.369999885559082,0.8571428571428571,2.7340562346588215,-0.03546018265292461,
2020-02-14,381.83418750000055,13.619999885559082,0.6666666666666666,-1.5812267170973306,-0.04263075470753375,
2020-02-17,305.22419531249943,14.420000076293945,0.3333333333333333,-5.111912768534181,-0.038807791160090255,
2020-02-18,244.21959375000006,14.510000228881836,0.5,-5.091564992437058,-0.04130549094704827,
2020-02-19,368.99517968749933,14.020000457763672,1.0,1.1069013698242294,-0.028583915655681524,
2020-02-20,315.7288046875001,13.699999809265137,1.0,-1.0943534246892683,-0.034380601705580216,
2020-02-24,57.78038281249974,17.0,0.0,-9.440834620200317,-0.056364216189460525,
2020-02-25,19.246781249999913,16.899999618530273,0.0,-9.72431923470935,-0.045150395878115424,
2020-02-26,-107.65081250000003,18.260000228881836,0.0,-13.41080664658038,-0.05488332457429834,
2020-02-27,-159.2826093750009,17.770000457763672,0.0,-13.33611452902031,-0.06498715727570403,
2020-02-28,-591.9836171874995,23.239999771118164,0.0,-19.275002796471167,-0.09141037969489973,
2020-03-02,-661.2028203124992,25.200000762939453,0.0,-18.8613659243855,-0.09547839598845631,
2020-03-03,-492.71061718750025,24.540000915527344,0.5,-7.613844847224491,-0.050710624150648864,
2020-03-04,-547.4320234375009,24.229999542236328,0.0,-8.229509420456402,-0.08132181905045943,
2020-03-05,-531.3980234374994,23.25,1.0,-5.824144071282509,-0.09029187948132877,
2020-03-06,-812.4802265625003,25.639999389648438,0.2,-11.856117876503875,-0.11653967551075117,
2020-03-09,-1347.3346249999995,30.799999237060547,0.0,-17.518641898957718,-0.16383619984887787,
2020-03-11,-1337.2684296874995,31.559999465942383,0.0,-16.697070644601766,-0.15256135122667125,
2020-03-12,-2194.6700312499997,41.15999984741211,0.0,-22.206694163765082,-0.22838070209023875,
2020-03-13,-1821.2374296875005,51.470001220703125,0.0,-12.896386133989607,-0.19916547699223397,
2020-03-16,-2564.3308359375005,58.880001068115234,0.0,-19.097043200536955,-0.45435558116249686,
2020-03-17,-2778.5554218750003,62.93000030517578,0.0,-19.443035345893875,-0.2703981741743361,
2020-03-18,-3255.9486171874996,63.959999084472656,0.0,-23.362483464822265,-0.30417887635825025,
2020-03-19,-3439.3778281249997,72.19999694824219,0.0,-24.38748647121822,-0.3128771776718148,
2020-03-20,-2940.8006328124993,67.0999984741211,0.0,-12.862488930996719,-0.27350097404004936,
2020-03-23,-4050.157625,71.98999786376953,0.0,-19.069309125360956,-0.3686109061034736,
2020-03-24,-3836.1278203125003,83.61000061035156,0.0,-11.965798375295323,-0.2672841404657096,
2020-03-25,-3295.6772109374997,77.62999725341797,0.0,-3.4265623070598044,-0.3450925690424623,
2020-03-26,-2948.4066249999996,71.52999877929688,0.0,1.9237217487692546,-0.2725367929876541,
2020-03-27,-2906.1832187500004,70.38999938964844,0.5,-0.0624094782797019,-0.2560436144537255,
2020-03-30,-3260.0608046875004,71.88999938964844,0.0,-3.505607754956122,-0.2713085991431835,
2020-03-31,-2919.6228125,64.41000366210938,0.3333333333333333,2.768139109581359,-0.23587962240125027,
2020-04-01,-3237.5042031249995,60.04999923706055,0.0,-4.462431637615256,-0.2847210102464416,
2020-04-03,-3380.379000000001,55.29999923706055,0.0,-6.56017133986703,-0.28198213470861655,
2020-04-07,-2651.4370078124994,51.79999923706055,1.0,3.1780416310178907,-0.21024220835504648,
2020-04-08,-2674.3652031250003,52.2400016784668,1.0,2.7820340617419106,-0.1867364307304269,
2020-04-09,-2294.7120156250003,49.75,1.0,8.276209686879747,-0.11113953017136968,
2020-04-13,-2395.7023906249997,51.459999084472656,0.75,5.135080652901609,-0.12295800232120091,
2020-04-15,-2445.1481953125003,49.7400016784668,0.8,4.019611443283133,-0.06026590080392347,
2020-04-16,-2359.714195312499,46.099998474121094,1.0,5.652409362686201,-0.09092045612083233,
2020-04-17,-2069.4576015625007,42.59000015258789,1.0,8.806516751288711,0.1801615392090231,
2020-04-20,-2057.7235859374996,43.459999084472656,1.0,5.023513705599853,0.016584654350599637,
2020-04-21,-2318.5482031249994,45.20000076293945,0.6666666666666666,-1.889852422691034,0.04378757742730843,
2020-04-22,-2094.4849921874993,42.81999969482422,1.0,4.817393472343704,0.09206899901021304,
2020-04-23,-1949.7048125000001,39.22999954223633,1.0,4.486958295553939,0.04232702014925538,
2020-04-24,-2089.14521875,39.119998931884766,0.5,-0.8743068490922353,0.1710507539715176,
2020-04-27,-1942.7974062499998,38.040000915527344,1.0,4.9210216689245385,0.08951425754983267,
2020-04-28,-1826.4112265625008,35.349998474121094,0.5,4.935381365483713,0.15809276146200257,
2020-04-29,-1637.7280078125004,33.84000015258789,0.5,7.8562211172139484,0.0979396748297574,
2020-04-30,-1317.3852265624992,33.9900016784668,0.5,11.700544550447779,0.11646145397280483,
2020-05-04,-1863.8388203124996,43.66999816894531,1.0,2.4822637230936317,0.10037046678202666,
2020-05-05,-1930.6312109374994,43.61000061035156,0.0,-2.150875135650668,0.047331979681083824,
2020-05-06,-1844.4780312500006,41.25,0.5,1.6947385253767284,0.0994977400410646,
2020-05-07,-1894.7962187499998,39.93000030517578,0.5,-2.431577570146316,0.11023644908933927,
2020-05-08,-1820.827625,38.40999984741211,0.0,-1.0803816483015303,-0.0046280229634731995,
2020-05-11,-1811.7034296875008,38.040000915527344,0.0,-0.3384940758830697,0.0036831315621237426,
2020-05-12,-1832.1978203125,38.209999084472656,0.5,1.3594139379138532,-0.04557042697522973,
2020-05-13,-1624.1698203124997,38.84000015258789,0.5,6.384975040111337,0.0008585367355276041,
2020-05-14,-1842.8464218749996,38.18000030517578,0.5,0.6786159419092723,-0.012210289155860199,
2020-05-15,-1826.534007812499,38.02000045776367,0.5,-0.17204150207423227,-0.024965276521718316,
2020-05-18,-2115.996015625,40.91999816894531,0.0,-7.231670319878922,-0.09929059841310117,
2020-05-19,-2036.2024062500004,39.45000076293945,0.5,-2.0986393526282052,-0.0634848561883361,
2020-05-20,-1826.1210078125005,35.810001373291016,1.0,5.010204166031473,-0.01358377169893954,
2020-05-21,-1764.1948125,32.9900016784668,0.0,4.6447124994802955,-0.03430561096562401,
2020-05-22,-1807.9880156250001,32.380001068115234,0.25,2.5274920450293314,-0.06580891006315281,
2020-05-26,-1794.4278125,31.469999313354492,0.0,4.067948036842181,-0.03099886571549393,
2020-05-27,-1487.2998203125007,31.270000457763672,0.5,8.237412030143606,-0.0305089434823389,
2020-05-28,-1292.7559999999994,30.020000457763672,1.0,11.648791661026587,-0.022434243955494537,
2020-05-29,-1182.6082031250007,30.219999313354492,1.0,14.07628408629448,-0.032002498117743805,
2020-06-01,-919.06521875,30.739999771118164,1.0,16.426050616059122,-0.025009112363569286,
2020-06-02,-749.1431953124993,30.1200008392334,1.0,16.166768685866554,0.06585760650411454,
2020-06-03,-649.9761953124998,30.040000915527344,1.0,15.590992561163542,0.08552565755787755,
2020-06-04,-666.2107890624993,29.690000534057617,1.0,12.93808482277017,0.07482860963676297,
2020-06-05,-537.9116093749999,28.68000030517578,0.5,14.403887582266504,0.09368428774985404,
2020-06-08,-497.9978046875003,29.649999618530273,0.5,12.330453476399866,0.11177351676623104,
2020-06-09,-602.8252109375007,30.209999084472656,1.0,6.997643753418068,0.09015898964909697,
2020-06-10,-518.1072109375,29.440000534057617,0.5,5.179890343705691,0.11504882632541069,
2020-06-11,-716.1016015624991,29.65999984741211,0.5,-2.1255442642408036,0.050158433979843986,
2020-06-12,-629.4844140624991,30.81999969482422,0.5,0.6245546928938899,0.08708474629532614,
2020-06-15,-772.3398125000003,32.58000183105469,1.0,-5.12536434217773,0.06898422875631582,
2020-06-16,-656.0708046875006,32.970001220703125,1.0,-4.738934461781779,0.12454520409199654,
2020-06-17,-672.1952187499992,33.349998474121094,0.5,-3.6954918323669093,0.11285499941818244,
2020-06-18,-445.73482031250023,31.459999084472656,1.0,1.885506682608896,0.11490390272935358,
2020-06-19,-278.50842187499984,29.969999313354492,1.0,4.633596376680008,,
2020-06-22,-196.8782187500001,30.459999084472656,0.5,7.791124308192735,0.13887331422995897,
2020-06-23,-23.073210937500335,29.34000015258789,0.5,13.82910170670315,0.17108036555785433,
2020-06-24,-173.13820312499956,29.579999923706055,0.5,5.678355941848028,0.10677807419963958,
2020-06-25,-173.6744218749991,29.729999542236328,0.5,3.555018497875658,0.09057052214838957,
2020-06-26,-64.53681250000045,28.739999771118164,0.5,3.999560589170993,0.08882089513875047,
2020-06-29,-119.91922656250063,28.90999984741211,1.0,-0.18217769976919013,0.059489816407992224,
2020-06-30,-115.6244062500009,29.1200008392334,1.0,-0.6945090270838832,0.034205082572953516,
2020-07-01,26.851789062500757,28.1200008392334,0.5,-0.750052840341359,0.027386665756139017,
2020-07-02,162.13537499999984,26.510000228881836,1.0,3.2045022215388905,0.043320329860830675,
2020-07-03,230.27359375000015,25.770000457763672,1.0,6.076410908531821,,
2020-07-06,397.92517187500016,25.200000762939453,1.0,10.244336197889673,0.04850915305022574,
2020-07-07,445.78557031250057,25.100000381469727,1.0,8.92718416190973,0.06526851506923514,
2020-07-08,364.0523828125006,26.100000381469727,1.0,3.667696132471594,0.0444261355605402,
2020-07-09,481.1893749999999,24.90999984741211,1.0,6.0917513811131245,0.07725966392570638,
2020-07-10,446.0681874999991,24.940000534057617,1.0,2.256887493638009,0.05888799127427502,
2020-07-13,490.49977343749924,25.25,1.0,4.573817040249281,0.08557702905491715,
2020-07-14,308.01759375000074,26.639999389648438,0.5,-3.348695148886957,0.05236013537460482,
2020-07-15,331.97697656250057,26.290000915527344,1.0,-2.194386939998419,0.06353160060513896,
2020-07-16,466.44377343750057,25.360000610351562,1.0,0.5682288672740228,0.04992252501250971,
2020-07-17,639.8785703124995,24.15999984741211,1.0,5.737641800496931,0.04986299389983184,
2020-07-20,770.9473671875003,24.709999084472656,1.0,8.148979654952036,0.05420761644395866,
2020-07-21,920.5431718750006,24.43000030517578,1.0,8.303710626778939,-0.002886495180074,
2020-07-22,900.6507812500004,24.889999389648438,1.0,2.9757632400918554,0.042525764471253336,
2020-07-23,991.5741640625001,24.639999389648438,1.0,7.343806287347884,0.07441395446348498,
2020-07-24,978.0799531249995,24.540000915527344,1.0,0.7358415078300833,0.06294354133766888,
2020-07-27,923.5301718749997,25.020000457763672,1.0,-0.48885694813902353,0.06795814022827806,
2020-07-28,1099.3185703125,23.639999389648438,1.0,5.600026133340803,0.08681153780967632,
2020-07-29,1009.9815781249999,24.110000610351562,1.0,4.400021381824293,0.06258875492660931,
2020-07-30,917.4171562499996,24.729999542236328,1.0,0.5091084033107823,0.04301370140366134,
2020-07-31,896.5757578124994,24.190000534057617,1.0,3.143815966345187,0.036605208739161066,
2020-08-03,724.6283750000002,25.190000534057617,1.0,-0.5186960275357584,0.00778505506603655,
2020-08-04,935.8031640624995,23.81999969482422,1.0,2.8483396138343817,0.02143509830653989,
2020-08-05,949.0871484375002,23.56999969482422,1.0,3.6031869567735857,0.03515788577538248,
2020-08-06,1051.6491484375001,23.149999618530273,1.0,7.12988023736021,0.03393950186571848,
2020-08-07,1071.6733671875008,22.579999923706055,1.0,8.197174739658355,0.04595604994533786,
2020-08-10,1134.3259531250005,22.510000228881836,1.0,8.524961150629563,0.049170021631384286,
2020-08-11,1193.1991640625001,21.360000610351562,1.0,8.974968214151462,0.07105663167463372,
2020-08-12,1185.4191484375006,20.850000381469727,1.0,6.252246720669376,0.062266911546656534,
2020-08-13,1183.3173515625003,20.56999969482422,1.0,6.02456549872949,0.05218832395001538,
2020-08-14,1068.703546875,21.670000076293945,0.5,0.5655535898695787,0.02629090514735788,
2020-08-17,1145.0355703125006,21.309999465942383,1.0,5.008180209893295,0.023583135809234212,
2020-08-18,1289.5999765625002,20.43000030517578,1.0,8.097601989912699,0.07628269234795748,
2020-08-19,1318.2911562499994,19.959999084472656,1.0,6.4434925372012986,0.0540555123520684,
2020-08-20,1227.9597578124994,20.6200008392334,1.0,2.5446757122556054,0.016778680530603385,
2020-08-21,1292.3263750000006,19.940000534057617,1.0,3.3547346736636774,0.02808578196196232,
2020-08-24,1392.4525625000006,19.229999542236328,1.0,2.562964732997554,0.049616916164057945,
2020-08-25,1403.1211640625006,19.31999969482422,1.0,1.3696984179070888,0.03292927495453157,
2020-08-26,1482.7091796874993,19.299999237060547,1.0,3.120662341923983,0.05006023046696739,
2020-08-27,1494.2687734374995,18.899999618530273,1.0,2.371451007028713,0.06339438136137976,
2020-08-28,1582.8655859374994,18.350000381469727,1.0,2.4857326421144017,0.0668696686538508,
2020-08-31,1324.7323749999996,22.84000015258789,0.5,-5.420764201906404,0.0645954524202802,
2020-09-01,1405.3343750000004,21.799999237060547,0.5,-0.9806252561052365,0.041968936946087165,
2020-09-02,1466.8663749999996,21.110000610351562,1.0,3.743124790459355,0.04358224051525894,
2020-09-03,1457.5233671874994,20.5,1.0,3.608011192194018,0.03285916461949934,
2020-09-04,1263.2599843749995,22.149999618530273,0.5,-5.229809024568536,0.011594607735181506,
2020-09-07,1283.7717812499995,22.010000228881836,1.0,-3.733480111010619,0.00798954471047486,
2020-09-08,1243.4483906250007,22.719999313354492,1.0,-6.145574636281418,0.005931952402752572,
2020-09-09,1197.4863828124999,22.229999542236328,0.5,-4.846379247866613,0.0014026144478179736,
2020-09-10,1360.8095859375007,21.260000228881836,1.0,-1.2379466573454085,0.019998183714146966,
2020-09-11,1361.0153828125003,20.709999084472656,1.0,-1.1946836287371525,0.032416986325724095,
2020-09-14,1324.7361953125,21.190000534057617,1.0,-3.704741150784945,0.01988909905093439,
2020-09-15,1387.8909999999996,20.600000381469727,1.0,-0.12206094155131622,0.014716933433348234,
2020-09-16,1449.5409999999993,19.65999984741211,1.0,3.172859229639834,0.014908175180599725,
2020-09-17,1336.7124062500006,20.100000381469727,1.0,-1.5858424484765024,0.018481366753259953,
2020-09-18,1299.6309921875,20.049999237060547,1.0,-0.024780185117137275,0.006222008094982634,
2020-09-21,1025.1898046874994,22.190000534057617,0.5,-7.111183787823117,-0.03645415978479005,
2020-09-22,899.9431874999991,21.40999984741211,0.6666666666666666,-8.181877644582551,-0.04166018060120058,
2020-09-23,851.4960078125005,20.989999771118164,1.0,-7.603354436476633,-0.04962096271251082,
2020-09-24,505.29460156250025,23.510000228881836,0.5,-14.039108175299068,-0.07772642178218359,
2020-09-25,730.7243984375,20.68000030517578,1.0,-4.031997597971958,-0.06376212763997924,
2020-09-28,887.4858046874997,19.56999969482422,1.0,3.792001965295676,-0.02700302784930908,
2020-09-29,858.8059843749998,19.770000457763672,1.0,0.3752743352419145,-0.022523391745155164,
2020-09-30,862.7569999999996,19.530000686645508,1.0,-0.2384119075293431,-0.025833506350871116,
2020-10-01,1006.8521875000006,18.350000381469727,1.0,4.350390257475995,-0.008673384927447514,
2020-10-05,1065.8952031249992,19.700000762939453,1.0,5.559410210662179,0.014042771447847269,
2020-10-06,1201.9843828124995,19.639999389648438,1.0,8.003153808723603,0.025697409691447515,
2020-10-07,1254.5128046874997,20.059999465942383,0.875,6.7298531162284005,0.030815815035888372,
2020-10-08,1328.4812109374998,20.3799991607666,0.8888888888888888,6.7789707314596015,0.049352687477832946,
2020-10-09,1384.7189921874997,20.3799991607666,1.0,4.273703325739672,0.028688516099741213,
2020-10-12,1377.4237890625009,21.1299991607666,0.8333333333333334,4.042120902877913,0.02740040371670549,
2020-10-13,1357.4399921874992,20.719999313354492,1.0,0.9435534659910173,0.031343402300237244,
2020-10-14,1372.3553984374994,20.209999084472656,0.0,1.6810891994471964,0.027119147326389426,
2020-10-15,1062.3072031249994,22.059999465942383,0.5,-5.715472473179571,-0.003499984345952889,
2020-10-16,1122.1597890624998,21.649999618530273,1.0,-0.1308411144196456,0.009514261775333432,
2020-10-19,1211.2733984375009,21.81999969482422,1.0,2.983857270020292,0.023326981882663356,
2020-10-20,1214.3602031249993,22.690000534057617,1.0,3.3504286754711483,0.04650272354321383,
2020-10-21,1232.9447890624997,22.920000076293945,1.0,3.650350734476394,0.056592206229105546,
2020-10-22,1170.8313906250005,22.639999389648438,1.0,0.9866506009352297,0.05312520556045275,
2020-10-23,1184.3352109374991,21.829999923706055,1.0,2.807259582583371,0.08577124812445724,
2020-10-26,1004.0203984375003,22.829999923706055,0.5,-2.248605796068154,0.04986904535409287,
2020-10-27,1109.4347890624995,22.200000762939453,1.0,1.4329588941260583,0.042046065718226444,
2020-10-28,930.1452109375005,23.280000686645508,0.5,-4.100306359351411,0.027362633580256146,
2020-10-29,851.6238046875005,24.020000457763672,1.0,-6.809341566742065,0.02302522866761114,
2020-10-30,804.2523906250008,24.75,1.0,-5.025824918243506,0.0023953247063330796,
2020-11-02,811.2415859374996,25.209999084472656,1.0,-3.2029476603810494,-0.0019950659105247848,
2020-11-03,935.0951953125004,24.239999771118164,1.0,0.8339519142336893,0.0006442106910622414,
2020-11-04,1008.7407968749994,23.200000762939453,1.0,4.136869748009384,0.001678291757995165,
2020-11-05,1197.1506015625,20.969999313354492,1.0,11.202893430189501,0.00862305978683886,
2020-11-06,1317.3606015624991,20.5,1.0,10.802367351973228,0.02026001021998991,
2020-11-09,1488.3142031250009,20.110000610351562,1.0,14.111027833432642,0.036741796140414174,
2020-11-10,1630.4100078124993,21.579999923706055,1.0,12.45447731826307,0.053853872532236835,
2020-11-11,1717.0535859374995,22.030000686645508,1.0,16.190026896760696,0.059583325131763676,
2020-11-12,1628.2093984375006,20.6200008392334,1.0,12.337294733713293,0.08109091225260978,
2020-11-13,1628.1325859374992,19.700000762939453,1.0,12.094150236674512,0.07779137292771776,
2020-11-14,,,1.0,15.531577466370058,,
2020-11-17,1752.2389843750007,19.799999237060547,1.0,15.071290654302773,0.08026353266732511,
2020-11-18,1785.0967890624997,19.1200008392334,1.0,11.78560144442954,0.08438722554032974,
2020-11-19,1588.6057812500003,19.56999969482422,1.0,6.55185572726053,0.06536061471011023,
2020-11-20,1647.6025937499999,19.6200008392334,1.0,9.178791049576798,0.07596656495140297,
2020-11-23,1687.5121796874992,20.799999237060547,1.0,11.328101767835562,0.07899657204471056,
2020-11-24,1788.4135703124994,21.059999465942383,1.0,12.722992355501825,0.10535759226746766,
2020-11-25,1567.4055703124995,23.1299991607666,1.0,4.4097210181378514,0.07700878635716313,
2020-11-26,1671.9419765625007,20.020000457763672,1.0,8.88068083302188,0.100901064089161,
2020-11-27,1630.6329687500001,19.81999969482422,1.0,6.356920681563355,0.10808881047714447,
2020-12-01,1746.0929765625006,20.18000030517578,1.0,8.655662375824566,0.12507794880411072,
2020-12-02,1727.020375,19.90999984741211,1.0,11.627360125674647,0.11839111144680858,
2020-12-03,1723.4391640625,19.0,1.0,12.240567375551985,0.10636510809237065,
2020-12-04,1822.393382812499,18.030000686645508,1.0,15.10591876181526,0.11022253215782585,
2020-12-07,1893.6767812500002,18.020000457763672,1.0,14.35938807784885,0.09654394632718866,
2020-12-08,1902.9493750000001,18.6200008392334,1.0,10.47586297278542,0.08805458035812053,
2020-12-09,2010.6491953125005,18.920000076293945,1.0,10.934796977733527,0.07986840247064175,
2020-12-10,1930.5325937500002,18.709999084472656,1.0,8.764833890872884,0.06258429898804652,
2020-12-11,1937.2836015624998,18.790000915527344,1.0,6.262136819805085,0.05728622275227435,
2020-12-14,1952.1683828125006,19.399999618530273,1.0,7.123566488931434,0.06204697817520266,
2020-12-15,1934.0580078125004,19.350000381469727,1.0,5.646554400034809,0.0675546965391649,
2020-12-16,2021.4021953124993,19.200000762939453,1.0,8.438089963664845,0.05830965489557283,
2020-12-17,2051.9661953124996,19.15999984741211,1.0,3.812982697543961,0.05977640184440358,
2020-12-18,2045.499406250001,18.6200008392334,1.0,4.028804025263241,0.0747332905415905,
2020-12-21,1589.1651875000007,23.190000534057617,0.5,-5.249160342966445,0.03560435638293291,
2020-12-22,1701.6454062499997,21.989999771118164,1.0,2.43250517393655,0.03997270971217515,
2020-12-23,1810.7004140624995,20.5,1.0,7.808413324129908,0.04181868476536654,
2020-12-24,1931.3560078124992,19.969999313354492,1.0,8.752338174288107,0.06928152665276421,
2020-12-28,2026.7373984375008,20.43000030517578,1.0,13.342822142599365,0.0673434935731585,
2020-12-29,2058.1164140625006,20.790000915527344,1.0,9.280490843944932,0.0711723726269009,
2020-12-30,2080.0249999999996,21.110000610351562,1.0,10.684037963227672,0.06210731333803898,
2020-12-31,2052.8296015625,21.100000381469727,1.0,7.832394697186275,0.059917693503104275,
2021-01-01,2063.5408046875,,1.0,9.49923202497059,0.060183940092274124,
2021-01-04,2151.2751953125007,20.030000686645508,1.0,11.40846256588503,0.05698556271399147,
2021-01-05,2189.9248046875,20.459999084472656,1.0,8.788742099360476,0.05513571985955612,
2021-01-06,2110.01240625,21.0,1.0,7.008970808567661,0.0517757903162015,
2021-01-07,2074.1576171875004,20.6200008392334,1.0,5.916430661555359,0.04004351577046039,
2021-01-08,2255.7016093750008,20.639999389648438,1.0,10.47707963218166,0.060002019665825745,
2021-01-11,2362.18240625,22.3799991607666,1.0,11.299428789966813,0.06602311516732717,
2021-01-12,2409.3206015625,22.850000381469727,1.0,9.42680537360921,0.0705710529594703,
2021-01-13,2380.1208203125007,23.290000915527344,1.0,7.894658942043898,0.06810374452663881,
2021-01-14,2381.319625,23.030000686645508,1.0,6.2774482253086425,0.06493117941378146,
2021-01-15,2192.1282109375006,24.010000228881836,1.0,-1.2275423611111156,0.0441617369084224,
2021-01-18,2014.7754218749997,24.399999618530273,1.0,-7.367989204545462,0.03381683898193377,
2021-01-19,2227.5176015625,22.899999618530273,1.0,0.3352815599173536,0.08412268005941526,
2021-01-20,2323.633406249999,21.549999237060547,1.0,4.456139458114201,0.08259223317040987,
2021-01-21,2242.1132265625,22.18000030517578,1.0,-0.17224953427020182,0.059757742953235216,
2021-01-22,1997.7432031249991,,1.0,-5.777295073493805,0.040813931374938495,
2021-01-25,1841.2363984375006,23.25,1.0,-6.363241423767659,0.025020275581852713,
2021-01-27,1547.7188046874999,24.389999389648438,0.5,-10.115379346718996,0.0025049446337004344,
2021-01-28,1376.0454140625006,24.290000915527344,0.5,-11.003492192770087,-0.013096165971333895,
2021-01-29,1172.6060234375,25.34000015258789,0.5,-15.730129975902804,-0.02393841517129136,
2021-02-01,1792.0898046875009,23.31999969482422,1.0,-5.779197253011379,0.018294686657673864,
2021-02-02,2130.3184218749993,23.350000381469727,1.0,0.9079295202634214,0.051977959671173024,
2021-02-03,2242.912609375,23.75,1.0,6.742851425670076,0.057532867705544444,
2021-02-04,2319.0488046875,23.1200008392334,1.0,7.516878439184609,0.06321104770093722,
2021-02-05,2317.9668125000007,23.420000076293945,1.0,6.513809632060133,0.07122358652060612,
2021-02-08,2478.7514218750002,23.959999084472656,1.0,10.238571517140112,0.06557844003828428,
2021-02-09,2441.9570234375005,24.270000457763672,1.0,7.467922150387364,0.05692004031145692,
2021-02-10,2408.772421875001,23.950000762939453,1.0,5.201027213953297,0.046197260305179455,
2021-02-11,2444.5894296874994,23.049999237060547,1.0,5.70993135687088,0.04846270240563977,
2021-02-12,2402.7102343749993,22.040000915527344,1.0,0.8535802010761712,0.04469624222769886,
2021-02-15,2521.5698203124994,,1.0,0.8802019826986855,0.07261377062467977,
2021-02-16,2488.8950156249994,21.780000686645508,1.0,1.6292561676625614,0.08252247936732238,
2021-02-17,2353.9412109375007,,1.0,-0.30333586282154185,0.058482946754285114,
2021-02-18,2233.537015624999,21.540000915527344,1.0,-1.1572747968539894,0.04750156592063648,
2021-02-19,2067.4556171874992,22.25,0.5,-6.219588470153268,0.05023581822571088,
2021-02-22,1735.7318125000002,25.469999313354492,1.0,-8.906936021034493,0.03894788018063111,
2021-02-23,1741.9470234375003,25.229999542236328,1.0,-4.5602203808464,0.048095910529678765,
2021-02-24,1988.6880156250008,24.170000076293945,1.0,0.0870924156711304,0.08913605738696684,
2021-02-25,2075.7328281249993,22.889999389648438,1.0,3.162166521912745,0.1104387667261918,
2021-02-26,1484.4812031250003,28.139999389648438,0.5,-5.958227391162305,0.08878180329309504,
2021-03-01,1689.8882187500003,25.6299991607666,1.0,3.306904861776302,0.05542255202677804,
2021-03-02,1819.8472265625005,23.610000610351562,1.0,9.069285795998796,0.025735029473667015,
2021-03-03,2116.6624296874998,22.09000015258789,1.0,13.420324742180837,0.04116371794014684,
2021-03-04,1923.3864218750005,24.149999618530273,1.0,6.434811152693407,0.022318475655595305,
2021-03-05,1751.9020312499997,25.559999465942383,1.0,0.35575457947642025,0.009961365886583362,
2021-03-08,1741.1934140624999,24.68000030517578,0.5,0.8365264741170715,0.0015981586480096066,
2021-03-09,1853.1452031249992,22.5,1.0,1.4117034788230587,0.011468265907362052,
2021-03-10,1898.3702187500003,20.75,1.0,4.609575573582505,0.021150470854465087,
2021-03-12,1725.8670078124997,21.709999084472656,0.5,-1.8648927125234092,0.009469404779973933,
2021-03-15,1596.6964140625005,21.229999542236328,1.0,-1.7076394920646072,0.0016369081414150388,
2021-03-16,1549.883406249999,20.190000534057617,0.5,-2.306250493507406,-0.01288264262958172,
2021-03-17,1335.1370156249995,20.15999984741211,0.5,-8.9778413128697,-0.02516125109913392,
2021-03-18,1148.0604218749995,20.079999923706055,1.0,-10.80005198325703,-0.0288621269135636,
2021-03-19,1308.3876093750005,19.989999771118164,1.0,-3.200042531755746,-0.012610378114416121,
2021-03-22,1274.9363984374995,20.489999771118164,1.0,-1.345489344163791,-0.00326028740369666,
2021-03-23,1324.7724062500001,20.670000076293945,1.0,0.535508718411445,0.016727772507786676,
2021-03-24,1032.2567968750009,22.459999084472656,0.5,-7.016401957663368,-0.0057878442051944035,
2021-03-25,782.2123906249999,22.700000762939453,0.5,-12.467965238088214,-0.040684682306827424,
2021-03-26,934.9978046875003,20.649999618530273,0.5,-3.837426103890351,-0.045885796479644525,
2021-03-30,1242.4388125000005,20.489999771118164,1.0,3.587560460453354,0.018096252438662086,
2021-03-31,1060.3341953125,20.649999618530273,1.0,2.3898221949163796,-0.012072325413103435,
2021-04-01,1207.8240156249994,19.989999771118164,1.0,7.591672704931586,-0.00937507597669851,
2021-04-05,951.1522109375001,21.219999313354492,1.0,2.7568231222167485,-0.044871806057782404,
2021-04-06,970.7200078125006,20.84000015258789,1.0,4.255582554540977,-0.03133692777624342,
2021-04-07,1079.7442109375006,20.25,1.0,9.84547663553353,-0.021187362876541993,
2021-04-08,1108.8030156250006,20.309999465942383,1.0,9.69175361089107,-0.020550464010932745,
2021-04-09,1045.0848203125006,19.790000915527344,1.0,7.384162045274509,-0.03665115991958501,
2021-04-12,501.2254140624991,23.0,1.0,-1.0493219629572257,-0.07521810680837238,
2021-04-13,674.5006171874993,20.459999084472656,1.0,2.5960093030349998,-0.055132490817835667,
2021-04-15,729.9470078124996,20.889999389648438,1.0,3.033098520665,-0.035641679140218874,
2021-04-16,744.8796249999996,20.399999618530273,1.0,5.936171516907729,-0.032409279621589904,
2021-04-19,467.3730078125009,22.489999771118164,1.0,-1.5067687588936813,-0.04374933677680304,
2021-04-20,383.3947968749999,22.43000030517578,1.0,-1.5964471663675575,-0.03301407054779859,
2021-04-22,471.9951953125001,23.030000686645508,1.0,-0.03345677248254606,-0.0421099960208241,
2021-04-23,387.44801562499924,22.690000534057617,1.0,-3.481919177485722,-0.04743113746994565,
2021-04-26,510.39280468750076,23.5,1.0,1.151157036602594,-0.044632641541975215,
2021-04-27,656.7194140624997,23.079999923706055,1.0,6.214583029947581,-0.009717221094006856,
2021-04-28,844.4746171874995,22.579999923706055,1.0,8.175567933593475,0.024478268835615546,
2021-04-29,851.1087968749998,23.309999465942383,1.0,6.507282854758297,0.021312267203886348,
2021-04-30,564.4012187499993,23.030000686645508,1.0,0.7786859720749667,-0.029415527962064814,
2021-05-03,545.4940000000006,23.690000534057617,1.0,2.6371067044249736,-0.010618296648524872,
2021-05-04,385.7084062499998,23.010000228881836,1.0,-1.2969126963795696,-0.03442903503057171,
2021-05-05,483.4816171875009,,1.0,5.484344157507629,-0.01630180590503605,
2021-05-06,565.7726171875001,22.040000915527344,1.0,7.578099765233516,-0.012099213839058987,
2021-05-07,638.8912031250002,20.81999969482422,1.0,10.38208162610015,-0.007820469436917277,
2021-05-10,733.0596249999999,20.229999542236328,1.0,13.767157694081941,-0.002575784120292246,
2021-05-11,617.9220156249994,,1.0,9.264038113339767,-0.007448376728900197,
2021-05-12,443.06241406250047,20.079999923706055,1.0,2.6705766381870775,0.01662854795773061,
2021-05-14,405.04821875000016,20.270000457763672,0.5,-0.9058918414833027,0.006097441857001007,
2021-05-17,630.7019999999993,19.610000610351562,0.5,4.167906675150028,0.006744639078977377,
2021-05-18,795.8352187500004,19.239999771118164,1.0,8.682832734213662,0.021364615241557416,
2021-05-19,699.6380000000008,19.31999969482422,1.0,5.467772237083904,0.03954268831659835,
2021-05-20,557.8154140624993,,0.5,0.6554500121595543,0.035003107567991076,
2021-05-21,807.4226171874998,19.079999923706055,0.5,7.627186373585095,0.04621546888197159,
2021-05-24,811.2350078125,19.1299991607666,1.0,6.422243396569623,0.049833264657870746,
2021-05-25,803.8234062499996,,1.0,9.07274459719333,0.04279874321360544,
2021-05-26,876.5854062500002,20.8700008392334,1.0,9.423154670430906,0.03440242459874865,
2021-05-27,893.1544218750005,19.90999984741211,1.0,9.346217457625286,0.0192679304979837,
2021-05-28,970.8816015624998,17.399999618530273,1.0,8.192359738057052,0.025999732555541444,
2021-05-31,1097.8098203124991,,1.0,11.975567058410318,0.05832898545571763,
2021-06-01,1068.1280312500003,17.389999389648438,1.0,8.889100320517532,0.06024702311762642,
2021-06-02,1048.7650156250002,17.209999084472656,1.0,8.181991171332525,0.07090064551112785,
2021-06-03,1141.1432343750002,15.75,1.0,10.148901867453885,0.06980096545652081,
2021-06-04,1100.5540234375003,15.9399995803833,1.0,8.121828800644087,0.06376277075716086,
2021-06-07,1160.8512109375006,15.569999694824219,1.0,8.645132655072434,0.05817619568715582,
2021-06-08,1128.4508359374995,15.229999542236328,1.0,7.618744899604718,0.0489301929164645,
2021-06-09,1004.6864375000005,14.75,1.0,2.415336736040221,0.047941232348094776,
2021-06-10,1088.030828125,15.0,1.0,6.15800278403291,0.06640771551431546,
2021-06-11,1130.3792421875005,14.100000381469727,1.0,4.856547732390562,0.06838632269818223,
2021-06-14,1124.6172421874999,14.720000267028809,1.0,4.518993599228642,0.056446139929144934,
2021-06-15,1162.890031250001,14.609999656677246,1.0,3.515540217550706,0.04414423397468492,
2021-06-16,1043.160234375,14.869999885559082,1.0,-1.6691034583676077,0.04639351769415212,
2021-06-17,949.9448203124994,15.289999961853027,1.0,-4.456539193209863,0.04822638048428507,
2021-06-18,924.9700390625003,14.800000190734863,1.0,-6.009895703535343,0.028135863342179324,
2021-06-21,971.6100312500002,15.0600004196167,1.0,-1.4626419392561867,0.03566606172086173,
2021-06-22,981.6036328124992,14.739999771118164,1.0,-1.0148888593914251,0.037991213286033276,
2021-06-23,880.3926250000004,15.369999885559082,1.0,-3.5576363395020767,0.025193690472429475,
2021-06-24,964.1962265625007,15.100000381469727,1.0,-0.5471570050471519,0.028621799731546105,
2021-06-25,1014.9432421875008,13.369999885559082,1.0,3.0068715413250597,0.02574030053603371,
2021-06-28,951.5850234374993,13.399999618530273,1.0,1.5510767156295933,0.011323102460259582,
2021-06-29,869.3414218750004,13.0,1.0,-1.4582099599394256,0.003110484616337228,
2021-06-30,827.6048281250005,13.050000190734863,1.0,-3.738535421768622,0.00531583156783344,
2021-07-01,772.1256250000006,12.84000015258789,1.0,-3.2406198905379626,-0.004659623019222625,
2021-07-02,800.4038203125001,12.09000015258789,1.0,-2.6514162740765146,0.0006449234795329328,
2021-07-05,897.7324375000007,,1.0,0.1942957757555808,0.003917422402625492,
2021-07-06,867.2348281249997,12.279999732971191,1.0,-1.4773943652908896,0.008515868208407218,
2021-07-07,914.6612187499995,12.210000038146973,1.0,1.5184955193074559,0.024032003591540674,
2021-07-08,750.684015625,13.5600004196167,0.5,-3.848503666021176,0.008219818222352848,
2021-07-09,700.2350312500002,12.9399995803833,1.0,-2.9669575449264163,0.00014269051108128927,
2021-07-12,690.5928359374993,12.989999771118164,1.0,-1.1547834458488848,0.001303864843480218,
2021-07-13,798.6220390625003,12.619999885559082,1.0,2.1460862715781874,0.0043825656584365325,
2021-07-14,829.2690234375004,12.59000015258789,1.0,1.3922524040185167,0.009470771000251177,
2021-07-15,888.6330234375,12.270000457763672,1.0,1.6845701487424227,0.01750049879901494,
2021-07-16,876.9648125000003,11.710000038146973,1.0,1.1964664853347091,0.019291926252888003,
2021-07-19,696.7104062500002,12.680000305175781,1.0,-4.2938001483625134,0.0012636204792970673,
2021-07-20,566.8224296874996,13.210000038146973,1.0,-8.785836485023879,-0.006697989051111075,
2021-07-22,746.4306250000009,11.890000343322754,1.0,-1.1884116695649871,0.01583191562029196,
2021-07-23,767.7514296874997,11.760000228881836,1.0,-1.154155002371353,0.008585062126123089,
2021-07-26,726.7138203124996,12.449999809265137,1.0,-1.48976318375838,0.004376620033235246,
2021-07-27,639.4650156250009,13.229999542236328,1.0,-3.218897150347767,-0.0007695090553825334,
2021-07-28,591.7152109375002,13.6899995803833,1.0,-3.542734032102718,0.002391998134544382,
2021-07-29,648.4486171874996,12.949999809265137,1.0,-3.807691480811315,0.006286799636867291,
2021-07-30,618.6838281250002,12.800000190734863,1.0,-3.297202120663803,0.0110513496528869,
2021-08-02,724.2436093750002,12.8100004196167,1.0,2.5750164467296197,0.013471377401888973,
2021-08-03,949.8740156250005,13.75,1.0,9.19774072914242,0.024930060601330295,
2021-08-04,1062.1030234374994,13.210000038146973,1.0,5.889060596571069,0.02651448119976707,
2021-08-05,1084.7288281250003,12.869999885559082,1.0,5.363776851739965,0.02434592042417716,
2021-08-06,1016.7434140624991,12.609999656677246,1.0,3.843090151423607,0.030214400735004476,
2021-08-09,1025.8924218749999,12.609999656677246,1.0,2.59889194207386,0.037121446541437786,
2021-08-10,1036.8952343750007,12.710000038146973,1.0,0.8536388616967933,0.038776747782011456,
2021-08-11,1029.7140234375001,12.710000038146973,1.0,-0.21065911315716987,0.029271063810074383,
2021-08-12,1101.8236093750002,12.369999885559082,1.0,1.8276425437804986,0.033977935190966035,
2021-08-13,1255.1420312499995,12.989999771118164,1.0,3.131707535820409,0.03843133366881846,
2021-08-16,1277.9751953124996,13.460000038146973,1.0,1.6532152565803335,0.04194898870239705,
2021-08-17,1317.9136249999992,13.40999984741211,1.0,2.6253579372020917,0.05784833118370236,
2021-08-18,1262.1304296875005,12.90999984741211,1.0,0.5116564940744371,0.05992477168186716,
2021-08-20,1134.6844218749993,14.020000457763672,0.8333333333333334,-4.4904628684845544,0.03735629335212054,
2021-08-23,1170.3332499999997,13.6899995803833,0.875,-3.855833256032817,0.03905318856849016,
2021-08-24,1286.4384453125003,13.1899995803833,0.8,0.2997727905186072,0.05100976396420076,
2021-08-25,1283.2660234374998,13.5,0.6666666666666666,-1.75473135321205,0.059520241804645435,
2021-08-26,1269.8264218749991,13.539999961853027,0.8571428571428571,-3.072052925355315,0.062156333525512086,
2021-08-27,1322.1460546875005,13.40999984741211,1.0,2.0319566974365637,0.05828986480396292,
2021-08-30,1532.4052109375007,13.319999694824219,1.0,7.29887366153901,0.07498780554026374,
2021-08-31,1717.2748515625008,14.520000457763672,1.0,12.699078450350104,0.07672307707445292,
2021-09-01,1640.948835937499,14.1899995803833,1.0,10.20833691392281,0.05504333230205316,
2021-09-02,1779.0684218749993,14.239999771118164,1.0,12.897730202300485,0.05687522334984152,
2021-09-03,1849.2816406250004,14.539999961853027,1.0,13.643597438245852,0.05646825938988953,
2021-09-06,1886.4252031249998,15.109999656677246,1.0,11.52657972220115,0.056823096875936674,
2021-09-07,1852.4732343750002,14.899999618530273,1.0,6.703565227255483,0.05674895035410499,
2021-09-08,1824.5504218749993,14.40999984741211,1.0,6.393826095027213,0.049847462754140315,
2021-09-09,1820.9960234374994,13.9399995803833,1.0,6.1404031686586285,0.05471697584776125,
2021-09-13,1788.9916015625004,14.029999732971191,1.0,7.387602592538879,0.045833199217845566,
2021-09-14,1796.0492187500004,13.579999923706055,1.0,8.408038484804537,0.04435199001060841,
2021-09-15,1915.5904453125004,13.729999542236328,1.0,10.333849669385533,0.047052478493154304,
2021-09-16,2004.0412265625,14.40999984741211,1.0,9.364058820406344,0.0463592883146835,
2021-09-17,1938.2940156250006,15.229999542236328,1.0,5.661502671241551,0.048437644415979975,
2021-09-20,1728.6392109374992,17.489999771118164,1.0,-0.6405887235296446,0.038821946704688415,
2021-09-21,1869.7056171874992,16.520000457763672,1.0,4.748609226203022,0.04592606545304512,
2021-09-22,1831.9348046875002,16.489999771118164,1.0,4.7943166396206545,0.03540067176772754,
2021-09-23,2083.5412421875008,16.600000381469727,1.0,8.46807725059872,0.050462405434301916,
2021-09-24,2089.483648437499,16.920000076293945,1.0,5.655699568671677,0.057929921255560846,
2021-09-27,2064.9384453125003,18.049999237060547,1.0,4.081936010731371,0.0537035870081537,
2021-09-28,1931.0488515625002,18.540000915527344,1.0,1.339765826962029,0.03090729998071784,
2021-09-29,1868.1180156249993,18.84000015258789,1.0,1.6416265856962056,0.023135283064571244,
2021-09-30,1752.7832187500007,18.399999618530273,1.0,-3.9295782480667443,0.01883375967963241,
2021-10-01,1643.9528046875002,17.209999084472656,1.0,-3.7605640211455182,0.0066423797479513436,
2021-10-04,1780.5608203124993,16.739999771118164,1.0,1.4686294372445792,0.013700390054387057,
2021-10-05,1886.1355937499993,16.399999618530273,1.0,2.474333175927384,0.027336120094017424,
2021-10-06,1686.1348125000004,17.329999923706055,1.0,-4.339181946968509,0.015469877086404349,
2021-10-07,1806.7140234375001,16.15999984741211,1.0,-0.45933068388332315,0.027372308755780783,
2021-10-08,1887.3924375000006,15.649999618530273,1.0,-0.9212705595409011,0.028517632123049586,
2021-10-11,1913.2536406250001,16.09000015258789,1.0,1.246233178557446,0.03886793157103341,
2021-10-12,1929.8044453125003,15.850000381469727,1.0,2.2923726006379113,0.034325466340766164,
2021-10-13,2070.3496250000007,16.100000381469727,1.0,5.693759400521929,0.040628667754535996,
2021-10-14,2217.0936015624993,15.770000457763672,1.0,7.749439509517944,0.04417735312686166,
2021-10-18,2324.7199921875,17.18000030517578,1.0,7.976814144151046,0.05730654994557993,
2021-10-19,2233.9448125,17.3799991607666,1.0,3.435575208850853,0.06879435848488047,
2021-10-20,2050.0328281250004,18.309999465942383,1.0,-1.7345293745765782,0.05233712774212973,
2021-10-21,1931.3572343750002,18.040000915527344,1.0,-4.510069488289929,0.047350444374950396,
2021-10-22,1837.9696093750008,17.549999237060547,1.0,-6.962784126782672,0.02992956018000348,
2021-10-25,1819.3464062500007,17.610000610351562,1.0,-9.151368831004007,0.021403158300774106,
2021-10-26,1933.4236015624992,16.75,1.0,-2.942029043548728,0.028846710383411245,
2021-10-27,1849.2012343749993,16.829999923706055,1.0,-2.9525692174489593,0.03174414572676687,
2021-10-28,1471.8032187499994,17.90999984741211,0.5,-8.415738450640061,0.012198247743877788,
2021-10-29,1261.8792031250014,17.43000030517578,0.5,-9.249240550523687,0.010502608311959927,
2021-11-01,1493.515203125,17.239999771118164,1.0,-0.11301499588301125,0.030137857789040323,
2021-11-02,1425.6744375000017,17.059999465942383,1.0,-1.3651940875406463,0.01908012332097564,
2021-11-03,1340.2336406249997,16.1299991607666,0.6666666666666666,-2.026067889805984,0.004788409153178574,
2021-11-04,1402.2991953124983,15.75,1.0,3.6150353628860175,0.015786837084524663,
2021-11-08,1528.0859921875017,16.34000015258789,1.0,7.139574387815834,0.013434177184491691,
2021-11-09,1478.9700078124988,16.0,1.0,6.75056086275841,0.009209007720650364,
2021-11-10,1426.5876328125014,16.309999465942383,1.0,5.341367978620516,-0.0013301352683561252,
2021-11-11,1257.5712265625007,16.350000381469727,0.5,-0.17524438112867244,-0.015415780312491578,
2021-11-12,1459.322015624999,15.220000267028809,1.0,5.856618233621999,-0.011213200765213482,
2021-11-15,1440.530843749999,15.470000267028809,1.0,4.246324009327089,-0.014700449616934175,
2021-11-16,1307.1520468749986,15.199999809265137,1.0,0.0197196439948884,-0.028072295261649782,
2021-11-17,1183.6552187499983,14.979999542236328,1.0,-2.711138473095093,-0.032212780347788184,
2021-11-18,1026.9356015625017,14.859999656677246,0.5,-8.218204205259624,-0.03409634888416657,
2021-11-22,660.7555937500001,17.520000457763672,0.0,-12.360348895212422,-0.04675664933945789,
2021-11-23,729.1092265625011,18.020000457763672,0.5,-5.203921823355613,-0.043507050833454186,
2021-11-24,623.1575937499983,17.100000381469727,0.6666666666666666,-6.803208764563685,-0.055119982722050986,
2021-11-25,726.4784140625015,16.65999984741211,0.6666666666666666,-5.748079898279378,-0.04404568258277741,
2021-11-26,203.16883593750026,20.799999237060547,0.0,-11.430247189501312,-0.07209173837888194,
2021-11-29,217.7224453125018,20.829999923706055,0.0,-11.3520204277738,-0.052048584884800464,
2021-11-30,135.7692500000012,21.170000076293945,0.5,-10.924380349996746,-0.05001989103110127,
2021-12-01,306.7340156249993,19.450000762939453,0.5,-6.210856649997334,-0.06641389883124693,
2021-12-02,526.8804140624998,18.09000015258789,1.0,2.372935468184005,-0.04229112942946334,
2021-12-03,309.87844531250084,18.450000762939453,0.5,-3.3312346169403635,-0.0505063815679242,
2021-12-06,15.49322656249933,20.079999923706055,0.0,-11.27101014113303,-0.06488193595302272,
2021-12-07,268.54205468749933,18.459999084472656,0.5,-2.130826479108836,-0.05287735668691129,
2021-12-08,547.7556328124992,17.270000457763672,0.5,5.347505608001867,-0.038003139793891916,
2021-12-09,579.8032421874996,16.600000381469727,0.5,5.284322770183346,-0.0321643551397055,
2021-12-10,560.0660078125002,16.059999465942383,0.5,4.868991357422737,-0.02333618162211959,
2021-12-13,404.46402343750015,16.56999969482422,1.0,-0.5617343439268552,-0.046280669250691964,
2021-12-14,349.0100078124997,16.950000762939453,1.0,0.44949008224166465,-0.053014221657221805,
2021-12-15,234.69280468750003,17.219999313354492,0.5,-2.7231444781659127,-0.05468188014864184,
2021-12-16,249.84600000000137,15.899999618530273,1.0,-2.4098454821357462,-0.044248618087782576,
2021-12-17,-23.70556249999936,16.34000015258789,1.0,-8.335328121747432,-0.04739492978740689,
2021-12-20,-402.1523593749989,18.969999313354492,0.0,-14.274359372338811,-0.051787699610904236,
2021-12-21,-253.69676562500172,17.540000915527344,0.0,-6.769930395549933,-0.044043043819111505,
2021-12-22,-78.55875000000015,16.579999923706055,1.0,0.46096604000460506,-0.015502552795194524,
2021-12-23,27.506445312501455,15.829999923706055,1.0,3.831699487276497,-0.027757009836297475,
2021-12-24,-51.04956250000032,16.149999618530273,1.0,-1.0467913285919606,-0.0008957186412082985,
2021-12-27,21.64323437499843,17.1200008392334,1.0,3.3253525493338536,0.00014037825341528531,
2021-12-28,157.29483593750047,16.479999542236328,1.0,10.175288449454975,0.018662157831020654,
2021-12-29,125.92324999999983,16.239999771118164,0.5,7.416145095008614,0.018696080169130713,
2021-12-30,104.41326562500035,16.56999969482422,1.0,5.340482350461592,-0.0056915835156886585,
2021-12-31,241.12242187499942,16.219999313354492,1.0,10.733121923104942,0.01568318730679885,
2022-01-03,497.54286718750154,16.450000762939453,1.0,14.781645209813135,0.022962960273553934,
2022-01-04,661.3264453125012,16.1200008392334,1.0,16.275891535301657,0.03834602772583928,
2022-01-05,764.4704453125014,17.229999542236328,1.0,16.0439112561559,0.029574732274997295,
2022-01-06,570.1908359375011,17.979999542236328,1.0,9.672291027763915,0.02007514426585455,
2022-01-07,620.311273437499,17.600000381469727,1.0,9.913692659079567,0.026381919128617648,
2022-01-10,792.4048281249998,17.68000030517578,1.0,11.56574853924692,0.053150496794350466,
2022-01-11,825.9488437500004,17.760000228881836,1.0,9.644703350292934,0.057891757038381675,
2022-01-12,963.3484531249997,17.18000030517578,1.0,11.345666377512401,0.07673059136568783,
2022-01-13,989.5688203124992,16.700000762939453,1.0,12.37372703614651,0.07729050132985937,
2022-01-14,968.8656406250011,16.559999465942383,1.0,9.03304939321078,0.08967005129714078,
2022-01-17,1002.1376562500009,16.770000457763672,1.0,10.117949503536094,0.11857795091666312,
2022-01-18,788.2036249999983,17.780000686645508,0.5,2.278322321074981,0.0940422878732543,
2022-01-19,595.1028281250001,17.81999969482422,1.0,-2.3177362827568366,0.06765991465049237,
2022-01-20,398.23883593749997,17.790000915527344,1.0,-4.623602413164686,0.049298136053076536,
2022-01-21,244.3004218749993,18.889999389648438,1.0,-6.873856519862017,0.05051642787593669,
2022-01-24,-234.34755468750154,22.829999923706055,0.0,-13.442246243523474,0.022934414065725606,
2022-01-25,-117.74993750000067,21.360000610351562,1.0,-7.543656017428294,0.012259828231085068,
2022-01-27,-296.754765624999,21.06999969482422,0.5,-9.990264014259514,0.018123703371377142,
2022-01-28,-315.5439296875011,20.700000762939453,0.0,-6.901125102575964,0.013807921317055771,
2022-01-31,-90.25793749999866,21.950000762939453,1.0,0.7172612797105795,0.018909819390735105,
2022-02-01,133.20846874999916,19.979999542236328,1.0,4.768668319763203,0.04823581072182859,
2022-02-02,323.16485937499965,18.649999618530273,1.0,8.992546807078988,0.05257667316801751,
2022-02-03,92.95288281250032,19.15999984741211,1.0,2.4484473876100763,0.03540999072632556,
2022-02-04,39.28083593750125,18.899999618530273,1.0,0.003275135317333621,0.04124690655104746,
2022-02-07,-271.22353125000154,20.440000534057617,0.0,-5.9973203438312765,0.005150365154851233,
2022-02-08,-226.14114062500084,19.68000030517578,0.5,-2.906898463134679,-0.020938583444760517,
2022-02-09,-38.559968749999825,18.559999465942383,0.5,3.6216285301625395,-0.014610774211734512,
2022-02-10,92.90006250000079,17.709999084472656,1.0,8.963150615587537,-0.029299793645184202,
2022-02-11,-146.28234375000102,18.68000030517578,0.0,0.6062141400261619,-0.039024074277867804,
2022-02-14,-680.7411718750009,22.979999542236328,0.0,-7.685824794524055,,
2022-02-15,-177.4079218750012,20.610000610351562,0.5,1.5297797135712337,-0.04554037266326494,
2022-02-16,-213.3187187500007,20.59000015258789,0.5,-0.7483620525326284,-0.03698939353334729,
2022-02-17,-236.8043281249993,22.010000228881836,0.5,-2.2486598611630604,-0.026451039565993928,
2022-02-18,-271.7095625000002,22.170000076293945,0.5,-3.839812613678869,-0.026181665761741413,
2022-02-21,-347.0415624999987,22.899999618530273,0.5,-8.414392138464533,-0.014890332905708403,
2022-02-22,-465.23353124999994,26.65999984741211,0.5,-8.702684476925528,0.0037868075864772033,
2022-02-23,-497.6115468749995,24.540000915527344,0.5,-6.9385600265754315,-0.01599602955687851,
2022-02-24,-1309.7997499999983,31.979999542236328,0.0,-14.22245820356172,-0.0419616702730401,
2022-02-25,-898.9751640625,26.739999771118164,0.5,-4.182011257459584,-0.0344787611491979,
2022-02-28,-762.3779609375015,28.56999969482422,0.3333333333333333,0.032899880260343156,-0.032827461023816396,
2022-03-02,-946.1191328124987,29.229999542236328,0.6666666666666666,-3.063991007059721,-0.06373470721607533,
2022-03-03,-1049.3919765624996,28.15999984741211,0.5,-4.688719914867046,-0.09287755078171045,
2022-03-04,-1294.1827421874987,27.959999084472656,0.0,-9.108952657618495,-0.11478391322963444,
2022-03-07,-1664.6983671874987,29.329999923706055,0.2,-12.72550671986968,-0.13902894639805474,
2022-03-08,-1503.4837578125007,28.59000015258789,0.3333333333333333,-5.684505498075188,-0.10698235139816636,
2022-03-09,-1163.4503437499989,27.469999313354492,0.5,-0.1055044984251501,-0.07995600242010292,
2022-03-10,-907.8307656249999,25.579999923706055,0.5,6.640950864924882,-0.06243555970030901,
2022-03-11,-866.371531249999,25.350000381469727,1.0,6.70623252584763,-0.06804317781834712,
2022-03-14,-621.6479687499996,25.68000030517578,1.0,10.396008430238973,-0.026297363891577885,
2022-03-15,-824.2127499999988,26.729999542236328,1.0,5.414915988377338,-0.017410731905446064,
2022-03-16,-507.5103437500002,24.1200008392334,0.5,11.521294899581463,-0.027093748023584774,
2022-03-17,-193.06957812499968,22.610000610351562,1.0,16.1537867360212,-0.011881283900297634,
2022-03-21,-358.7803437500006,24.6200008392334,1.0,7.762189147653704,-0.020215022143032058,
2022-03-22,-160.2287499999984,24.06999969482422,1.0,11.987245666262123,-0.0035165804437067294,
2022-03-23,-227.5475624999999,24.75,0.0,8.171382817850825,0.00048081030363578137,
2022-03-24,-247.856749999999,23.93000030517578,1.0,7.594767760059765,0.002271354593663011,
2022-03-25,-312.24715624999953,23.43000030517578,0.5,2.7593554400488958,0.002147361153973515,
2022-03-28,-238.19756250000137,22.610000610351562,1.0,5.166745360040007,0.054580008895108945,
2022-03-29,-130.65839062500163,21.299999237060547,1.0,7.318246203669098,0.033346424265916275,
2022-03-30,44.29362499999843,20.610000610351562,1.0,8.714928712092899,0.034344727904352945,
2022-03-31,12.766031250001106,20.559999465942383,1.0,5.857668946257825,0.050829514045027446,
2022-04-01,218.04685937500108,18.43000030517578,1.0,9.33809277421095,0.0754876412947375,
2022-04-04,596.8272343749995,17.90999984741211,1.0,15.094803178899872,0.1121889932191179,
2022-04-05,498.6980312500018,18.489999771118164,1.0,12.89574805546353,0.13291021110573142,
2022-04-06,349.0652343750007,19.020000457763672,1.0,9.278339318106523,0.1053078230525486,
2022-04-07,181.0172187499993,19.0,1.0,7.0459139875417,0.0791785555405129,
2022-04-08,325.8640468750018,17.690000534057617,1.0,11.401202353443212,0.07257006135150779,
2022-04-11,218.2256562500006,18.270000457763672,1.0,7.691892834635352,0.06904809479171248,
2022-04-12,76.90240624999933,18.15999984741211,1.0,1.3842759556107385,0.04801299996832353,
2022-04-13,26.382406249998894,17.790000915527344,1.0,0.223498509136058,0.06036655153409676,
2022-04-18,-267.7127968749992,19.34000015258789,1.0,0.001044234747683701,0.031237269849415217,
2022-04-19,-471.6735937500016,19.770000457763672,1.0,-5.999145626115535,0.0005152339776399728,
2022-04-20,-283.0492031249996,18.670000076293945,1.0,-1.090210057730889,0.019305067153053912,
2022-04-21,-18.791171875000146,17.850000381469727,1.0,4.744373589129276,0.022594221326352804,
2022-04-22,-230.6843593750018,18.350000381469727,1.0,-1.7546034270760504,0.007758496375688817,
2022-04-25,-438.89115624999977,21.260000228881836,0.5,-7.0719482585167714,0.0012965685926318304,
2022-04-26,-184.7267968749984,19.190000534057617,1.0,-0.14977584787735387,0.017414386629867495,
2022-04-27,-338.4311874999985,20.610000610351562,0.5,-5.031634784626929,-0.00354016135973112,
2022-04-28,-123.59400000000096,19.3799991607666,1.0,1.8832079034870624,0.006439790728244077,
2022-04-29,-257.22681250000096,19.420000076293945,0.5,-3.9137389880560436,-0.00886644012987825,
2022-05-02,-284.3727812500001,20.280000686645508,0.5,-5.202150081136764,,
2022-05-04,-667.9203750000015,21.8799991607666,1.0,-10.983577339111902,-0.022513976601739705,
2022-05-05,-652.8935937499991,20.290000915527344,0.5,-10.259290550182463,-0.04792756177336732,
2022-05-06,-912.4723906250001,21.25,0.5,-12.93941954105838,-0.06064323373411995,
2022-05-09,-1009.6539843749997,22.030000686645508,1.0,-12.768615988138674,-0.05648429295544699,
2022-05-10,-1058.0397812500014,22.299999237060547,0.0,-13.17432217211346,-0.059267411676088066,
2022-05-11,-1115.7783671875004,22.799999237060547,0.0,-13.142627231729193,-0.06771210658427618,
2022-05-12,-1456.987976562501,24.270000457763672,0.0,-18.934876825960252,-0.08503593784796326,
2022-05-13,-1464.9571953125014,23.489999771118164,0.0,-15.31035376669475,-0.07684141801072752,
2022-05-16,-1388.5573828125016,24.530000686645508,0.0,-10.89028944547752,-0.09843277682152474,
2022-05-17,-956.8097812499982,22.739999771118164,0.5,-0.7284186372088747,-0.055949038435077925,
2022-05-18,-960.8565859375012,22.299999237060547,0.0,-0.41416070317089726,-0.04779869581474583,
2022-05-19,-1374.237609374999,24.559999465942383,0.2,-7.793404211685285,-0.08061157046654521,
2022-05-20,-904.4276093750013,23.100000381469727,1.0,2.169032917712046,-0.06838263940706901,
2022-05-23,-943.476999999999,23.399999618530273,0.0,2.6837542054007653,-0.050337046064125146,
2022-05-24,-1022.6956015625001,25.639999389648438,0.0,-1.9860192864902861,-0.044374679028773456,
2022-05-25,-1110.2257890625006,25.280000686645508,0.0,-3.6249248707647803,-0.0746456438164732,
2022-05-26,-955.9160000000011,22.719999313354492,0.0,1.2159705602833644,-0.046010212294243624,
2022-05-27,-764.1457968750001,21.479999542236328,0.0,4.813066822050028,-0.03652000199176564,
2022-05-30,-452.27521093749965,19.979999542236328,1.0,10.665236490768208,-0.015494396424648116,
2022-05-31,-525.3696328125006,20.479999542236328,1.0,10.362466219719444,-0.020293947128060763,
2022-06-01,-583.4868203125006,20.850000381469727,1.0,5.023835997952268,-0.02028900221752572,
2022-06-02,-473.9256171874986,20.31999969482422,1.0,6.1104112710518566,-0.01333529216559004,
2022-06-03,-511.08603906249846,19.979999542236328,0.0,0.8176092217696977,0.0004620943263884403,
2022-06-06,-520.8188515625006,20.200000762939453,0.25,-0.2401379094611571,0.0035833419427180324,
2022-06-07,-670.0528203124995,20.43000030517578,0.0,-4.01465828955913,0.010855866010744286,
2022-06-08,-723.5888359374985,19.84000015258789,0.0,-3.8301749641847427,0.009870766782207774,
2022-06-09,-593.8060234375007,19.139999389648438,0.0,1.4116750293033955,0.03964761122200322,
2022-06-10,-859.5854296875004,19.579999923706055,0.5,-1.5722658851154057,0.0164891506981375,
2022-06-13,-1273.0896406249994,22.3700008392334,0.0,-9.104581178730792,0.010096051862284572,
2022-06-14,-1302.301218749999,21.889999389648438,0.0,-6.903748237143374,-0.01397269363506548,
2022-06-15,-1329.1884375000009,22.149999618530273,0.0,-5.830339466753668,-0.0193250215130798,
2022-06-16,-1645.8528125000012,22.8700008392334,0.0,-12.224823200071187,-0.0013368083574710754,
2022-06-17,-1697.3132187500014,22.760000228881836,0.0,-13.820309890967335,-0.04448065755017949,
2022-06-20,-1627.582437500001,22.40999984741211,0.0,-11.125708092609637,-0.04516300766225012,
2022-06-21,-1331.1298281249983,21.139999389648438,0.5,-0.9210338939533325,-0.022458227852884982,
2022-06-22,-1545.7694296875015,21.299999237060547,0.0,-7.117209549598185,-0.033723201250769774,
2022-06-23,-1391.2284531250007,20.8799991607666,0.5,0.540464913965127,-0.025282019520918464,
2022-06-24,-1237.6420468750002,20.549999237060547,1.0,5.714925838698743,-0.04131062585170264,
2022-06-27,-1095.4686406250003,21.010000228881836,1.0,9.584939322571701,-0.0461568574592921,
2022-06-28,-1067.4298515625014,21.450000762939453,1.0,10.205859445740483,-0.04609247485568935,
2022-06-29,-1107.057234374999,21.899999618530273,0.0,5.9866122737876655,-0.039262134017934436,
2022-06-30,-1114.440046874999,21.84000015258789,0.0,1.807228224008087,-0.0527940104067276,
2022-07-01,-1131.0250468749982,21.25,1.0,5.660459456006619,-0.05245162875900011,
2022-07-04,-1035.575632812499,20.969999313354492,1.0,8.44946682764178,-0.04612099333894193,
2022-07-05,-1045.5568359374993,20.790000915527344,0.5,5.2768364953432725,-0.042801169641103254,
2022-07-06,-852.0830390625015,20.270000457763672,0.5,9.226502587099045,-0.03746590397408023,
2022-07-07,-694.6436562499985,19.200000762939453,1.0,12.094411207626491,-0.03416679164751024,
2022-07-08,-594.7420312499999,18.399999618530273,1.0,13.713609169876221,-0.007021479196716918,
2022-07-11,-586.5680468749997,18.3700008392334,1.0,13.22022568444418,0.01796281188068538,
2022-07-12,-728.7082343750008,18.549999237060547,0.3333333333333333,4.452911923636142,-0.0003565993763221531,
2022-07-13,-803.6448515625016,18.520000457763672,0.3333333333333333,5.2796552102477525,-0.0012628882937664176,
2022-07-14,-813.4552578125003,18.34000015258789,0.25,3.046990626566342,0.010755311079826635,
2022-07-15,-685.2366484375016,17.600000381469727,0.5,5.583901421736099,0.03294478644129906,
2022-07-18,-440.11884374999863,17.15999984741211,1.0,10.568646617784085,0.04814378885737547,
2022-07-19,-362.32864062500084,17.200000762939453,1.0,11.374347232732433,0.035283282732789356,
2022-07-20,-169.2912265624982,16.81999969482422,1.0,12.397193190417447,0.07366340127112436,
2022-07-21,-74.22563281250041,16.860000610351562,1.0,16.143158064887004,0.05550045845476426,
2022-07-22,48.27399218749997,16.649999618530273,1.0,15.389856598543911,0.05952936268572495,
2022-07-25,-32.28602343750026,17.68000030517578,1.0,10.955337216990472,0.042743845587869034,
2022-07-26,-174.11441406250015,18.170000076293945,1.0,5.508912268446747,0.03590497105021706,
2022-07-27,-11.074054687498574,18.1299991607666,1.0,10.143655492365523,0.03967116606319987,
2022-07-28,278.1691796874984,17.010000228881836,1.0,13.572081766480885,0.06515280598485207,
2022-07-29,506.3691640625002,16.549999237060547,1.0,16.74079417257527,0.07931170736915538,
2022-08-01,688.1683359374983,17.489999771118164,1.0,17.878831595743407,0.08508034605860226,
2022-08-02,695.4179765625013,18.530000686645508,1.0,16.264498578335516,0.0789603781182937,
2022-08-03,741.2539453124991,18.450000762939453,1.0,13.852771564092693,0.07441305411646115,
2022-08-04,736.5291484375011,19.260000228881836,1.0,13.697722188803114,0.06438013169446499,
2022-08-05,752.9795546874993,18.920000076293945,1.0,12.116318154475273,0.054972530838814926,
2022-08-08,878.087164062501,19.299999237060547,1.0,13.186078490025224,0.06853924850064885,
2022-08-10,885.5935546875007,19.59000015258789,1.0,12.424973310020636,0.08520761921658071,
2022-08-11,1008.2819609375001,18.360000610351562,1.0,12.165887253653246,0.09746118159544004,
2022-08-12,1046.6939453125015,17.610000610351562,1.0,10.1357259348072,0.09775662161744547,
2022-08-16,1170.1895546874985,17.68000030517578,1.0,14.292866673933165,0.09401111981020827,
2022-08-17,1280.3779609375015,17.68000030517578,1.0,15.14870909685441,0.08518016158633879,
2022-08-18,1287.7955546874982,17.350000381469727,1.0,12.212580170153604,0.08125298404467363,
2022-08-19,1086.2547734375003,18.290000915527344,1.0,3.628474684671125,0.056811848026221634,
2022-08-22,817.0159765624994,19.040000915527344,0.5,-3.7585207125418116,0.03386642299072107,
2022-08-23,901.4071640625007,19.049999237060547,1.0,1.1066648715567027,0.03640189553965545,
2022-08-24,925.6699921875006,18.43000030517578,1.0,1.8145439858191208,0.044141380176451195,
2022-08-25,839.7279921875015,19.56999969482422,1.0,-1.6062821934207214,0.04858620673146663,
2022-08-26,872.2139609375008,18.219999313354492,1.0,2.503950932655776,0.039827289672563104,
2022-08-29,617.6943593750002,19.81999969482422,1.0,-2.1331310550998226,0.00963633931266239,
2022-08-30,1055.287546874999,18.700000762939453,1.0,6.800165500372878,0.01844531242078662,
2022-09-01,832.7963437500002,19.8700008392334,1.0,2.109226318486897,-0.001282762919313729,
2022-09-02,821.9767812499995,19.549999237060547,1.0,-1.365178466692541,0.004962294712381743,
2022-09-05,938.9863437499989,19.65999984741211,1.0,2.337581254524287,0.008422295208730946,
2022-09-06,917.5031718749997,19.520000457763672,1.0,1.0034755718835067,0.005083215426777921,
2022-09-07,872.2139531249995,19.3700008392334,1.0,1.7301163769955967,0.0024085517965977132,
2022-09-08,1032.2811640625005,18.309999465942383,1.0,5.4155497629964,-0.004010588790243741,
2022-09-09,1054.9767734374982,17.719999313354492,1.0,4.249086169724326,-0.0012582166114094573,
2022-09-12,1147.2451796874993,17.940000534057617,1.0,7.1128886843199055,-0.0003226726915606104,
2022-09-13,1269.4295390625011,17.469999313354492,1.0,9.092363468989015,0.004079508824772482,
2022-09-14,1194.069164062501,18.280000686645508,1.0,6.530115565536465,-0.0019383266200729832,
2022-09-15,1058.0043515625002,18.389999389648438,1.0,0.7973672808934679,-0.014373132365350316,
2022-09-16,707.0095703125007,19.81999969482422,0.5,-7.165790406541713,-0.03303782251402809,
2022-09-19,795.7283671875011,19.940000534057617,1.0,-3.499283059897763,-0.017447291884974403,
2022-09-20,984.1391640625006,18.799999237060547,1.0,3.8642229509927444,0.011955021507856323,
2022-09-21,883.0159765624994,19.329999923706055,1.0,-0.8383630400968487,-0.004459042871518992,
2022-09-22,791.3939453124985,18.81999969482422,0.8,-1.5950243055337858,-0.0034751204395540025,
2022-09-23,488.10597656249956,20.59000015258789,0.3333333333333333,-8.032292613618557,-0.011134265931627474,
2022-09-26,178.15074218749942,21.889999389648438,0.5,-12.571875774778823,-0.030901685031751946,
2022-09-27,170.96714843749942,21.56999969482422,1.0,-9.740625633909945,-0.016317749651948765,
2022-09-28,25.89997656250125,22.100000381469727,1.0,-10.333239155017228,-0.04807167376751831,
2022-09-29,-9.158820312499302,21.299999237060547,0.5,-8.636286581377732,-0.04086875387445521,
2022-09-30,270.054382812501,19.969999313354492,1.0,-1.7933253847635948,-0.023610316696255906,
2022-10-03,69.31917968749985,21.3700008392334,1.0,-6.739993496624764,-0.03789797582138055,
2022-10-04,462.5031484374995,19.56999969482422,1.0,2.3036416845797447,-0.017642168910715905,
2022-10-06,525.0079453124999,19.31999969482422,1.0,3.1575250146561555,-0.004765110720691745,
2022-10-07,511.80155468749945,18.809999465942383,1.0,0.9470659210823077,-0.009263266337504628,
2022-10-10,441.33957031249884,19.6200008392334,0.5,-1.9524006100235682,-0.02007526453755737,
2022-10-11,190.29674218750006,20.489999771118164,0.5,-9.051964135473833,-0.038221893430635645,
2022-10-12,334.75636718749956,20.18000030517578,1.0,-1.4061524744785856,-0.038354011553310086,
2022-10-13,229.63397656250163,20.290000915527344,0.5,-4.241397479118844,-0.038332270944747115,
2022-10-14,403.30319531249916,18.260000228881836,0.5,-2.0156888465517806,-0.026399859755114607,
2022-10-17,528.299554687499,18.420000076293945,0.5,1.8053454891849094,-0.0032480613850350837,
2022-10-18,699.2216015625017,17.450000762939453,1.0,6.749828127514929,0.0015650796982552562,
2022-10-19,721.5167890625016,17.489999771118164,0.5,2.795313922512212,-0.010449334735357585,
2022-10-20,771.8452109374994,17.229999542236328,1.0,6.468893209328177,-0.0003552152690046162,
2022-10-21,780.9619609375004,17.280000686645508,1.0,3.6563671712685064,0.0027125390387332526,
2022-10-24,929.1967734374994,17.420000076293945,1.0,9.718845867401509,0.0259465947085622,
2022-10-25,851.1519921875006,16.8799991607666,1.0,6.49723752787396,0.04159793475226903,
2022-10-27,926.1632109374987,16.600000381469727,1.0,9.31592161371506,0.03979314017665181,
2022-10-28,971.6807734374997,15.920000076293945,1.0,8.349390411221412,0.05284762397101339,
2022-10-31,1189.8020234374999,15.800000190734863,1.0,13.194955790999341,0.07188458293924893,
2022-11-01,1314.3927890624982,16.1299991607666,1.0,15.704963828999462,0.06281273867089188,
2022-11-02,1240.6000078124998,16.65999984741211,1.0,10.485879496454102,0.06990609122651947,
2022-11-03,1199.4892265624985,15.9399995803833,1.0,8.942992315280629,0.048148835467042406,
2022-11-04,1250.2931953125008,15.65999984741211,1.0,7.862448257956877,0.049749211668908666,
2022-11-07,1320.7359765625006,15.59000015258789,0.8,8.796548574691991,0.04862215235084766,
2022-11-09,1259.599593750001,15.920000076293945,0.8333333333333334,3.7426306520207167,0.05090993956800305,
2022-11-10,1115.9100156249988,15.569999694824219,0.0,-2.2105749210739627,0.05439199359575664,
2022-11-11,1417.076421875001,14.40999984741211,0.5,1.2822568827576692,0.060936256289671586,
2022-11-14,1376.1515937500008,14.90999984741211,1.0,1.04911926771082,0.06304113201246797,
2022-11-15,1429.9127890624986,14.640000343322754,1.0,3.2220066735815815,0.05529991939518175,
2022-11-16,1418.9599843750002,15.100000381469727,1.0,0.9998236420212924,0.04741622998292594,
2022-11-17,1336.3811796875016,14.880000114440918,1.0,-2.0910533838007628,0.03212383585040213,
2022-11-18,1280.1451796875008,14.390000343322754,0.5,-5.892680041291536,0.03121638660150139,
2022-11-21,1117.2936171875008,14.800000190734863,0.5,-8.275829124693075,0.022398169104947296,
2022-11-22,1185.3076250000013,13.84000015258789,0.5,-2.407496556567058,0.02377141095383828,
2022-11-23,1191.2216093749994,14.039999961853027,1.0,-1.9697699099185015,0.013777146403497254,
2022-11-24,1388.4048203124985,13.479999542236328,1.0,4.7520064373394115,0.03088112431809531,
2022-11-25,1398.3144140625009,13.329999923706055,1.0,5.160732539641336,0.03313378014199597,
2022-11-28,1430.6320156250003,13.569999694824219,1.0,4.404235714252002,0.03392057704330087,
2022-11-29,1470.2795937500014,13.619999885559082,1.0,3.785283766206183,0.021694069802352223,
2022-11-30,1593.1880312499998,13.8100004196167,1.0,8.733413990532336,0.018715615843092115,
2022-12-01,1629.0204218750005,13.359999656677246,1.0,8.236429628617365,0.019978355096503142,
2022-12-02,1496.0752343749991,13.449999809265137,1.0,3.6479878779596593,0.012631251913283625,
2022-12-05,1484.0924062500017,13.729999542236328,1.0,3.1665355365124483,0.005936810537774617,
2022-12-06,1409.2060312499998,14.039999961853027,0.5,2.045347257146548,0.0006241932684230012,
2022-12-07,1309.8028281250008,14.079999923706055,1.0,-3.5992613350619185,0.002736539414685213,
2022-12-08,1340.627640625,13.399999618530273,1.0,-2.0357592741415687,0.01500942555976681,
2022-12-09,1211.7296406249989,13.479999542236328,1.0,-4.029257587934012,-0.003867769071955962,
2022-12-12,1193.9176171875006,13.319999694824219,1.0,-2.751210753764191,-0.0017991850268752607,
2022-12-13,1282.0984296874994,12.880000114440918,1.0,1.203554837829301,0.0006142173493985936,
2022-12-14,1310.9736015624985,12.890000343322754,1.0,4.075635776405793,0.0018042030929623643,
2022-12-15,1043.7912109374993,13.729999542236328,1.0,-2.6653889102134465,-0.001808886392073994,
2022-12-16,874.6236171874989,14.069999694824219,0.5,-8.908045471992823,-0.012176785936889978,
2022-12-19,1001.0572421875004,13.550000190734863,1.0,-1.2884008407213963,0.007327216366951328,
2022-12-20,941.6276015625008,13.779999732971191,1.0,-5.054146142408418,-0.004541297491558183,
2022-12-21,734.944031250001,15.5600004196167,0.5,-7.953392298334163,-0.01643893269641561,
2022-12-22,641.4816328125016,15.1899995803833,0.5,-11.234593698637044,-0.02848668349011385,
2022-12-23,302.9316015625009,16.15999984741211,0.5,-17.010122117066675,-0.04600363874278046,
2022-12-26,492.2076328125004,,0.5,-9.5537362776,-0.037393299147873926,
2022-12-27,591.5067968750009,15.289999961853027,1.0,-2.5439660453090873,-0.032209209547251594,
2022-12-28,563.5276171875012,15.399999618530273,0.5,-3.717790400707436,-0.036515804859345136,
2022-12-29,612.8924140624986,14.8100004196167,1.0,-0.4963739642151727,-0.034338575150187234,
2022-12-30,508.5927890624989,14.869999885559082,0.5,-2.4061241525396877,-0.0285723604290945,
2023-01-02,581.1780312500014,14.6899995803833,1.0,-0.3322833975324705,-0.02779742116562911,
2023-01-03,597.101984375,14.390000343322754,1.0,0.6372226747461611,-0.023305179982541446,
2023-01-04,389.6436250000006,15.199999809265137,0.5,-5.478635993389508,-0.029622104304194874,
2023-01-05,322.82599218749965,14.979999542236328,0.5,-2.4825203582277773,-0.03490290403601071,
2023-01-06,176.3124296874994,15.029999732971191,0.5,-6.940243929459093,-0.034446893163112,
2023-01-09,403.0176328125017,14.649999618530273,0.5,0.6852549668062012,-0.020972296610907826,
2023-01-10,202.38360156249837,15.510000228881836,0.5,-2.8938822998858376,-0.037720802543637966,
2023-01-11,169.23323437499857,15.4399995803833,0.5,-4.913176427179323,-0.04054250519728653,
2023-01-12,116.6008437499986,15.279999732971191,0.5,-4.2016898040558095,-0.037181488356286096,
2023-01-13,198.85764062499948,14.460000038146973,0.5,0.7440719784997952,-0.019699657104333634,
2023-01-16,122.34244531250079,15.020000457763672,0.5,-1.75485019940926,-0.03463110259408786,
2023-01-17,266.59521093749936,14.59000015258789,1.0,2.3823952913924265,-0.021522604197021566,
2023-01-18,364.0456406250014,14.369999885559082,1.0,6.494687056593806,-0.00488346584271393,
2023-01-19,293.8496406250015,13.960000038146973,1.0,3.3138348644858393,-0.00584384623452161,
2023-01-20,202.27121875000012,13.789999961853027,0.5,-2.3795896563297716,0.008064131343950898,
2023-01-23,281.9787968749988,13.619999885559082,1.0,0.7803357357301888,0.0018692077893229797,
2023-01-24,269.8303906250003,13.65999984741211,1.0,-1.3615434889480287,-0.004681753127526389,
2023-01-25,32.214031250001426,14.65999984741211,0.5,-6.023081036412027,-0.01968739871337455,
2023-01-27,-263.0859687500015,17.31999969482422,0.0,-9.47342993888257,-0.03224948549420048,
2023-01-30,-224.2411562499983,17.709999084472656,0.5,-6.841897222722101,-0.023470096884257052,
2023-01-31,-215.07118750000154,16.8799991607666,1.0,-6.325188636772627,-0.028548530180302345,
2023-02-01,-263.13079687500067,16.780000686645508,0.5,-5.720608884632149,-0.03856756327653976,
2023-02-02,-271.1507968750011,15.729999542236328,0.6,-6.316861814699031,-0.029177141207506807,
2023-02-03,-31.22760937500061,14.399999618530273,0.6,-0.6228869392992039,-0.015477901779593628,
2023-02-06,-123.73957812500157,14.6899995803833,0.3333333333333333,-2.509634768517532,-0.014871922662316406,
2023-02-07,-169.4311874999985,14.130000114440918,0.0,-3.6897011742416184,-0.030091010824600306,
2023-02-08,-22.00476562499898,13.600000381469727,0.5,1.3447899483477699,-0.00799736974547638,
2023-02-09,-3.1243593750004948,13.039999961853027,1.0,2.009373594102721,-0.004883457728391272,
2023-02-10,-41.6535781249986,12.75,0.5,1.0985783951749526,-0.0009579831277326534,
2023-02-13,-127.83518750000076,13.680000305175781,0.5,-1.8284358584932225,-0.011205882174280868,
2023-02-14,30.277234375000262,13.449999809265137,1.0,-0.22326570240354454,-0.0015073300756103247,
2023-02-15,115.7044375000005,12.859999656677246,1.0,3.8173280616698295,-0.0038008053048657064,
2023-02-16,135.069640624999,12.890000343322754,1.0,4.032359323184406,-0.009717372441373384,
2023-02-17,41.933249999998225,13.09000015258789,1.0,0.20829399169632992,-0.00946895489837718,
2023-02-20,-60.49756250000064,13.380000114440918,1.0,-1.8295776431575494,-0.012745659753280791,
2023-02-21,-80.39154687499831,14.010000228881836,0.5,-3.49692716258345,-0.01783504192265717,
2023-02-22,-352.3847968750015,15.59000015258789,0.0,-10.315667678477373,-0.033725002429172424,
2023-02-23,-395.3459843749988,15.079999923706055,0.5,-9.712819009663304,-0.025601088908424385,
2023-02-24,-440.0504062500004,14.1899995803833,0.0,-8.492306462451793,-0.015239028237680974,
2023-02-27,-513.7903593750016,13.880000114440918,0.0,-10.039159832915105,-0.022776580564878413,
2023-02-28,-598.8975468749995,14.020000457763672,0.5,-11.668403499657815,-0.026793949396500816,
2023-03-01,-451.2111718749984,13.0,0.0,-3.546875590629116,-0.009389053506684286,
2023-03-02,-578.4707812499983,12.970000267028809,0.0,-5.992898210514733,-0.015088115843041261,
2023-03-03,-305.4499531250003,12.180000305175781,0.0,0.7330832823061321,-0.01067481001361037,
2023-03-06,-188.79714062499988,12.270000457763672,1.0,4.599795412795928,-0.0008395709529909201,
2023-03-08,-146.88596875000076,12.449999809265137,0.6666666666666666,5.9452871559239435,0.006587733078922575,
2023-03-09,-310.01354687500134,12.729999542236328,1.0,1.0461440366650414,-0.011049510724305822,
2023-03-10,-483.34917187500105,13.40999984741211,1.0,-2.5986094245467863,-0.025564750694998972,
2023-03-13,-735.6923906250013,16.219999313354492,0.0,-9.76249862008374,-0.04147971139218898,
2023-03-14,-838.4783906250013,16.219999313354492,0.0,-12.532953416432154,-0.046556489308897664,
2023-03-15,-901.3759843750013,16.299999237060547,0.0,-11.890598249808125,-0.05772775853411083,
2023-03-16,-880.7923593749983,16.219999313354492,0.25,-8.819580386206646,-0.06020176766894958,
2023-03-17,-762.8947968749999,14.770000457763672,0.0,-3.3978384978054335,-0.05877016140266511,
2023-03-20,-869.4743906250005,16.010000228881836,0.0,-6.598231498204447,-0.06361433726847032,
2023-03-21,-744.7047812499986,15.079999923706055,0.0,-5.398553043985456,-0.04863102548075715,
2023-03-22,-695.7727968750005,14.8100004196167,0.0,-2.0533615814426436,-0.04604286399236701,
2023-03-23,-766.3495937500011,14.489999771118164,0.0,-3.3163867484530734,-0.03582752136266276,
2023-03-24,-895.1408125000016,15.239999771118164,0.5,-7.6224982487343365,-0.0461087329855957,
2023-03-27,-854.2475625000006,15.449999809265137,0.5,-5.327498567146274,-0.03695450108568499,
2023-03-28,-887.8019531249993,15.100000381469727,0.0,-7.086135191301498,-0.03613132807743735,
2023-03-29,-760.5787500000006,13.630000114440918,1.0,0.7477075707533253,-0.027569502574304794,
2023-03-31,-485.86117187499985,12.9399995803833,1.0,6.61176073970727,-0.019459655796638553,
2023-04-03,-449.9900000000016,12.59000015258789,1.0,8.50053151430595,-0.008994714413639082,
2023-04-05,-296.3476093749996,12.40999984741211,1.0,10.773162148068506,-0.015936844839684716,
2023-04-06,-256.846796875001,11.800000190734863,1.0,10.450769030237868,-0.02402812020198586,
2023-04-10,-234.28440625000076,12.270000457763672,1.0,10.91426557019462,-0.02938158832646187,
2023-04-11,-139.2956093749999,11.979999542236328,1.0,13.838944557431963,-0.01408199932035803,
2023-04-12,-53.76720312500038,12.270000457763672,1.0,14.050045546989786,0.003546258553770887,
2023-04-13,-44.923187500000495,11.90999984741211,1.0,12.768219083900732,0.020348150487106142,
2023-04-17,-170.73957812500157,12.270000457763672,0.75,12.44672470500969,0.022187759858006917,
2023-04-18,-222.60520312500012,12.079999923706055,1.0,8.910956576826107,0.022495756583621018,
2023-04-19,-267.47000000000116,12.149999618530273,0.0,5.108964471948631,0.018375432110852463,
2023-04-20,-264.27196874999936,11.9399995803833,0.6666666666666666,4.725516386139788,0.01570920272002585,
2023-04-21,-265.7672187499993,11.630000114440918,1.0,3.866331588659826,0.022905413395089003,
2023-04-24,-148.2668124999982,11.670000076293945,1.0,6.617907663448951,0.018779052774299254,
2023-04-25,-124.05960937499913,11.520000457763672,1.0,8.505560815549142,0.016326506308053323,
2023-04-26,-81.60839062499872,11.649999618530273,1.0,9.686367939994753,0.02174515162854007,
2023-04-27,18.368374999998196,11.430000305175781,1.0,12.834301041813891,0.04280647898544521,
2023-04-28,165.04839062500105,10.949999809265137,1.0,16.13715539784773,0.047770171591501764,
2023-05-02,244.41317187499953,11.899999618530273,1.0,15.203127143693598,0.05349296617556343,
2023-05-03,184.18799999999828,11.84000015258789,1.0,10.438922208476578,0.036547366594006814,
2023-05-04,348.1903593749994,11.729999542236328,1.0,12.904572716026294,0.02907294428343188,
2023-05-05,162.00078125000073,12.300000190734863,1.0,9.285559494930602,0.013841608427501262,
2023-05-08,355.9487656249985,12.640000343322754,1.0,12.87000322312504,0.01643849079855153,
2023-05-09,355.7915937500002,12.680000305175781,1.0,11.257275364375033,0.019660050478711444,
2023-05-10,403.3583906249987,13.079999923706055,1.0,13.028679843579573,0.023565699853763444,
2023-05-11,384.505187499999,13.220000267028809,1.0,10.841647144746922,0.015916620772622903,
2023-05-12,401.0435624999991,12.850000381469727,1.0,7.961347663883843,0.01171455057113846,
2023-05-15,482.1271874999984,13.170000076293945,1.0,9.96837536135951,0.015557218164948372,
2023-05-16,370.2831718749985,13.289999961853027,1.0,6.519579841112323,0.01499945188824836,
2023-05-17,266.71237499999916,13.109999656677246,1.0,1.6978380518191702,0.008016484372095345,
2023-05-18,217.0992031249989,12.800000190734863,0.5,-2.7926779576025,,
2023-05-19,292.20037500000035,12.300000190734863,1.0,-0.2849183289474981,0.01345636023655672,
2023-05-22,403.43637500000114,12.569999694824219,0.5,3.2214304581338675,0.021486668026438283,
2023-05-23,436.71318750000137,12.609999656677246,0.5,3.1811703748368005,0.01808811703504376,
2023-05-24,373.1099687499991,13.109999656677246,1.0,3.8755030339573824,0.014347670787052902,
2023-05-25,408.2443593749995,12.520000457763672,1.0,4.989047936874223,0.015494439082777589,
2023-05-26,584.5867812500001,11.899999618530273,1.0,10.627402857442549,0.02004692444615297,
2023-05-29,682.9711562500015,12.300000190734863,1.0,11.786056883362086,,
2023-05-30,717.2015781250011,12.010000228881836,1.0,9.097682904568979,0.01507088987395444,
2023-05-31,617.9791562499995,11.970000267028809,1.0,5.079922376465525,0.008628346929423936,
2023-06-01,572.3711718749983,11.600000381469727,1.0,4.701754671653611,-0.001969560396541281,
2023-06-02,620.5147812499999,11.130000114440918,1.0,7.66507200408023,0.01867158596935048,
2023-06-05,682.0139843750003,11.140000343322754,1.0,6.2714225487929145,0.010966308066610253,
2023-06-06,687.9411718750016,11.380000114440918,1.0,6.040254812648748,0.010745969277574652,
2023-06-07,815.1387656250008,11.4399995803833,1.0,10.942026664894433,0.014137503344468838,
2023-06-08,723.3547499999986,11.260000228881836,1.0,4.04347636218635,0.010954654447770773,
2023-06-09,652.1811562500006,11.119999885559082,1.0,0.2173897508797384,0.005663682277383453,
2023-06-12,690.3435624999984,11.25,1.0,3.2687734325379694,0.0026844819995157643,
2023-06-13,803.2375468749997,11.109999656677246,1.0,6.492632808440159,0.014760093649598405,
2023-06-14,840.917546875,11.15999984741211,1.0,6.03942684326922,0.025349169844968156,
2023-06-15,772.4759687500009,11.079999923706055,1.0,4.395894689947543,0.02580688913476581,
2023-06-16,909.0507656250011,10.84000015258789,1.0,7.960277473593447,0.03420237955627492,
2023-06-19,835.7755937500006,11.229999542236328,1.0,2.694772478394635,0.022014285443098025,
2023-06-20,892.6440000000002,11.130000114440918,1.0,5.659359300504703,0.024303739436750016,
2023-06-21,929.3031875000015,11.289999961853027,1.0,3.903112154958392,0.030009401143792358,
2023-06-22,840.6159843749992,11.550000190734863,1.0,-1.351999145943137,0.023325463007659808,
2023-06-23,731.1347812499989,11.239999771118164,1.0,-6.378908392135298,0.007739667666015748,
2023-06-26,752.3232031250009,11.399999618530273,1.0,-1.5827432299288766,0.004562359007182604,
2023-06-27,870.4395781249987,10.779999732971191,1.0,3.2504828118763767,0.008609158605209721,
2023-06-28,1017.4787968749988,10.890000343322754,1.0,8.2958495733534,0.023202442730263062,
2023-06-30,1225.975968750001,10.800000190734863,1.0,12.423876923652784,0.035867184201882285,
2023-07-03,1349.8755625000013,11.539999961853027,1.0,9.983172028443185,,
2023-07-04,1406.7407812499987,11.699999809265137,1.0,9.804413477817151,,
2023-07-05,1405.8951874999984,11.880000114440918,1.0,10.385429209123124,,
2023-07-06,1494.2971562499988,11.84000015258789,1.0,11.951714807464377,,
2023-07-07,1320.0031562500008,11.529999732971191,1.0,3.4150393879253946,0.041132998031190415,
2023-07-10,1333.5991562499985,11.460000038146973,1.0,-0.2967859553337703,0.048061179390680775,
2023-07-11,1405.5211562500008,11.010000228881836,1.0,3.575356945636009,,
2023-07-12,1338.2227343749983,10.9399995803833,1.0,0.9252920464294598,,
2023-07-13,1357.1715468750008,10.9399995803833,1.0,-1.6065792347395345,,
2023-07-14,1494.71875,10.680000305175781,1.0,0.867344262485837,0.045657500916783,
2023-07-17,1627.1419687499983,11.319999694824219,1.0,2.7096453056702314,0.04785841802396862,
2023-07-18,1649.8143437500003,11.710000038146973,1.0,0.9442552500938245,,
2023-07-19,1718.7023281250003,11.600000381469727,1.0,3.8634815682585857,0.05112602007832723,
2023-07-20,1848.0279218750002,11.789999961853027,1.0,7.342848555847937,0.05745156643232918,
2023-07-21,1600.3439375000016,11.489999771118164,1.0,1.8259670002392168,0.0502222944763111,
2023-07-24,1515.6375468750011,11.649999618530273,1.0,2.948518454741178,0.053529362717312345,
2023-07-25,1511.305546874999,10.239999771118164,1.0,2.5942423720609638,,
2023-07-26,1595.001515625001,10.460000038146973,1.0,4.849834668049881,0.04982629715107545,
2023-07-27,1464.2703281249997,10.510000228881836,1.0,1.2407738193135363,,
2023-07-28,1438.1987187500017,10.140000343322754,1.0,2.6515422158019852,0.02505426011737244,
2023-07-31,1531.0539062499993,10.40999984741211,1.0,5.987625449292536,,
2023-08-01,1493.7702968750018,10.279999732971191,1.0,3.8080571857848007,,
2023-08-02,1271.7494843749992,11.279999732971191,0.5,-2.884316847994258,,
2023-08-03,1113.0930937500016,11.1899995803833,0.5,-7.268986511995306,-0.003866379472059145,
2023-08-04,1233.2371093750007,10.569999694824219,1.0,-4.310988964359794,0.011230834499837528,
2023-08-07,1297.6426874999997,11.100000381469727,1.0,0.10919084734198951,0.011645283045979005,
2023-08-08,1257.4571250000008,11.329999923706055,1.0,-1.910662033992919,0.005521355366357783,
2023-08-09,1304.2146874999999,11.140000343322754,1.0,1.3458219721876137,0.011153220646788142,
2023-08-10,1200.19071875,11.399999618530273,1.0,-1.0806911136646813,0.003769038232891875,
2023-08-11,1072.9390781250004,11.520000457763672,0.5,-5.611474547543834,-0.009442916119658307,
2023-08-14,1066.8602656250005,12.0,1.0,-5.318479175263136,-0.014460747856769096,
2023-08-16,1084.4414843749983,12.130000114440918,1.0,-4.533301143397111,-0.013980060253479754,
2023-08-17,971.9366875000014,12.239999771118164,1.0,-6.072700935506727,-0.020705248591583514,
2023-08-18,905.794671874999,12.140000343322754,0.5,-8.786755310869141,-0.03721471074849825,
2023-08-21,978.2218906249982,11.960000038146973,1.0,-2.643708890711112,-0.024441442350541687,
2023-08-22,970.1867031250003,11.75,1.0,-0.5266709105818176,-0.013612400203791397,
2023-08-23,1005.7390781249997,11.729999542236328,1.0,1.387269254978514,-0.013260645722628306,
2023-08-24,936.1015000000007,11.699999809265137,0.5,-1.5922342459266723,-0.020211596160705336,
2023-08-25,803.6902499999997,12.079999923706055,0.5,-6.575464383030917,-0.020870281094878096,
2023-08-28,829.9262500000004,12.399999618530273,1.0,-4.107198131570749,-0.0197804819452142,
2023-08-29,851.8746562499982,12.229999542236328,1.0,0.8213833468966629,-0.022874710108904517,
2023-08-30,841.6202968750003,11.800000190734863,1.0,1.944768192915452,-0.02203892684567743,
2023-08-31,733.0830468749991,12.0600004196167,1.0,-2.590644205796451,-0.020169054299566502,
2023-09-01,897.5322343750013,11.369999885559082,1.0,3.153109286166543,-0.006337829622244495,
2023-09-04,974.4090312500011,10.960000038146973,1.0,4.579816688681718,-0.004356042162438012,
2023-09-05,1002.4846406249999,10.819999694824219,1.0,6.110759108921406,-0.005684760888539975,
2023-09-06,1022.5014218750002,10.680000305175781,1.0,6.999711998208424,-0.0016633433214205962,
2023-09-07,1122.3766093749982,10.869999885559082,1.0,8.09067345307962,-0.001377222453133875,
2023-09-08,1198.7506562499984,10.779999732971191,1.0,9.34691464342878,0.009631867612060363,
2023-09-11,1355.8970468750013,11.350000381469727,1.0,14.738384708259915,0.027175461127606937,
2023-09-12,1332.1042656249992,11.6899995803833,1.0,10.422314761303564,0.025853683583515474,
2023-09-13,1385.5794531249994,11.829999923706055,1.0,10.163712077430189,0.024885578078431614,
2023-09-14,1394.2006718750017,11.319999694824219,1.0,10.679400790624701,0.02734903675773781,
2023-09-15,1457.6890781250004,10.899999618530273,1.0,10.374055192329301,0.03701521527041929,
2023-09-18,1373.4586406249982,10.84000015258789,1.0,9.396954248269427,0.031540856086007096,
2023-09-20,1119.1474531249987,11.130000114440918,1.0,2.7793262031295276,0.019019971238753985,
2023-09-21,938.0650781250006,10.819999694824219,0.5,-1.180551288348571,0.008333732492962653,
2023-09-22,849.4314687500009,10.65999984741211,1.0,-2.9659055995579227,0.006595189479777108,
2023-09-25,829.5510468749999,10.899999618530273,1.0,-2.6084682178201186,0.01462657207122664,
2023-09-26,798.9970937500002,11.1899995803833,1.0,-1.9523830873073693,0.013229358847223649,
2023-09-27,828.5759062500001,11.59000015258789,1.0,0.40259565583942664,0.013977471412878417,
2023-09-28,615.3746562499982,12.819999694824219,1.0,-6.034239917949564,0.007868474925533997,
2023-09-29,708.6318437500013,11.449999809265137,1.0,-0.028014478322366462,0.018326738402340892,
2023-10-03,579.4966562500013,11.789999961853027,1.0,-4.204739118627393,0.005628505980815324,
2023-10-04,470.235468750001,11.65999984741211,0.5,-8.167513824331506,-0.005158258037363694,
2023-10-05,562.7042656250014,10.9399995803833,1.0,-5.0461476744530485,-0.0027222456985621646,
2023-10-06,653.6826718750017,10.300000190734863,1.0,1.1440609936293282,0.004633669959174247,
2023-10-09,497.22668749999866,11.399999618530273,1.0,-5.245768277939645,-0.0018598298521703693,
2023-10-10,658.2002968749985,11.270000457763672,1.0,2.4352804998675683,0.002463468799020596,
2023-10-11,762.9879062500004,10.989999771118164,1.0,6.901593136255285,-0.006369778381905888,
2023-10-12,729.7855000000018,10.619999885559082,1.0,7.6467580205725065,-0.009139606806079614,
2023-10-13,671.4518749999988,10.619999885559082,1.0,6.074620198650232,-0.011376215213725338,
2023-10-16,635.9518906250014,11.069999694824219,1.0,4.7883256170774615,-0.00987974459550911,
2023-10-17,698.491093749999,10.699999809265137,1.0,8.826811868517925,-0.011493081782495973,
2023-10-18,541.6719062500015,10.970000267028809,1.0,1.949209710605571,-0.01639967806753806,
2023-10-19,479.2695156250011,10.899999618530273,1.0,-1.8597375095045352,-0.004890931445516222,
2023-10-20,381.87189062499965,10.819999694824219,1.0,-4.248876144140076,-0.0006967804715628523,
2023-10-23,108.6647031249995,10.90999984741211,0.5,-11.294535027023704,-0.0072865574456018045,
2023-10-25,-61.75810937500137,11.3100004196167,0.5,-14.51371047665576,-0.01907521337482354,
2023-10-26,-335.00770312500026,11.729999542236328,0.5,-18.60212675362744,-0.032059161240886036,
2023-10-27,-154.06529687500006,10.90999984741211,0.5,-9.038103707513356,-0.025757826009561446,
2023-10-30,-69.02210937500058,11.489999771118164,0.5,-6.485721215238198,-0.0150819472999969,
2023-10-31,-137.77848437500143,11.829999923706055,0.5,-5.488317357922161,-0.02393772596625421,
2023-11-01,-235.4221093749984,12.050000190734863,0.5,-8.67225965648177,-0.0243469677373368,
2023-11-02,-98.34209375000137,11.079999923706055,0.5,-1.4591215371214445,-0.015581809903305932,
2023-11-03,-10.285281249998661,10.880000114440918,1.0,1.1698096514460925,-0.015713211326319754,
2023-11-06,161.6863125000018,11.109999656677246,1.0,7.684389714819535,-0.01725113775228182,
2023-11-07,147.5095312500016,11.1899995803833,1.0,7.196318857579619,-0.014520471551672909,
2023-11-08,175.28310937499919,11.039999961853027,1.0,8.615169974383324,-0.024519822516675727,
2023-11-09,118.29748437500166,10.979999542236328,1.0,5.412411797222718,-0.03132257749606082,
2023-11-10,139.46192187500128,11.109999656677246,1.0,6.064700561364043,-0.025219562454447786,
2023-11-13,149.30548437499965,11.1899995803833,1.0,6.234755004752398,-0.022991484926324524,
2023-11-15,370.09232812499977,11.140000343322754,1.0,12.555708640251968,-0.015647422943609213,
2023-11-16,447.1747343749994,11.649999618530273,1.0,12.636488887478883,-0.014295866548992286,
2023-11-17,400.9614843749987,11.829999923706055,1.0,11.248036362482722,-0.01176570575575031,
2023-11-20,351.23590624999997,12.149999618530273,1.0,7.74839338748586,-0.011764228069355953,
2023-11-21,428.88429687499956,12.229999542236328,1.0,7.975958226124795,-0.0004959812597986613,
2023-11-22,445.6227187500008,11.869999885559082,1.0,7.071238548647559,0.013425266099939215,
2023-11-23,423.6403124999997,11.319999694824219,1.0,5.967376994348002,0.022340701529732554,
2023-11-24,404.5511406250007,11.329999923706055,1.0,3.2460357226483634,0.03650064585588342,
2023-11-28,488.42834375000166,12.180000305175781,1.0,6.837665591257754,0.03144068396322952,
2023-11-29,683.3451406249987,12.710000038146973,1.0,10.68536275648362,0.03672838212021223,
2023-11-30,707.9015156249989,12.6899995803833,1.0,11.46984225530478,0.043269837916938725,
2023-12-01,828.7835156250003,12.380000114440918,1.0,11.202598208885728,0.05704454542730608,
2023-12-04,1230.0914999999986,12.989999771118164,1.0,15.893034898179234,0.0725614781945112,
2023-12-05,1379.8223281249993,13.460000038146973,1.0,15.91248309851028,0.07667184854001352,
2023-12-06,1443.6711406249997,13.739999771118164,1.0,14.292031626053866,0.06875735765492319,
2023-12-07,1388.7051093750015,12.670000076293945,1.0,12.238934966771343,0.06716276974839053,
2023-12-08,1439.0111093749983,12.470000267028809,1.0,9.46821951826746,0.07070460466149964,
2023-12-11,1447.8099374999983,12.760000228881836,1.0,9.74672506040065,0.07809162932049318,
2023-12-12,1338.3667187499996,12.710000038146973,1.0,6.520047776691438,0.06928168818120772,
2023-12-13,1339.7171406250018,12.069999694824219,1.0,7.334584544565724,0.0684843856947952,
2023-12-14,1576.3343593749996,12.319999694824219,1.0,10.18284190009923,0.06927072293903547,
2023-12-15,1828.6795312499999,13.130000114440918,1.0,12.876870645535737,0.07457485321216284,
2023-12-18,1768.8351250000014,13.899999618530273,1.0,8.53562143725651,0.07695233503413568,
2023-12-19,1782.2675468749985,13.869999885559082,1.0,7.165508448664416,0.07914244764768297,
2023-12-20,1460.1607187500013,14.449999809265137,1.0,-1.2282203601836654,0.0564326573202143,
2023-12-21,1545.5542968750015,13.760000228881836,1.0,2.086001523486094,0.06019747576244727,
2023-12-22,1619.9635000000017,13.710000038146973,1.0,6.252183064670444,0.06836370017443016,
2023-12-26,1690.5519218750014,14.680000305175781,1.0,11.115422507457637,0.07218404599305694,
2023-12-27,1880.0383125000008,15.5600004196167,1.0,14.367163869738068,0.07774397207945594,
2023-12-28,1979.28753125,15.140000343322754,1.0,16.300406802512967,0.07433582761267488,
2023-12-29,1908.6767031249983,14.5,1.0,11.336696474783333,0.06716896889760338,
2024-01-01,1897.0182968750014,,1.0,9.457297115731816,0.06008827150301399,
2024-01-02,1801.1046874999993,14.579999923706055,1.0,6.101424912871483,0.035910318086298076,
2024-01-03,1635.0951249999998,14.100000381469727,1.0,3.355711292349393,0.02075243764915813,
2024-01-04,1758.1883281250011,13.329999923706055,1.0,3.2910365119222305,0.025894187810034497,
2024-01-05,1791.8910937500004,12.630000114440918,1.0,2.8744844188454612,0.03142605710957458,
2024-01-08,1577.9647187500013,13.460000038146973,1.0,-1.8299672936718985,0.018209277742785357,
2024-01-09,1592.1099375000013,13.260000228881836,1.0,-0.9517914220951892,0.014288689090030005,
2024-01-10,1647.8571562500001,12.970000267028809,1.0,-0.23328389080515435,0.023090758078459395,
2024-01-11,1658.6947656250013,12.770000457763672,1.0,-0.7363231833860358,0.023074165388266232,
2024-01-12,1885.9643281249992,13.100000381469727,1.0,1.0339173954114265,0.023492059456639458,
2024-01-15,2067.393171874999,13.789999961853027,1.0,3.027750596245714,0.0230127329110279,
2024-01-16,1982.5023281249996,13.569999694824219,1.0,-0.6136586030716911,0.02179820378930386,
2024-01-17,1507.2667656250014,15.079999923706055,1.0,-5.7748115843313865,-0.0005059601866932439,
2024-01-18,1383.8635468749999,14.069999694824219,1.0,-5.815754932634771,,
2024-01-19,1529.6999375000014,13.880000114440918,1.0,0.514382327844282,0.011639994235931761,
2024-01-23,1136.0231249999997,14.850000381469727,0.8333333333333334,-4.8518690044910455,-0.010821042951958737,
2024-01-24,1337.4999687499985,14.380000114440918,1.0,1.6666526326891484,-0.007886907732760129,
2024-01-25,1222.7083593749994,13.869999885559082,1.0,-1.363647845981608,-0.022014373380007557,
2024-01-29,1591.252359375001,15.680000305175781,1.0,3.429742671469597,-0.00913937545349719,
2024-01-30,1361.8019687499982,16.100000381469727,1.0,-1.01202872334306,-0.01890917648348711,
2024-01-31,1548.8751875000016,16.049999237060547,1.0,6.262885589992046,-0.008387903209175485,
2024-02-01,1504.214,14.460000038146973,1.0,3.851451846357127,-0.012226851209938605,
2024-02-02,1643.7655625000007,14.699999809265137,1.0,7.696642419746743,-0.002501604893991205,
2024-02-05,1545.3588124999987,15.619999885559082,1.0,3.569980161610969,-0.009691449313436795,
2024-02-06,1683.8371875000012,15.789999961853027,1.0,6.37543831404534,-0.0048446723386188495,
2024-02-07,1664.5459999999985,15.510000228881836,1.0,6.488994984218915,0.003277775982861053,
2024-02-08,1434.3876249999994,15.829999923706055,0.8888888888888888,2.218268623451837,-0.007678725503021955,
2024-02-09,1481.4568125000005,15.449999809265137,1.0,2.724037964642412,-0.005290084993094357,
2024-02-12,1298.6459843750017,16.059999465942383,0.8333333333333334,-1.589423483474393,-0.014310984128965143,
2024-02-13,1408.9596093750006,15.8100004196167,1.0,2.517744422611863,-0.018557054237174797,
2024-02-14,1487.384781249999,15.4399995803833,0.9,5.150881800318799,-0.018856995372705687,
2024-02-15,1538.2244062499994,15.229999542236328,0.9090909090909091,3.8507214729881074,-0.015124612613506616,
2024-02-16,1647.3244374999995,15.220000267028809,1.0,7.696044841535726,0.011321271970528901,
2024-02-19,1707.6172187500015,,1.0,7.569491233983776,0.019533691988216084,
2024-02-20,1759.6628437500003,16.06999969482422,1.0,6.738674645986725,0.014948719846171077,
2024-02-21,1595.8052031250008,15.930000305175781,1.0,2.786188346716409,0.0244095675327618,
2024-02-22,1735.612843750001,15.199999809265137,1.0,5.734154101858882,0.02358300559100579,
2024-02-23,1708.3328437499986,14.970000267028809,1.0,4.146126083339085,0.02828562003325885,
2024-02-26,1596.2599999999984,15.600000381469727,1.0,-0.4258968409043882,0.0048860115254285574,
2024-02-27,1650.0656249999993,15.729999542236328,1.0,1.6515389483509564,0.01983050331678249,
2024-02-28,1381.3836093749997,16.329999923706055,0.5,-5.7396499513492225,-2.0856781861589013e-06,
2024-02-29,1391.619999999999,15.569999694824219,1.0,-1.6051681420129973,0.007988593253838827,
2024-03-01,1723.6004218749986,15.239999771118164,1.0,2.8684987928984595,0.01981533647549938,
2024-03-04,1765.9848281250015,14.920000076293945,1.0,3.801499012371468,0.022364404786770375,
2024-03-05,1691.8660000000018,14.380000114440918,1.0,1.1103173737584724,0.012715641407354372,
2024-03-06,1785.3060000000005,14.300000190734863,1.0,3.635714214893297,0.01803911767298061,
2024-03-07,1781.0879999999997,13.609999656677246,1.0,4.611038903094516,0.027382400404159846,
2024-03-11,1598.1256093750017,14.0,1.0,1.7726681934409658,0.014538049859502022,
2024-03-12,1579.3772500000014,13.640000343322754,1.0,-3.0950896599119404,0.02296665379898455,
2024-03-13,1223.2120624999989,14.430000305175781,0.0,-8.5323460853825,0.002571857431030944,
2024-03-14,1353.5496249999997,13.619999885559082,1.0,-3.526464978949315,0.0029051827452035717,
2024-03-15,1214.0328437499993,13.6899995803833,1.0,-6.703471346413078,-0.0031877522748275933,
2024-03-18,1229.8824531249993,13.899999618530273,0.5,-6.0301129197925185,-0.005262373470735993,
2024-03-19,977.6528593750008,14.109999656677246,0.5,-9.842819661648427,-0.01892861605949192,
2024-03-20,985.4152499999982,13.470000267028809,0.6666666666666666,-7.144125177712349,-0.02008354752532615,
2024-03-21,1143.7080625000017,12.510000228881836,0.5,0.15480667278081042,-0.005905294403719896,
2024-03-22,1212.8012500000004,12.220000267028809,1.0,4.308478186820666,-0.01294542804790555,
2024-03-26,1103.924078125001,12.819999694824219,0.5,1.8887548801259977,-0.012919925668706145,
2024-03-27,1203.8248437500006,12.699999809265137,0.6666666666666666,1.3635267201030887,-0.005062015079784654,
2024-03-28,1385.8536406249987,12.829999923706055,1.0,7.479249134629804,-0.003296368484357659,
2024-04-01,1498.6536562500005,12.079999923706055,1.0,8.483022019242567,0.01299948226342984,
2024-04-02,1467.645625000001,11.649999618530273,1.0,7.486108924834827,0.015476599892544796,
2024-04-03,1427.2496250000004,11.369999885559082,1.0,3.7613618475921293,-0.002026103246394184,
2024-04-04,1483.3208281250008,11.220000267028809,1.0,3.6229324207571967,0.0009223335888020046,
2024-04-05,1459.3664687499986,11.34000015258789,1.0,1.3278537988013415,0.002306765274907363,
2024-04-08,1586.867624999999,11.609999656677246,1.0,5.2682440172011,0.007371859258962221,
2024-04-09,1537.663640625,11.359999656677246,1.0,2.31038146861908,0.00820657774619904,
2024-04-10,1623.0500156249982,11.109999656677246,1.0,3.890312110688339,0.019250763913346125,
2024-04-12,1365.7224218750016,11.529999732971191,0.0,-3.180653727618636,0.009010735836162076,
2024-04-15,1096.740828124999,12.470000267028809,0.0,-8.96598941350616,0.013672451154484011,
2024-04-16,952.476812500001,12.619999885559082,1.0,-10.244900429232313,0.0016294232670832631,
2024-04-18,782.9500312499986,13.039999961853027,1.0,-14.200373078462805,0.00032430659890925195,
2024-04-19,915.2764218750017,13.460000038146973,1.0,-9.618487064196838,0.005714939427051924,
2024-04-22,1083.9940156250013,12.699999809265137,1.0,-1.5060348707064988,0.02457441141391925,
2024-04-23,1094.5036250000012,10.199999809265137,1.0,-0.14130125785077083,0.02263955646726079,
2024-04-24,1108.1768125000017,10.279999732971191,1.0,0.42984442539482426,0.018131700989216015,
2024-04-25,1252.9320312499985,10.729999542236328,0.875,5.624418166232132,0.02535766031323483,
2024-04-26,1080.1696406250012,10.930000305175781,0.5,1.1472512269171962,0.018477259340496932,
2024-04-29,1278.8148125000007,12.239999771118164,1.0,3.665932822023162,0.02545763992790928,
2024-04-30,1213.6792343749985,12.869999885559082,1.0,2.453945036200768,0.0187138245975339,
2024-05-02,1228.8204531250012,13.449999809265137,0.8333333333333334,2.9168641205279013,0.01415575557561266,
2024-05-03,1027.5220468750013,14.619999885559082,0.8333333333333334,-1.068020265022629,0.0006114725088015582,
2024-05-06,967.2080625000017,16.600000381469727,1.0,-1.4192893077457875,-0.0019960742991063096,
2024-05-07,801.7160468750008,17.010000228881836,1.0,-4.2521457972465555,-0.01374492011643591,
2024-05-08,775.9328437500008,17.079999923706055,0.5,-3.2972101977471815,-0.012129314680659475,
2024-05-09,407.1860468749983,18.200000762939453,0.0,-9.061353798156789,-0.036782989650139375,
2024-05-10,481.5096718749992,18.469999313354492,1.0,-2.868380380310097,-0.0350110488886326,
2024-05-13,507.3736250000002,20.600000381469727,1.0,-1.43776576570826,-0.03484249959283248,
2024-05-14,598.7236562500002,20.200000762939453,1.0,1.550918918965971,-0.020865161513339836,
2024-05-15,559.0740156249994,20.270000457763672,1.0,0.723479115517612,-0.01347066737861613,
2024-05-16,738.6900468749991,20.0,1.0,5.86466473087805,0.00013450895585731537,
2024-05-17,776.3736562500017,19.799999237060547,1.0,4.616543870718404,0.009169447549771448,
2024-05-21,814.4952187499985,21.809999465942383,1.0,4.686263166951422,0.003049546649002144,
2024-05-22,858.0112187500017,21.469999313354492,1.0,6.197851682051165,-0.0017093466800572887,
2024-05-23,1201.5232187500005,21.3799991607666,1.0,11.43460592167823,0.012229962700753605,
2024-05-24,1165.4372343750001,21.709999084472656,1.0,5.5374048450094575,0.007044138879347628,
2024-05-27,1115.181656249999,23.190000534057617,1.0,2.8942403277350093,-0.0016873724469823603,
2024-05-28,1045.3296249999985,24.200000762939453,1.0,1.0952875408740972,0.003960756043581926,
2024-05-29,838.508062500001,24.18000030517578,1.0,-2.9220374665575592,-0.01225353338166979,
2024-05-30,601.0448281249992,24.18000030517578,0.5,-8.754394290819825,-0.020506937161097638,
2024-05-31,621.2640624999985,24.600000381469727,1.0,-7.344504419761674,-0.021710476683937108,
2024-06-03,1326.711625,20.940000534057617,1.0,-0.009139979805001733,0.018572121448688028,
2024-06-04,-68.64717187499991,26.75,0.5,-5.643841801658641,-0.030745321248911495,
2024-06-05,647.0124375000014,18.889999389648438,1.0,3.927765798642936,0.006426991835249751,0.7524734966054937
2024-06-06,826.5572187500002,16.799999237060547,1.0,6.668172017071495,0.012694872290703652,0.8084593961388116
2024-06-07,1271.1292187500003,16.8799991607666,1.0,13.2739589230585,0.048554462498137996,1.1540521788092095
2024-06-10,1219.5988593750008,16.399999618530273,1.0,12.496875482502407,0.04678089807211716,0.9701442920288568
2024-06-11,1205.9712499999987,14.770000457763672,1.0,11.133807212956514,0.045486691928420475,1.0191638703830088
2024-06-12,1244.9888593750002,14.390000343322754,1.0,11.836751356055332,0.040758420737032175,1.0240770845928728
2024-06-13,1300.9580312500002,13.489999771118164,1.0,13.13916020040891,0.045401327163393956,1.010485201861407
2024-06-14,1347.6876562500001,12.819999694824219,1.0,12.38658561851638,0.03765620662292668,1.3042719112262435
2024-06-18,1419.5020312499983,12.970000267028809,1.0,13.589024596967947,0.04042653018638909,1.2560623894095289
2024-06-19,1356.7248437499984,13.710000038146973,1.0,6.572838306610134,0.035250817898990316,1.102193937016018
2024-06-20,1386.5996406250015,13.350000381469727,1.0,5.559594978135563,0.0335469473680976,1.140091601450671
2024-06-21,1302.1520468749986,13.180000305175781,1.0,2.548759527565459,0.01584745041355773,1.0445142683337498
2024-06-24,1322.2524531249983,14.0600004196167,1.0,3.17625779528083,0.02065506022333552,1.1381098511016174
2024-06-25,1487.2824218749993,14.3100004196167,1.0,2.9623927415934066,0.02936604833625167,1.3802045153007163
2024-06-26,1615.4568125000005,14.050000190734863,1.0,2.6055940613036963,0.039362353466867894,1.3118336994764153
2024-06-27,1768.0012343749986,14.149999618530273,1.0,6.31366786833939,0.052803489545093285,1.2554716225158191
2024-06-28,1712.0564531249984,13.800000190734863,1.0,4.9839100740958635,0.06030346445126811,1.166659024206498
2024-07-01,1821.0656718749997,13.829999923706055,1.0,6.441380969714799,0.06764355356533125,1.205135449280859
2024-07-02,1781.5060625000006,13.640000343322754,1.0,3.9974935206757425,0.03387496980419469,1.150628731005349
2024-07-03,1923.1024531250005,13.210000038146973,1.0,8.179767426007428,0.09885891311540318,1.2384018562986685
2024-07-04,1918.5652343750007,12.859999656677246,1.0,5.7834460758242585,0.06580867210372787,1.0307137937050772
2024-07-05,1919.5248593750002,12.699999809265137,1.0,8.913728607492578,0.057698681991968925,1.1951440692999944
2024-07-08,1895.5968281249989,13.600000381469727,1.0,6.565777951584835,0.0380523459761517,1.184208010977295
2024-07-09,1986.1060781250017,14.279999732971191,1.0,8.82654559675123,0.04272568834453305,1.2822953188142503
2024-07-10,1854.89928125,14.430000305175781,1.0,7.039900942796458,0.03585140804771836,0.9653471294578836
2024-07-11,1825.1404843749988,14.0,1.0,5.032646225924373,0.034449191137112534,0.9517987060938884
2024-07-12,1989.010859375001,13.729999542236328,1.0,7.572165093938126,0.03903217656975877,1.276379593821643
2024-07-15,2048.9700937499983,14.1899995803833,1.0,9.286316895040287,0.042762838072208265,1.3304031764292552
2024-07-16,2050.7256718749995,14.220000267028809,1.0,9.416077459578416,0.03706844928802666,1.2539201811126737
2024-07-18,2213.1180781250005,14.510000228881836,1.0,10.794972466927796,0.047695473650482434,1.2741997893687913
2024-07-19,1920.0992499999993,14.829999923706055,1.0,1.923159291122736,0.03280173622768312,1.109204913401004
2024-07-22,1877.531265624999,15.4399995803833,1.0,3.209857601827694,0.0363444213406281,1.0159370649198802
2024-07-23,1828.2792343750007,12.75,1.0,2.4444289469499307,0.03498089307814256,0.8705236335702632
2024-07-24,1743.6788593749989,11.760000228881836,1.0,-1.2679768240143515e-05,0.023017095614297656,0.8703865317660386
2024-07-25,1713.6052656249994,12.619999885559082,1.0,-0.9091012834467426,0.01364049093158659,1.0091787546769373
2024-07-26,2115.3744687500002,12.25,1.0,7.074371677179943,0.020919652209683504,1.3576960942559322
2024-07-29,2090.9148749999986,12.949999809265137,1.0,5.6063040995108615,0.02320958108793758,1.1384916519402382
2024-07-30,2083.1680468749983,12.880000114440918,1.0,4.041521535963431,0.018065939993855862,1.230952689054818
2024-07-31,2149.0400468750013,13.25,1.0,6.397608529424628,0.02428233478434394,1.2831548544983602
2024-08-01,2179.5236406250006,12.930000305175781,1.0,6.143497887711058,0.01866051998643825,1.069020436188586
2024-08-02,1862.4816718750008,14.319999694824219,1.0,-0.6098653646000476,0.004012265551275318,0.9069971410747518
2024-08-05,1180.1140625000007,20.3700008392334,0.5,-7.2262534801273155,-0.028706943973024646,0.7162349777746262
2024-08-06,1098.9304218750003,18.739999771118164,0.5,-7.912389211013259,-0.02732739046628896,0.7124720927111389
2024-08-07,1383.079234375,16.170000076293945,0.5,-0.4737729908290259,-0.020548096030827412,0.8808993029198412
2024-08-08,1184.4736406250013,16.600000381469727,1.0,-4.933086992496478,-0.022737291944723403,0.8254263550162935
2024-08-09,1414.2072343750006,15.34000015258789,1.0,2.6911106425028866,-0.011315675766533806,1.0904838794720848
2024-08-12,1374.3664375000008,15.869999885559082,1.0,0.7472723438659968,-0.018985484573664446,1.0309713837004235
2024-08-13,1148.6984374999993,16.170000076293945,1.0,-2.8431408095641864,-0.03087208303546496,0.7819010570631497
2024-08-14,1134.0420312499991,15.4399995803833,0.5,-3.5989333896434252,-0.032469895167803964,0.8506693292303523
2024-08-16,1509.373218749999,14.399999618530273,1.0,4.509963590291748,-0.023876150941737673,1.31114327208487
2024-08-19,1517.2204218750012,14.319999694824219,1.0,5.32633384660234,-0.01130495705619472,1.1746578703033148
2024-08-20,1619.7748437500013,13.819999694824219,1.0,9.267000419947372,-0.006817939425567854,1.265946050882113
2024-08-21,1667.6832656250008,13.329999923706055,1.0,12.12754579813876,-0.004198177001018433,1.236973409065623
2024-08-22,1685.7780468749988,13.0,1.0,10.467992016658984,-0.00015996338113710706,1.0757073706339866
2024-08-23,1675.168828124999,13.550000190734863,1.0,7.291993468175531,0.002561938614795034,1.2715386334038157
2024-08-26,1839.5112499999996,13.800000190734863,1.0,7.966176473961799,-0.009685175991727357,1.3085452845649943
2024-08-27,1824.0952343749996,13.630000114440918,1.0,4.8814171150596515,,1.2165493178791973
2024-08-28,1834.7164531249982,13.949999809265137,1.0,2.721159457776077,-0.0028199507409882862,1.2149407100353342
2024-08-29,1910.8400624999995,13.789999961853027,1.0,3.6809486472713364,-0.003004186092833372,1.2674997639071135
2024-08-30,1970.6056250000001,13.390000343322754,1.0,7.193503438676551,-0.0032036822629737394,1.409090767036073
2024-09-02,1988.1512656250015,14.0600004196167,1.0,6.794684631644451,0.013937736527948275,1.1755124121429883
2024-09-03,1964.6496562499997,13.84000015258789,1.0,4.28656015316364,0.04405359904924411,1.1956709042295954
2024-09-04,1857.5188750000016,14.380000114440918,1.0,1.6890037616793396,0.04800587553257851,1.0777833887334027
2024-09-05,1778.6208750000005,14.210000038146973,1.0,-1.345360558625997,0.028058353681884363,0.9219014824874124
2024-09-06,1465.564453125,15.220000267028809,1.0,-7.464385911603092,0.023285673262072315,0.9194035030248467
2024-09-09,1529.5680468749997,14.239999771118164,1.0,-5.56177029131162,0.017288381297979827,0.964498685995234
2024-09-10,1612.7888749999984,13.359999656677246,1.0,-1.4596302383458686,0.02169043630859302,1.0722160997816526
2024-09-11,1470.583296875,13.630000114440918,1.0,-5.739697467737531,0.024717119657339026,0.8790944455815284
2024-09-12,1917.8716718750002,13.180000305175781,1.0,3.8493384354874807,0.04247802381336241,1.174898153171237
2024-09-13,1861.2804843749982,12.550000190734863,1.0,1.1494587199443003,0.0222637984742331,1.332955581405882
2024-09-16,1864.146078124999,12.460000038146973,1.0,0.7586480435907909,0.02129237674664286,1.26199508325178
2024-09-17,1871.5800468749985,12.59000015258789,1.0,0.25707567202882853,0.015921519110676963,1.2991301946839684
2024-09-18,1804.73284375,13.369999885559082,1.0,-1.4260289956127778,0.010174369706006825,1.1306224776371068
2024-09-19,1815.8432343749992,12.470000267028809,1.0,-0.6212964509559087,0.011158072141183695,0.9671850119102776
2024-09-20,2161.1096718750014,12.789999961853027,1.0,6.037121085581533,0.02655837585791465,1.4968561091319037
2024-09-23,2276.238421875001,13.789999961853027,1.0,8.030371797293983,0.025818644193761564,1.4180791382154707
2024-09-24,2244.777624999999,13.390000343322754,1.0,6.3884860159678025,0.03125976292221777,1.3149402654368318
2024-09-25,2276.590015624999,12.739999771118164,1.0,7.226943103973657,0.025553730210919667,1.327595246936596
2024-09-26,2455.536,12.0,1.0,12.276589812342086,0.02722966610314681,1.3248245596323895
2024-09-27,2385.0404375,11.960000038146973,1.0,12.044482573734433,0.023433333613225527,1.1620125703649342
2024-09-30,1987.4432343750013,12.789999961853027,1.0,5.672758469419077,0.005951312509201001,0.8376066182708737
2024-10-01,1945.7340156249993,11.989999771118164,1.0,3.1868023840701523,0.004604020311570922,0.8259909383824416
2024-10-03,1376.6284374999996,13.170000076293945,1.0,-4.847161685760789,-0.012278175102881539,0.8024479030046443
2024-10-04,1120.6380468749994,14.130000114440918,0.5,-9.238586833804286,-0.017242669417651846,0.6854990002853485
2024-10-07,882.8996406250008,15.079999923706055,0.5,-12.83157104583987,-0.00903891068227336,0.6722941292130563
2024-10-08,1080.3120312499996,14.59000015258789,1.0,-6.680376310232617,-0.005954905234044405,0.7425945616407928
2024-10-09,1029.3648593750004,14.119999885559082,1.0,-5.283944253826686,-0.01364878536083658,0.7178332245933218
2024-10-10,1027.2076718749995,13.5,1.0,-4.686863480403652,-0.006184491421493021,0.8123177258970868
2024-10-11,974.4364531249994,13.220000267028809,1.0,-2.198342847602986,-0.026489261988971946,0.8351968041906138
2024-10-14,1119.1424843749992,13.0,1.0,2.3831740337793783,-0.014247120800647273,0.9004742739496601
2024-10-15,1028.2392812500002,13.0,1.0,-0.41376669963505586,-0.01659417459627488,0.7746584243331064
2024-10-16,920.600046874999,13.050000190734863,0.5,-2.3385363906105012,-0.019086319537450436,0.7392160450538373
2024-10-17,678.3332812500012,13.390000343322754,1.0,-6.822438865044959,-0.02399016406001675,0.6572816838092963
2024-10-18,759.6688437500015,13.039999961853027,0.5,-3.9456317986731464,-0.02061370924326733,0.9334446924660088
2024-10-21,665.6448750000018,13.760000228881836,0.5,-6.319153289823484,-0.0354350121389303,0.8131198687466237
2024-10-22,339.5592812499999,14.399999618530273,0.0,-13.352034509855581,-0.05431832277405657,0.7260715718240053
2024-10-23,286.41967187499904,14.619999885559082,0.5,-12.560755508063657,-0.05652342172386071,0.7948483791574126
2024-10-24,234.3440625000003,13.970000267028809,0.0,-10.822436324779355,-0.0602220655180975,0.8596098202546242
2024-10-25,2.8608437500006403,14.630000114440918,0.0,-13.400175174819474,-0.07280636760001546,0.8708188283851032
2024-10-28,145.85684374999983,14.289999961853027,1.0,-6.781961506670474,-0.06582011159608725,0.9570572011909332
2024-10-29,258.9684687500012,14.520000457763672,0.5,-3.730695778184932,-0.04798043400418306,1.0190162595566656
2024-10-30,119.08046874999854,15.510000228881836,0.5,-4.325114727605854,,0.9055467301528416
2024-10-31,-28.876734375000524,15.550000190734863,0.5,-6.629639322586609,-0.03803282951215814,0.8474214282116236
2024-11-01,55.495265624998865,15.899999618530273,0.5,0.9393860087927792,-0.025421653327574956,1.0682454106439194
2024-11-04,-265.92593750000015,16.690000534057617,0.0,-4.867775083715003,-0.03153539957138618,0.8490504511944373
2024-11-05,-63.26117187500131,16.1200008392334,0.5,0.9263658405968196,,0.944969614419312
2024-11-06,190.0364218750001,14.869999885559082,0.5,6.394299324124674,-0.023665866846767747,0.9677708899924992
2024-11-07,-112.59954687500067,14.9399995803833,0.5,-1.1319369166252713,-0.03494992568612465,0.7508199465638765
2024-11-08,-180.49393749999945,14.470000267028809,0.5,-1.1079483863297672,-0.03492097021649676,0.90541029702537
2024-11-11,-203.6903749999983,14.270000457763672,0.5,-2.9065032251789016,-0.04149876553714493,0.9057541324598664
2024-11-12,-474.8667343749985,14.59000015258789,0.5,-8.74168445696456,-0.04722043977246204,0.7200756700966567
2024-11-13,-810.1331718750007,15.4399995803833,0.0,-14.606832737516461,-0.056183029305086785,0.6995142996694482
2024-11-14,-845.5155312499992,14.779999732971191,0.0,-13.223772239786197,-0.04806158007809802,0.8047793914395526
2024-11-18,-932.3155781249989,15.170000076293945,0.0,-11.72854092346143,-0.0563389047654298,0.8529860199491724
2024-11-19,-875.5319531249988,15.65999984741211,0.0,-8.868806210104806,-0.05392961722906675,0.8264540272957327
2024-11-21,-1050.1483593750017,15.989999771118164,0.0,-10.347205080994842,-0.04846527886083185,0.8625789966877652
2024-11-22,-500.315546875001,16.100000381469727,1.0,-0.2840768844503186,-0.024605438578451322,1.1901676166847222
2024-11-25,-195.7835625000007,15.300000190734863,1.0,5.040300730904288,-0.011755684872795769,1.1122505544712444
2024-11-26,-233.28035937499953,15.3100004196167,1.0,2.8511551434671434,-0.0035379676213334044,1.0352836774959602
2024-11-27,-163.9739687500005,14.630000114440918,1.0,2.150945117382208,-0.006741219557739764,1.12191262853209
2024-11-28,-534.3995781250014,15.210000038146973,0.5,-5.694681267596381,-0.029306146905397013,0.8322297244736246
2024-11-29,-330.58995312499974,14.430000305175781,0.5,2.067988053784785,-0.016826202269345614,1.0844928919549055
2024-12-02,-199.60159375000148,14.699999809265137,1.0,4.419262953096643,-0.010148507162605513,1.2231231960855926
2024-12-03,-28.047984374999942,14.369999885559082,1.0,8.524851507079074,-0.005267237817617509,1.2886932463502363
2024-12-04,-38.412749999999505,14.449999809265137,1.0,6.429423960337422,0.005144100744131963,1.1441349211211216
2024-12-05,185.83401562500148,14.529999732971191,1.0,10.533165058457893,0.007039650517607798,1.1596623429322812
2024-12-06,140.38320312499854,14.140000343322754,0.5,6.981680502374637,-0.004368036705317158,1.0268034556095087
2024-12-09,70.95162500000151,14.109999656677246,0.75,4.439556774670156,0.006184784703022306,0.8970540513788023
2024-12-10,51.19559374999881,13.779999732971191,0.75,1.632364633821035,0.009103496731744043,0.8550163843802098
2024-12-11,71.92998437500137,13.270000457763672,1.0,1.699207427671756,0.009959482860647517,0.866323798257964
2024-12-12,-30.977578124999127,13.1899995803833,1.0,-0.9733757409958377,0.01744506937009893,0.7609260807366325
2024-12-13,177.66878124999857,13.050000190734863,1.0,5.203601666457955,0.03979567912837734,1.116485475972415
2024-12-16,67.99679687499884,14.020000457763672,1.0,0.4393104543746879,0.0352139136969043,0.9036368589172594
2024-12-17,-270.47799999999916,14.489999771118164,0.0,-7.822382355511624,0.026821670856351343,0.645350389461717
2024-12-18,-413.09118749999834,14.369999885559082,0.3333333333333333,-8.76376738178224,0.021501654749752186,0.551055941942259
2024-12-19,-663.3191718749986,14.510000228881836,0.25,-10.988536948730925,0.019081617776790738,0.7416032704924567
2024-12-20,-1028.2095937500017,15.069999694824219,0.0,-15.717893867143488,-0.02156519620750874,0.796201310345993
2024-12-23,-863.9851718749997,13.520000457763672,0.0,-8.678276800390123,-0.028261908945777958,0.8433159543818155
2024-12-24,-889.8347968749986,13.180000305175781,0.5,-8.736771927591919,-0.030072388590474897,0.9374020083052028
2024-12-26,-866.3371562499997,14.039999961853027,0.0,-5.875540668029751,-0.03126963566129082,0.884469408894495
2024-12-27,-801.2871874999983,13.239999771118164,0.5,-3.5345332738425217,-0.012367220473685325,1.032323834961281
2024-12-30,-966.8615937499999,13.970000267028809,0.5,-7.437345405871157,-0.025329565814457,0.8836177177214318
2024-12-31,-962.9840156249993,14.449999809265137,0.5,-5.903282604803673,-0.029688964564850595,0.9923344000740696
2025-01-01,-861.8368125000015,,0.5,-1.375413040293911,-0.03141494787781607,1.0564957044637235
2025-01-02,-415.304015624999,13.739999771118164,1.0,6.692843876123169,-0.00955850094379207,1.221359291674564
2025-01-03,-596.8252031250013,13.539999961853027,1.0,4.203235898646227,-0.029580745831235156,0.8634501922765578
2025-01-06,-979.8620312499988,15.649999618530273,1.0,-3.6518979011076373,-0.04302449839074429,0.7189343178478846
2025-01-07,-883.1112187500003,14.65999984741211,1.0,0.46662899000284497,-0.04105354330402766,0.8153579203651627
2025-01-08,-896.1083906249987,14.470000267028809,0.5,-0.1636671899976727,-0.040000503685235334,0.83388748586135
2025-01-09,-1052.1740156250016,14.65999984741211,0.5,-2.861182246361734,-0.04673060407621077,0.7656386155100016
2025-01-10,-1140.0984218750018,14.920000076293945,0.5,-5.795512747023239,-0.04771699365216531,0.8846518703587469
2025-01-13,-1474.3195937499986,16.0,0.0,-11.832692247564472,-0.06424573939401657,0.720358042603142
2025-01-14,-1372.9328437500008,15.470000267028809,0.0,-6.590384566189109,-0.058651726656896774,0.8628348928640927
2025-01-15,-1324.5859999999993,15.260000228881836,0.0,-4.846678281427452,-0.04650563864334767,0.820350508119125
2025-01-16,-1214.0720468750005,15.470000267028809,0.0,-1.6018276848042765,-0.04255424806446395,0.840328338792165
2025-01-17,-1312.0519999999997,15.75,0.0,0.14395916697832037,-0.03937444390819089,0.9100008670024864
2025-01-20,-1161.1852187500008,16.420000076293945,0.0,2.1177847729822634,-0.01915408875811042,1.029643214417124
2025-01-21,-1469.6496249999982,17.059999465942383,0.0,-4.267267003923607,-0.03731409899540594,0.7726510453156219
2025-01-22,-1328.885203124999,16.770000457763672,0.0,-2.2186730032102226,-0.030001919556699064,0.8768951009162765
2025-01-23,-1269.2792031249992,16.700000762939453,0.5,0.36654027010072865,-0.03066423766040094,1.0013001110816784
2025-01-24,-1368.4883906249997,16.75,0.5,-1.5182852335539505,-0.03837372806243822,0.844475622160477
2025-01-27,-1615.4816250000003,18.1299991607666,0.0,-7.605869736544145,-0.04480934329777331,0.7544044621187088
2025-01-28,-1472.1816093749985,18.200000762939453,0.5,-6.404802511717937,-0.03972835938218133,0.947038534412997
2025-01-29,-1252.027593750001,18.639999389648438,0.5,0.03243430859441983,-0.034714036835647666,1.057881466847874
2025-01-30,-1151.536,17.389999389648438,1.0,4.208355343395437,-0.04949564990195521,0.9191182423067392
2025-01-31,-882.9612187499988,16.25,0.5,9.079563462778088,-0.03132328373591231,1.007078146600089
2025-02-01,-904.6236250000002,,1.0,6.156006469545707,-0.016331617115445618,
2025-02-03,-1020.6712343750005,14.350000381469727,1.0,1.9458234750828487,-0.02415394583853958,0.8703088753081902
2025-02-04,-638.0060156250001,14.020000457763672,1.0,6.864764661431424,-0.006307682130767489,1.1601893283550946
2025-02-05,-677.5896406249994,14.079999923706055,1.0,5.07117108662571,-0.00415870083090919,0.97199343506698
2025-02-06,-764.4276093750013,14.180000305175781,1.0,2.149139979966488,-0.00478040720927031,0.8357375178035361
2025-02-07,-801.5315937500018,13.6899995803833,1.0,3.3947508926998546,0.003551567579437087,0.8329953942383823
2025-02-10,-973.8220000000001,14.449999809265137,1.0,-2.313385633245577,-0.004764026515175601,0.7516425787794887
2025-02-11,-1275.0452343750003,14.869999885559082,0.0,-8.983679154473657,-0.019341225119264283,0.690467156418485
2025-02-12,-1289.6288124999992,14.899999618530273,0.5,-6.804828399114809,-0.02059502109929079,0.7526589586544533
2025-02-13,-1291.148421875001,14.960000038146973,1.0,-5.749405053821207,-0.015829062654680426,0.802742566234697
2025-02-14,-1379.1420156249987,15.020000457763672,0.0,-9.249513225853716,-0.026583199117831136,0.7744583175108518
2025-02-17,-1334.406421874999,15.720000267028809,0.0,-3.749601730243946,-0.011614357826046917,0.8724926817651573
2025-02-18,-1333.6760468749999,15.670000076293945,0.0,-3.2496741429268647,-0.0156502456449249,0.836250871763047
2025-02-19,-1330.9544375000005,15.420000076293945,1.0,-2.2951879351219797,-0.016850329996287883,0.8016635423032878
2025-02-20,-1333.9248437499991,14.680000305175781,0.5,-1.696062856008892,-0.013224095489624443,0.8684366038511941
2025-02-21,-1433.4000468749982,14.529999732971191,0.0,-4.842233245825459,-0.0069229294920351014,0.818935890562927
2025-02-24,-1655.9588281249999,14.4399995803833,0.0,-8.870918110220833,-0.019773800789539275,0.7100245013116864
2025-02-25,-1640.922468749999,13.720000267028809,0.0,-8.894387544726136,-0.03130529698709683,0.7725322110722502
2025-02-27,-1621.8956718750014,13.3100004196167,0.125,-9.640862536594112,-0.03430393345293026,0.8624749336567442
2025-02-28,-2017.0152343750015,13.90999984741211,0.0,-15.342523893577004,-0.062129027059542485,0.776340960828076
2025-03-03,-1997.1292812499996,13.760000228881836,0.0,-10.552974094744817,-0.062039160687258565,0.807123943508669
2025-03-04,-2008.8512812500012,13.829999923706055,0.0,-9.906978804791214,-0.05581214158204306,0.862982093024909
2025-03-05,-1731.7384999999995,13.670000076293945,0.5,-1.3784372039200778,-0.061600689625265326,1.052769791658497
2025-03-06,-1505.880453124999,13.729999542236328,0.5,5.599460469519941,-0.05077548679907273,1.107310149133958
2025-03-07,-1479.0084687499984,13.470000267028809,0.5,4.035922202334496,-0.04778563022648974,1.0756496324654794
2025-03-10,-1550.5612968749992,13.989999771118164,0.0,-0.5160636526354152,-0.050304260511820464,0.9078205449438308
2025-03-11,-1493.5972968749993,14.069999694824219,0.0,0.8504933751164794,-0.042883679669298624,1.0896128800000884
2025-03-12,-1497.6504843750008,13.6899995803833,0.0,-1.304141783995609,-0.03151073963615547,0.9629613980206664
2025-03-13,-1547.2768593750006,13.279999732971191,0.5,-4.8852069141782275,-0.03574603514788954,0.8655188444586915
2025-03-17,-1412.7260781250006,13.420000076293945,0.5,-1.6333511116003656,-0.029957709116774867,1.047099874259503
2025-03-18,-1066.5012968750016,13.210000038146973,0.5,-1.1545600004002987,-0.0099464746856045,1.2910934528618645
2025-03-19,-973.4428593750017,13.300000190734863,1.0,5.055359999672486,-0.009154588060761415,1.2044833115420763
2025-03-20,-672.5908750000017,12.600000381469727,1.0,11.954385454277492,0.0005258191231902742,1.147115734315368
2025-03-21,-493.31648437499825,12.579999923706055,1.0,14.326315371681588,0.008401416938501827,1.1473987356418127
2025-03-24,-167.12165625000125,13.699999809265137,1.0,17.721530758648573,0.02272950405554819,1.2202734541536384
2025-03-25,-138.64687499999854,13.640000343322754,0.5,12.681252438894283,0.027049457132849675,1.038109338875381
2025-03-26,-300.3092499999984,13.470000267028809,0.5,4.739206540913499,0.029062968230323172,0.9194388254455184
2025-03-27,-174.21682812500148,13.300000190734863,0.5,7.332078078929229,0.03291891480492626,1.005723186629382
2025-03-28,-225.53964062500017,12.720000267028809,1.0,5.0898820645784575,0.025086562228010756,0.9203990688002628
2025-04-01,-558.0288281249996,13.779999732971191,0.0,0.34626714374600737,0.02351783037902866,0.7592210719787688
2025-04-02,-371.66203125000175,13.720000267028809,0.5,2.2833094812467345,0.031652808957424394,0.9558213058127164
2025-04-03,-437.91203125000175,13.600000381469727,0.0,1.504525939201873,0.029670471769349005,1.1397027595049416
2025-04-04,-766.68121875,13.760000228881836,0.0,-3.8599333224711985,-0.00035313260696412385,0.7435036273254362
2025-04-07,-1488.457624999999,22.790000915527344,0.0,-10.976309082021894,-0.040526547412377045,0.7214530908450808
2025-04-08,-1094.3892187499987,20.440000534057617,0.5,-0.7987983398360882,-0.0217072002015819,0.8438107059002531
2025-04-09,-1210.4260468749999,21.43000030517578,0.0,-3.0171986416840735,-0.027315738685882662,0.8979269980702527
2025-04-11,-763.6664687500015,20.110000610351562,0.0,4.985928384076673,-0.013151173829354157,0.9555440047118152
2025-04-15,-250.58087499999965,16.1299991607666,1.0,11.897577768790011,0.012174120315230352,0.9319486423444618
2025-04-16,-128.40643750000163,15.869999885559082,1.0,13.188927265373648,0.021569493235057857,0.980789071674097
2025-04-17,295.69032812500154,15.470000267028809,1.0,16.427304126214803,0.029008523258766683,1.1474377215621203
2025-04-21,576.3567187500012,15.520000457763672,1.0,17.98597610326666,0.025524145111681884,1.1543178131149527
2025-04-22,622.7167343750007,15.229999542236328,1.0,13.443071357218171,0.025438780263575378,1.0995892976257489
2025-04-23,788.616765625,15.960000038146973,1.0,15.180694746814869,0.021046977520974508,1.1010827695911976
2025-04-24,710.6419687499983,16.25,1.0,11.14784115648489,0.01105642266041662,0.8953584520741917
2025-04-25,506.7543593750015,17.15999984741211,1.0,3.8482336734876332,-0.011553811283091964,0.8734693601671129
2025-04-28,796.7607500000013,16.940000534057617,1.0,8.421282096489884,0.004581154956902811,1.2161127956387103
2025-04-29,804.7175781250007,17.3700008392334,1.0,5.071958078946266,0.011796816956975764,0.941994070636533
2025-04-30,801.7403906250001,18.219999313354492,0.5,3.604329337319671,0.00858847618428027,1.0725686130729633
2025-05-02,814.1800000000003,18.260000228881836,1.0,-0.14191236037481703,0.014166000216321306,0.9056407274441092
2025-05-05,928.6767656250013,18.34000015258789,0.5,3.7020717051478798,0.04106434985403107,0.96773387089533
2025-05-06,846.815984375,19.0,1.0,2.1198768496664457,0.030011511081405207,0.9248402475262132
2025-05-07,879.9443593750002,19.059999465942383,1.0,0.8253537860907274,0.03484520468412078,0.9701962002311224
2025-05-08,739.5891406250012,21.010000228881836,1.0,-3.142892356834862,0.04918096925749538,1.003050504247742
2025-05-09,473.6871562499982,21.6299991607666,0.5,-7.116911928319435,0.07199589428835251,0.9414475347618796
2025-05-12,1384.6951875000013,18.389999389648438,1.0,1.631617513193195,0.09148379044148558,1.2917995187213247
2025-05-13,1037.5911874999983,18.200000762939453,0.5,-2.84685839829648,0.08599393371463826,0.8510219184301162
2025-05-14,1122.4015624999993,17.229999542236328,0.5,1.8525704013937923,0.06997260917119008,0.8903133123269714
2025-05-15,1510.2895781250008,16.889999389648438,1.0,8.970284873867653,0.06128198213624958,1.0833106692142491
2025-05-16,1460.9627499999988,16.549999237060547,1.0,7.521142169528079,0.05205408111466059,0.9684083149713216
2025-05-19,1378.1151874999996,17.360000610351562,1.0,4.51729813870479,0.03641123084683828,0.8221295516273477
2025-05-20,1107.5675625000003,17.389999389648438,0.5,-2.66766515924154,0.012646672607973253,0.6937556985571787
2025-05-21,1226.8703906250012,17.549999237060547,1.0,1.8173648697114702,0.014488006588379676,0.812683355944732
2025-05-22,1013.8732031250001,17.260000228881836,0.5,-4.876701470236075,0.00035094997013085383,0.7931172409594403
2025-05-23,1246.647171875,17.280000686645508,1.0,3.464516978897762,0.012061023161911377,1.0851041212703094
2025-05-26,1381.4371718750008,18.020000457763672,1.0,7.925513891825444,0.02847500879271969,1.0642126337180111
2025-05-27,1199.1344062499993,18.540000915527344,0.5,0.848147729675359,0.007147435764021104,0.8205440529759985
2025-05-28,1121.1400156249983,18.020000457763672,1.0,-3.124242766629254,0.004527231430220269,0.7576400720535054
2025-05-29,1197.1776093750013,16.420000076293945,0.5,1.4438013727578858,0.00899217812325892,0.7928785640390139
2025-05-30,1110.4708281249987,16.079999923706055,0.5,-4.4550716041071885,0.005780947588867935,0.7673735309760407
2025-06-02,1069.9516250000015,17.15999984741211,0.5,-5.645058585178609,0.0027749052754948433,0.8207677272615973
2025-06-03,892.5608124999999,16.559999465942383,0.5,-10.982320660600683,-0.0030879058231312317,0.6451313681375841
2025-06-04,967.5068437500013,15.75,0.5,-6.258262358673283,-0.001340334560229417,0.7306725460059217
2025-06-05,1095.858015624999,15.079999923706055,0.5,-3.4840328389145023,0.006363588682688492,0.8443657952265736
2025-06-06,1343.7235937500009,14.630000114440918,1.0,4.240336768160867,0.028155302483618083,1.049474558520819
2025-06-09,1440.7136406249992,14.6899995803833,1.0,8.378457355767985,0.00018074136035650668,1.0090038422909724
2025-06-10,1438.352828125,14.020000457763672,0.5,7.400556018355623,0.015463210891943246,0.9726572181263504
2025-06-11,1471.3240156249994,13.670000076293945,0.5,7.691364015018237,0.01645079148636097,0.9726796261824752
2025-06-12,1215.8976562499993,14.020000457763672,0.5,0.6565705577421895,-0.008329082464873738,0.7256983035876371
2025-06-13,1045.6836562499993,15.079999923706055,0.5,-4.735533180029121,-0.00753715588426529,0.891668884326652
2025-06-16,1270.4016406250012,14.84000015258789,0.5,3.216381943612543,4.212316406038141e-05,1.140942652545752
2025-06-17,1176.6212343750012,14.399999618530273,0.5,-1.1865965915897403,0.007213026294774161,0.9499176046312648
2025-06-18,1134.1212187499987,14.279999732971191,0.5,-4.061760847664335,0.0009810100930359722,0.8011636209421745
2025-06-19,1111.6624374999992,14.260000228881836,0.5,-4.595986148089001,0.01160787976769706,0.9822849739277796
2025-06-20,1423.5044218750008,13.670000076293945,1.0,3.6941931515635495,0.0159599477884661,1.160570540266225
2025-06-23,1274.8428124999991,14.050000190734863,0.5,-0.795660148720735,0.0047042788930523605,1.0421810306547803
2025-06-24,1335.6372343750008,13.640000343322754,0.5,2.0762780601375823,0.012935076122321254,0.8533976232030773
2025-06-25,1524.1072187499994,12.960000038146973,1.0,7.69877295829439,0.02368727035270124,1.1339413123924071
2025-06-26,1813.786421875,12.59000015258789,1.0,12.298996056786324,0.03226200504852483,1.2898564558091443
2025-06-27,1887.4863906249993,12.390000343322754,1.0,11.5173604100979,0.039982224764730345,1.2505510452338726
2025-06-30,1753.1071875000016,12.789999961853027,1.0,6.696022153716461,0.034806462581239206,0.8121965934748573
2025-07-01,1762.6819843750018,12.529999732971191,1.0,5.6603817621316495,0.04348149251650524,0.8823998410351057
2025-07-02,1659.8127968750014,12.449999809265137,1.0,4.449403259925894,0.03556993032633926,0.7821462834705178
2025-07-03,1598.4139843750017,12.390000343322754,1.0,2.7313299399393673,0.028510547628148863,0.8571734511012322
2025-07-04,1643.9344062499986,12.319999694824219,1.0,4.598360859950392,0.018660926240759435,0.9347941897219164
2025-07-07,1632.5827812499992,12.5600004196167,1.0,3.216840703595775,0.011838843753881445,0.9524608702829578
2025-07-08,1678.53040625,12.199999809265137,1.0,2.813778757487452,0.013537688913525914,1.0391521850580605
2025-07-09,1617.9844218750004,11.9399995803833,1.0,1.3930917106715506,0.009840436509086947,0.8608361494517124
2025-07-10,1483.8044062500012,11.670000076293945,0.5,-3.769288600359644,0.016336251821127634,0.7633911032363249
2025-07-11,1265.4172187500008,11.819999694824219,0.5,-7.629417945748802,0.012576832700834872,0.7608544784043663
2025-07-14,1184.6619843750013,11.979999542236328,0.5,-7.151341955612655,0.0040572333212154366,0.7208738696382474
2025-07-15,1281.2831718749985,11.479999542236328,0.5,-2.3965525091376234,0.013084092159779903,0.8790756129047979
2025-07-16,1281.2451718750017,11.239999771118164,1.0,-2.324452052930783,0.016121198667796932,0.9197974372352432
2025-07-17,1165.4576093750002,11.239999771118164,0.5,-3.9018244069433683,0.008667410896251448,0.7857590380145196
2025-07-18,1009.1559843750001,11.390000343322754,0.0,-6.283310878408212,-0.011293629689178797,0.782548140016883
2025-07-21,1116.3548125000016,11.199999809265137,0.75,-4.5954361732430815,-0.0018467533999411145,0.95505210313599
2025-07-22,1072.8267812500017,10.75,1.0,-6.123538687198885,-0.004545653470966915,0.8372734454064703
2025-07-23,1214.26478125,10.520000457763672,1.0,-0.1010771077081753,-0.004103936915098472,1.1444623972492785
2025-07-24,1041.2099999999991,10.720000267028809,0.0,-4.082699451761237,-0.021830473570949138,0.7958835909161578
2025-07-25,803.0571874999987,11.279999732971191,0.0,-8.613117733259196,-0.03331414242996267,0.7037939108538607
2025-07-28,634.2479687500017,12.0600004196167,0.0,-9.410732690848434,-0.03450197733444971,0.6355136188141489
2025-07-29,758.5115937500013,11.529999732971191,0.5,-3.51787220160326,-0.028216537199055258,0.8043233823139093
2025-07-30,777.2803593749995,11.210000038146973,0.5,-2.6964408922208487,-0.023161500817447167,0.8731018126878581
2025-07-31,677.737187499999,11.539999961853027,0.0,-6.387997093635242,-0.023688015557359998,1.0113757408878756
2025-08-01,464.2103906250013,11.979999542236328,0.0,-9.7719976220652,-0.032414916984164543,0.7466419548131651
2025-08-04,611.8959843750017,11.970000267028809,0.5,-2.177088963507886,-0.030044165065179596,0.9351531044137916
2025-08-05,529.3575625000012,11.710000038146973,0.5,-2.3267091519609977,-0.036624420432257665,0.8343648793638758
2025-08-06,444.3008125000015,11.960000038146973,0.5,-6.449125669786274,-0.034709766473652426,0.7449031212543765
2025-08-07,459.39678125000137,11.6899995803833,1.0,-2.5492846389160397,-0.02855355022465278,0.918149291997148
2025-08-08,221.2111718749984,12.029999732971191,0.5,-7.358505613658581,-0.030928345831963133,0.6583435338033005
2025-08-11,435.1075625000012,12.220000267028809,0.5,1.2521317706429853,-0.01636338376158042,1.029905865734072
2025-08-12,330.0375625000015,12.229999542236328,0.5,-0.6118921876557406,-0.022577568344853027,0.7812861959992367
2025-08-13,452.08478124999965,12.140000343322754,1.0,3.317542755554397,-0.016585874611879325,1.0770600690277985
2025-08-14,451.5599531250009,12.359999656677246,1.0,2.5325349818172334,-0.014971291424173194,0.9637547429781722
2025-08-18,682.5547968749997,12.34000015258789,1.0,6.981164985123193,0.0029026494248388657,0.9965885520379614
2025-08-19,770.6619687499988,11.789999961853027,1.0,6.9845895332826125,0.0052824257352149795,1.1408369029310188
2025-08-20,823.5919531250001,11.789999961853027,1.0,6.623755072685773,0.008910176306619277,1.2759757669329113
2025-08-21,839.7971718750014,11.369999885559082,1.0,5.055799604924722,0.005313334738773157,1.0708968991066825
2025-08-22,610.7483906250018,11.729999542236328,1.0,-1.6816185050615953,0.003745871079391394,0.7269121857687005
2025-08-25,692.1199843750001,11.760000228881836,1.0,0.9877666776768783,0.017366687861051444,0.8789027667306243
2025-08-26,422.0295624999999,12.1899995803833,1.0,-4.464554536446194,0.015107733784103128,0.720639760119046
2025-08-28,197.23917187500047,12.180000305175781,1.0,-7.28918098436507,-0.005623741890170231,0.7604148205724022
2025-08-29,108.20039062499927,11.75,1.0,-6.872966259935058,-0.007186416701869258,0.7110653010973761
2025-09-01,289.7815625000003,11.289999961853027,1.0,-0.3506087581286801,0.00529866335795437,1.1392169154902594
2025-09-02,228.0540000000001,11.399999618530273,1.0,1.3495019251674447,0.010967870892005127,0.935512801783644
2025-09-03,342.78235937499994,10.930000305175781,1.0,4.195047029682456,0.011432969410461458,1.2074340003825847
2025-09-04,341.1123593750017,10.850000381469727,1.0,1.4323112061038261,0.012409909195053581,0.843491341002869
2025-09-05,326.5447812499988,10.779999732971191,1.0,1.353709168630403,0.009211450739497695,0.8649841839085184
2025-09-08,339.20837499999834,10.84000015258789,1.0,0.016671137970328893,0.006502750934164192,0.9521582093471525
2025-09-09,416.0663906250011,10.6899995803833,1.0,3.4681854765211804,0.02212517019545046,1.130733986541695
2025-09-10,501.20159375000003,10.539999961853027,1.0,7.3830608444264225,0.016131285140871254,1.1519336795167814
2025-09-11,513.2403906250001,10.359999656677246,1.0,5.495231599985253,0.018373260490669896,1.174808173731735
2025-09-12,600.8115937500006,10.119999885559082,1.0,4.859734945442479,0.014863646601851022,1.2881500271374533
2025-09-15,535.2212187500008,10.399999618530273,1.0,0.5216013189983897,0.01604197789426265,1.0828810782872276
2025-09-16,682.3864062499997,10.270000457763672,1.0,5.699491988271413,0.011079394788305441,1.320424667044499
2025-09-17,750.9647968749996,10.25,1.0,6.663220717676611,0.007718654942476588,1.2098807076304618
2025-09-18,823.6000156250011,9.890000343322754,1.0,9.45172604173541,0.010360675154012622,1.1566493966406002
2025-09-19,707.6955781249999,9.970000267028809,1.0,6.096866761419879,0.0023645396154532428,0.9396955411517688
2025-09-22,566.9008125,10.5600004196167,0.5,2.9883455320708077,0.005317473803917894,0.7233800653448966
2025-09-23,519.4984062500007,10.630000114440918,1.0,0.44500998078520476,-0.0024201414481059835,0.8572633717719778
2025-09-24,395.7103906250013,10.520000457763672,1.0,-2.726810015721198,-0.0004362948121199306,0.8721352361555232
2025-09-25,219.88201562500035,10.779999732971191,0.5,-7.685571831044619,0.007538754256945834,0.6811228564801352
2025-09-26,-25.611171874999854,11.430000305175781,0.6666666666666666,-13.015467861763783,-0.0008155375868306169,0.6287818455585656
2025-09-29,-53.75360937499863,11.369999885559082,0.5,-11.558110068715822,-0.00835658434735298,0.7130215051026181
2025-09-30,-86.28839062499901,11.069999694824219,0.6666666666666666,-9.092999147131124,-0.008515534358789045,0.8448793558259058
2025-10-01,125.54796875000102,10.289999961853027,1.0,-3.2579083931072788,-0.003832285744669317,1.1847526527665089
2025-10-03,171.00198437500148,10.0600004196167,1.0,-1.029197776178681,-0.0015417106110682255,1.1722059191675516
2025-10-06,339.7819687500014,10.1899995803833,1.0,1.1579290922174443,0.008400471611412552,1.3325546349048536
2025-10-07,352.8015468750018,10.050000190734863,1.0,0.4019419845415449,0.010410267182979327,1.0410941864989864
2025-10-08,267.57474999999977,10.3100004196167,0.5,-2.7620474671932835,0.002978706274354259,0.7978367513645623
2025-10-09,382.05753125000047,10.119999885559082,1.0,3.01287025411459,0.0024501568921053707,1.058574844279342
2025-10-10,462.5167656250014,10.100000381469727,1.0,5.919621117002848,0.005985009872496949,1.3197495826759191
2025-10-13,385.32637500000055,11.010000228881836,1.0,2.4796900048205095,0.00035255265802902613,1.0472604660600426
2025-10-14,288.9411718750016,11.15999984741211,0.5,-0.3347990869650396,-0.0011158016872947485,0.8169839960075026
2025-10-15,451.90114062499924,10.529999732971191,1.0,4.27152801975588,-0.0032397616364145954,1.2124680872049134
2025-10-16,699.7819374999999,10.869999885559082,1.0,9.858522925254814,0.0038320028229208436,1.3828837389945134
2025-10-17,811.6563749999987,11.630000114440918,1.0,10.06606421157212,0.0029316814277013936,1.213233987616417
2025-10-20,931.5499531249989,11.359999656677246,1.0,10.963143445831736,0.013789315901146626,1.009704091215682
2025-10-21,944.6819687499992,11.300000190734863,1.0,10.969844637498694,0.01915191370286795,1.0797241088822198
2025-10-23,954.3251406249983,11.729999542236328,1.0,9.15714561249893,0.024178639651764255,0.948918541281406
2025-10-24,844.0287343749987,11.59000015258789,1.0,4.40130095568094,0.026348749711738728,0.7553416546948108
2025-10-27,1001.8287187499991,11.859999656677246,1.0,7.78288260010259,0.038350631638583765,1.0716666081474209
2025-10-28,959.1751562499994,11.949999809265137,1.0,4.004176672811207,0.04713023018442408,0.933505527062065
2025-10-29,1063.11871875,11.970000267028809,1.0,6.003417277754624,0.04926781529470148,1.1357477489631016
2025-10-30,874.8187343749996,12.069999694824219,1.0,0.7300686817992346,0.04696620335202928,0.7506505342795516
2025-10-31,708.981140625001,12.149999618530273,1.0,-4.6753983512551756,0.030467997766947974,0.6412962875222639
2025-11-03,739.1611406250013,12.670000076293945,1.0,-3.279871378299688,0.031802847220794295,0.7809829141467786
2025-11-04,563.9959218750009,12.649999618530273,1.0,-7.228985673154293,0.01693723118099877,0.754465399877985
2025-11-06,466.1575625000005,12.40999984741211,1.0,-8.641897368944422,0.009078259536590583,0.7735698872126777
2025-11-07,436.8847187499996,12.5600004196167,1.0,-5.0706433018636154,0.010216404830052817,0.9339837190114908
2025-11-10,513.7363437499989,12.300000190734863,0.5,-1.7850717924338648,0.007989307158848602,0.986852803676139
2025-11-11,625.4031562499986,12.489999771118164,1.0,3.448577624372296,0.008947672542311436,1.0963993497799982
2025-11-12,796.5835156249996,12.109999656677246,1.0,6.276108965395516,0.01741694140339023,1.227413270108895
2025-11-13,793.3967187499984,12.15999984741211,1.0,3.498634608050875,0.022617682689811458,1.0988837684017092
2025-11-14,817.175109374999,11.9399995803833,1.0,3.7716101338598067,0.019028064707796277,0.9157599880554178
2025-11-17,912.029546875001,11.789999961853027,1.0,6.904044654976207,0.013290683377613854,1.12975099285236
2025-11-18,798.8219062499993,12.100000381469727,1.0,0.7396728995259841,0.004345775075985658,0.9397963049443036
2025-11-19,931.5079062500008,11.970000267028809,1.0,2.78700509961217,0.0029395415029700445,1.2862870057261029
2025-11-20,1058.3482968749995,12.140000343322754,1.0,3.734822354228139,0.008719637837663496,1.440435123383777
2025-11-21,924.6282968749983,13.630000114440918,1.0,1.4194001080048395,0.0009645193695131393,1.026858343710887
2025-11-24,808.3111093750013,13.239999771118164,1.0,-3.020490820723316,0.0015421070641779,0.773692871759213
2025-11-25,725.1430781249983,12.239999771118164,1.0,-5.0167652169554415,-0.008640620169745539,0.824927514766868
2025-11-26,1034.0202656250003,11.970000267028809,1.0,2.6226466406728255,0.0027945654838672507,1.4528614078300488
2025-11-27,1033.2146562499984,11.789999961853027,1.0,1.600347251459584,-0.0006825524167826114,1.1586214537960535
2025-11-28,1008.9950937499998,11.619999885559082,1.0,0.4002841148305679,0.0025593714411715762,1.141971309553204
2025-12-01,970.1226718750004,11.630000114440918,1.0,-0.03613117877499016,0.012810699318050567,0.8886691310240316
2025-12-02,814.654296875,11.229999542236328,1.0,-3.1204709644522666,0.0063031570210387855,0.83090976160305
2025-12-03,757.5286718749994,11.210000038146973,0.5,-6.007658061824583,0.011387308298666854,0.8524197720059715
2025-12-04,795.015875000001,10.819999694824219,1.0,-0.9153565960382921,0.01848489644234097,0.926236647784722
2025-12-05,938.2479062499988,10.319999694824219,1.0,5.251071875968674,0.0248308359539835,1.217839815159505
2025-12-08,705.49065625,11.130000114440918,0.5,-2.7945775560256356,0.013729876265627272,0.641525193158806
2025-12-09,578.7070625000015,10.949999809265137,0.5,-5.013745273111885,0.007345566202174636,0.7838300438182799
2025-12-10,492.12387500000114,10.90999984741211,0.5,-3.9203370416369965,0.0005844921177192708,0.7261546957367616
2025-12-11,624.5918437500004,10.399999618530273,0.5,0.7924515113879153,0.004179021686261941,0.93773963190503
2025-12-12,762.3634843750006,10.109999656677246,1.0,4.4665512365901145,0.00939879332627458,1.151518636269098
2025-12-15,734.0686406249988,10.25,1.0,2.7453601026646384,0.0012187690324686473,1.1840217874987404
2025-12-16,558.8138749999998,10.0600004196167,1.0,-1.9356144614562079,-0.0005561604374298978,0.8407133164748233
2025-12-17,509.21304687500015,9.84000015258789,0.5,-1.4018663775550788,-0.008300218443786589,0.768252767605429
2025-12-18,498.03464062499916,9.710000038146973,0.5,-1.1469815816359734,-0.013349221034910763,0.8313670595847458
2025-12-19,642.0522500000006,9.520000457763672,0.5,5.061560524116026,-0.0025319272751693767,1.13171910068128
2025-12-22,838.4482500000013,9.680000305175781,1.0,8.686731337913116,0.011634086364229801,1.417326445702798
2025-12-23,834.1358437499985,9.380000114440918,1.0,7.289143821928913,0.018488536105933817,1.13389641221256
2025-12-24,791.9062656249989,9.1899995803833,1.0,4.327481308850928,-0.001385755236167685,0.9841446691561652
2025-12-26,688.1610312500015,9.149999618530273,1.0,1.5406665254234846,-0.006266667805352233,0.7610723612156104
2025-12-29,585.5254687499983,9.720000267028809,0.5,-2.194000115562606,-0.007564206328074863,0.6751456553606628
2025-12-30,578.9010781249999,9.680000305175781,1.0,-4.522363730914861,-0.01007955951066486,0.8563567811950678
2025-12-31,764.9486875000002,9.479999542236328,1.0,2.2998842201605725,0.003398591856047961,1.2662792176009374
2026-01-01,776.3546562500014,,0.9090909090909091,5.336268907404106,0.006178356855614631,1.1313589310257486
2026-01-02,950.9686562499992,9.449999809265137,0.9,8.911492742421544,0.010296723361149507,1.4631699380960768
2026-01-05,866.4042499999996,10.020000457763672,0.8888888888888888,7.109403152890353,0.006199048290059683,0.9988651160835262
2026-01-06,789.0635000000002,10.020000457763672,0.9166666666666666,9.6349662160012,0.011484150935686332,0.9141795311447604
2026-01-07,746.1682812500003,9.949999809265137,0.8571428571428571,6.0649723585464335,0.009592198159263932,0.8870647503487216
2026-01-08,479.06189062499834,10.600000381469727,0.0,-2.492295343007469,0.0011717312948149594,0.6644258614767535
2026-01-09,282.8886562500011,10.930000305175781,0.0,-6.220968917006113,-0.01175244528190067,0.6216407963053493
2026-01-12,384.71467187500093,11.369999885559082,1.0,-0.1807927502777248,-0.01570918211531991,0.8952451400942523
2026-01-13,321.5654531250002,11.199999809265137,0.5,-2.1479213411363216,-0.013051259258119119,0.7907655788165517
2026-01-14,251.10589062500003,11.319999694824219,1.0,-4.12102655183881,-0.00992507500192541,0.8099669287286434
2026-01-15,,,1.0,-3.3717489969590257,,
2026-01-16,275.9975000000013,11.369999885559082,0.5,-4.03143099751193,-0.005839370160489854,0.7590348748605602
2026-01-19,163.35548437499892,11.829999923706055,1.0,-5.298443543418853,-0.009254674648247252,0.7667572234722181
2026-01-20,-191.75731250000172,12.729999542236328,0.0,-12.153271990069975,-0.028263462766674796,0.6514054318938177
2026-01-21,-267.29171874999884,13.779999732971191,0.0,-12.307222537329977,-0.041877751450892786,0.7831667717811527
2026-01-22,-136.723328125001,13.350000381469727,1.0,-5.160454803269977,-0.04148554820833328,0.8744791990535385
2026-01-23,-376.60332812499837,14.1899995803833,0.0,-8.404008475402712,-0.040115421923868966,0.70069517541734
2026-01-27,-250.75973437499852,14.449999809265137,0.75,-3.7850978435113065,-0.029867008667345596,0.936284222631026
2026-01-28,-87.45612500000061,13.529999732971191,1.0,-0.0059891446910666285,-0.02002228118097793,0.9708346325245
2026-01-29,-17.209734374999243,13.369999885559082,0.8888888888888888,-0.5503547547472367,-0.01764629905064341,1.0565626066009657
2026-01-30,-119.45614062499953,13.630000114440918,1.0,0.09516429157044307,-0.029930635258390792,0.8997953287532595
2026-02-02,-353.572937500001,13.869999885559082,0.0,-4.4675928523514585,-0.03498677774157033,0.9815379079791824
2026-02-03,277.9038437499985,12.899999618530273,1.0,3.799242211712448,-0.01769698458938118,0.9589373907149168
2026-02-04,316.66785937500026,12.25,1.0,6.563016355037458,-0.018068394156793177,1.0696494472558409
2026-02-05,176.10823437499857,12.170000076293945,1.0,3.369740654121555,-0.02356138071498215,0.8123668110022138
2026-02-06,218.65348437500143,11.9399995803833,1.0,1.8479696260994531,-0.01744438984213259,0.9646593382879436
2026-02-09,381.91023437499825,12.1899995803833,1.0,5.330156966808646,0.0010031682282171106,1.1092244950953796
2026-02-10,439.0478437499987,11.670000076293945,1.0,5.270128427388892,0.010834797505708704,1.1325110688970834
2026-02-11,445.0226718749982,11.550000190734863,1.0,4.857377804227275,0.007370471145341839,1.0550755728837728
2026-02-12,288.59509374999834,11.729999542236328,0.75,2.3378545670950412,0.0018822004061944675,0.8156458087969888
2026-02-13,-55.374109374999534,13.289999961853027,0.5,-4.087209899649516,-0.01066148999153771,0.6461297358478881
2026-02-16,147.7690781249985,13.329999923706055,0.75,0.8377373548322171,-0.003534698781544998,1.1066165476112442
2026-02-17,181.66667187499843,12.670000076293945,1.0,2.3217851084990877,-0.001054547838442721,1.1095542066896626
2026-02-18,268.07668750000084,12.220000267028809,0.875,5.172369634226528,0.016735183945999266,1.218070976047415
2026-02-19,-100.71290624999892,13.460000038146973,0.3333333333333333,-2.495333935632846,0.003214482013669251,0.6979338111311892
2026-02-20,12.021890625001106,14.359999656677246,0.6,0.6856358708458554,0.007357900173785348,0.9753498557651196
2026-02-23,148.73789062500146,14.170000076293945,0.625,4.742792985237521,0.02069246480084419,1.0564475424835644
2026-02-24,-144.04812500000116,14.149999618530273,0.625,2.6077397151943336,0.0020048474494651636,0.8855130186654803
2026-02-25,-90.31651562499974,13.489999771118164,1.0,6.315423403340821,-0.0023839380920331887,0.8762693050949083
2026-02-26,-82.5417343750014,13.0600004196167,1.0,5.167164602733398,-0.006220284318081415,0.8798693080748
2026-02-27,-405.86412500000006,13.699999809265137,0.5,-3.0450471432181345,-0.013157872625823797,0.6263849526183275
2026-03-02,-722.3260937500017,17.1299991607666,0.5,-8.491402208087568,-0.021281851748698788,0.9334991523626168
2026-03-04,-1106.3689062500016,21.139999389648438,0.0,-14.038419988435287,-0.05569035870968453,0.950924103756618
2026-03-05,-822.4589218750007,17.860000610351562,0.5,-6.940525445083411,-0.04948276769439852,1.0149046663211667
2026-03-06,-1135.7932812500003,19.8799991607666,0.0,-10.58770263688643,-0.05231841930276793,0.8351426729611031
2026-03-09,-1552.5417187499988,23.360000610351562,0.0,-13.935393066543444,-0.06928066785283182,0.9946220711511512
2026-03-10,-1315.1576874999992,18.90999984741211,0.0,-6.12895796353554,-0.07341086217840664,1.0248328748267337
2026-03-11,-1702.6572812500017,21.059999465942383,0.25,-10.650965606529082,-0.08970434529674265,0.8344395737946767
2026-03-12,-1920.5209062499998,21.520000457763672,0.2857142857142857,-13.259880950796523,-0.10049431119527719,0.8584075852071066
2026-03-13,-2393.995687499999,22.649999618530273,0.0,-17.93990259610625,-0.11079757471970642,0.7481729807644432
2026-03-16,-2123.5209218749987,21.600000381469727,0.0,-10.678102124086928,-0.08472301302869556,1.027864027138246
2026-03-17,-1938.9085156250003,19.790000915527344,0.0,-6.009356283343847,-0.08592755223439374,1.1063826166715758
2026-03-18,-1731.9269375000003,18.719999313354492,0.0,-0.7349278681904173,-0.07843577168496763,1.139830994099294
2026-03-19,-2489.681734375001,22.799999237060547,0.0,-8.78312280124671,-0.10740664127181776,0.9079506433667454
2026-03-20,-2359.6061249999984,22.809999465942383,0.0,-3.004373201020032,-0.09022091412691657,0.9342840197956184
2026-03-23,-2938.168140624999,26.729999542236328,0.0,-9.549032619016394,-0.1141519932164774,0.8444734552199571
2026-03-24,-2519.1009374999994,24.739999771118164,0.0,-1.4492085064679538,-0.10516720590954176,1.0169327377458577
2026-03-25,-2109.884906250001,24.639999389648438,0.5,5.905193040162588,-0.07479790657752616,1.2092248996059394
2026-03-27,-2577.9353125000016,26.799999237060547,0.5,-1.5321147853215242,-0.09564057067386522,0.9379608554152477
2026-03-30,-3044.3305312500015,27.889999389648438,0.1111111111111111,-8.344457551626707,-0.10984489430500344,0.8246998907753276
2026-04-01,-2678.6389375,25.010000228881836,0.3333333333333333,-2.281828905876393,-0.08359307323065568,0.9301910729418864
2026-04-02,-2629.406921875001,25.520000457763672,0.0,-2.048769104807958,-0.06580665607657332,1.0927038436099916
2026-04-06,-2360.9233281250017,25.469999313354492,0.5,5.051007096066221,-0.04539141922084289,1.222315914212572
2026-04-07,-2193.6233437500014,24.700000762939453,0.5,7.950823987690546,-0.0489875575295845,1.2646950598464533
2026-04-08,-1313.2125156250004,19.700000762939453,1.0,11.777946899019538,-0.009681840244201267,1.1268833775875409
2026-04-09,-1526.5093124999985,20.43000030517578,1.0,8.363774735561439,-0.0033650126338251596,0.973034144730454
2026-04-10,-1242.7929062500007,18.850000381469727,1.0,12.843088420004817,0.0021726837389453024,1.1290327383723655
2026-04-13,-1440.6169218750001,20.5,0.5,6.326163252731209,0.00884334509189566,1.172225305589913
2026-04-15,-1045.4477343750004,18.670000076293945,1.0,12.630497206780085,0.034876771330490386,1.124781337669479
2026-04-16,-1072.1181093749983,18.09000015258789,1.0,9.788588623729158,0.05026316497019612,0.98196490414927
2026-04-17,-907.8629374999982,17.209999084472656,1.0,12.55429978305113,0.043421023958245986,1.09476104001919
2026-04-20,-889.6641093750004,18.790000915527344,1.0,9.362608913405467,0.03901645412400756,1.1337583036443009
2026-04-21,-673.3629062500004,17.530000686645508,1.0,11.478498201877201,0.03801605095806693,1.349035826228436
2026-04-22,-864.2992968750004,18.299999237060547,0.8,7.027862165172253,0.05879338785990673,1.0171974641623034
2026-04-23,-1058.0501250000016,18.59000015258789,0.75,2.6591599533227495,0.051594055464859734,0.9232061780345372
2026-04-24,-1318.6564843749984,19.709999084472656,0.5,-2.3697782200086626,0.06290641850637868,0.784025448544507
2026-04-27,-1109.9028749999998,18.3799991607666,1.0,4.424726910902008,0.05390914792085588,0.9972341102697008
2026-04-28,-1191.919671874999,18.049999237060547,0.7142857142857143,1.6202311089198225,0.02888636012650081,0.8751856601108634
2026-04-29,-996.2584999999999,17.440000534057617,1.0,5.507461816388949,0.057449925846378314,1.0411561773514244
2026-04-30,-1161.9773124999992,18.459999084472656,1.0,0.32428694068186387,0.07012121902236501,0.9829851959036754
2026-05-01,,,1.0,0.26532567873970675,,
2026-05-04,-1025.4533125000016,18.299999237060547,1.0,3.4898119189688526,0.055876850976500414,0.8011302458416408
2026-05-05,-1096.726125000001,17.90999984741211,1.0,1.2189370246108782,0.04802317589337424,0.9663767441526592
2026-05-06,-784.7940781249999,16.68000030517578,0.8,3.7245848383179934,0.04510346625166228,1.186312982974978
2026-05-07,-776.6833125000012,16.6200008392334,0.8,2.138296685896539,0.04027214665849588,1.081560539006556
2026-05-08,-914.8157187500001,16.84000015258789,1.0,0.8404245611880766,0.0036734274930945165,0.9330591339172132
2026-05-11,-1259.5364999999983,18.549999237060547,0.8,-3.1305617226643037,0.0006834463673930369,0.7564237342996308
2026-05-12,-1678.09053125,19.280000686645508,0.0,-10.015914136725344,-0.026527884766628373,0.6850017681594065
2026-05-13,-1628.2649062499986,19.43000030517578,0.25,-8.740293384593462,-0.015977323625631312,0.9345201318621288
2026-05-14,-1336.8432968749985,18.610000610351562,0.6666666666666666,-2.969330951031011,-0.019617582727339045,1.165601593077446
2026-05-15,-1367.496109374999,18.790000915527344,1.0,-3.7021798690253727,-0.014326389746629697,1.0065402555844705
2026-05-18,-1344.6868906249983,19.6299991607666,1.0,-3.57451080192985,-0.017628332071001118,1.239605596956623
2026-05-19,-1358.5737031249992,18.68000030517578,1.0,-2.7427815652153313,-0.023126258102110775,0.96396061264813
2026-05-20,-1299.8125,18.440000534057617,0.5,-2.7895485533579985,-0.028795144452869792,1.2385933391322488
2026-05-21,-1286.0704687500001,17.81999969482422,1.0,-2.6459942709292714,-0.020459223439804886,0.9999173846835504
2026-05-22,-1203.1157187499994,17.90999984741211,1.0,-1.6194498580330396,-0.01705566363879618,1.0750566264600836
2026-05-25,-875.6904687499991,16.700000762939453,1.0,3.9477228434275164,0.0028485207279480562,1.2586212695885883
2026-05-26,-976.5788593750003,16.1299991607666,1.0,1.5935914173497847,-0.008115758662991968,0.97714329785385
2026-05-27,-964.8476875000015,14.979999542236328,1.0,4.212938432377098,-0.008496282329539806,1.0175533264754613
2026-05-28,,,1.0,3.446949626490352,,
2026-05-29,-1304.0848750000005,16.190000534057617,0.0,-3.9070412146897167,-0.029140486522509335,0.7444959367233172
2026-06-01,-1448.6200624999983,16.540000915527344,0.0,-8.469397357473406,-0.02975067277634469,0.6928540160926779
2026-06-02,-1328.4588906249992,15.359999656677246,0.5,-6.020416019750967,-0.03013598635309822,1.0540824917957634
2026-06-03,-1384.0124531250003,16.280000686645508,0.3333333333333333,-6.925794925250791,-0.03091537787565124,1.0163694058159565
2026-06-04,-1350.6692812500005,15.890000343322754,0.5,-6.212014029750647,-0.037923822235295,1.0031721815047674
2026-06-05,-1377.8308437500018,15.789999961853027,0.3333333333333333,-5.628011478886893,-0.042194057004244945,0.8273227257744077
2026-06-08,-1597.1080624999995,17.030000686645508,0.0,-10.24110030090746,-0.04869324302161537,0.7764380029095037
2026-06-09,-1455.6876562500001,15.579999923706055,0.4,-6.015445700742465,-0.03610209420141519,0.930421456710232
2026-06-10,-1460.6696406250012,15.630000114440918,0.0,-6.194455573334744,-0.020107778857230696,0.934396491267562
2026-06-11,-1491.0420468750017,15.609999656677246,0.0,-7.068190923637518,-0.022760640137967414,0.985253091878226
2026-06-12,-1009.2328750000015,14.720000267028809,0.0,-1.6012471193397837,-0.01688555051057361,1.4120020194642535
2026-06-15,-761.3796718750018,14.350000381469727,0.5,1.0535250841765422,-0.011424939523640099,0.9881245846327976
2026-06-16,-611.3256718750017,13.359999656677246,1.0,3.2256114325080816,-0.005678133859721157,1.1116800803118865
2026-06-17,-501.3984375,13.1899995803833,1.0,4.820954808415705,0.0008437065693771562,1.100042264912296
2026-06-18,-405.2532500000016,12.670000076293945,1.0,6.308053934158304,0.0015277981230119586,1.1229213599085823
2026-06-19,-543.8828437500015,12.970000267028809,0.0,3.8884077643113377,-0.006550318479641826,0.9100303893945824
2026-06-22,-438.6868593750005,12.84000015258789,1.0,5.908697261709277,-0.0013533138219101737,0.9653915169384096
2026-06-23,-701.199640625,13.9399995803833,0.0,-0.07470224041968658,-0.02336965635913346,0.7193411413649995
2026-06-24,-489.2736562499995,13.390000343322754,0.6666666666666666,1.575243621474803,-0.013655177620785386,1.2084584906740776
2026-06-25,-440.8476406250011,13.050000190734863,0.5,-0.7111643097024355,-0.01153949130897991,1.0607829299192766
2026-06-26,,,0.5,-0.5818617079383562,,
2026-06-29,-534.4364375000005,13.609999656677246,1.0,-1.748795942858656,-0.002570773175258223,0.8503094512389805
2026-06-30,-596.4832343749986,13.600000381469727,0.2,-2.7035603168843556,-0.0043286741018810915,0.90560914388913
2026-07-01,-439.0132187499985,13.239999771118164,0.3333333333333333,0.151632468003711,0.0006878143958317651,1.1348963563889267
2026-07-02,-253.4324062500018,12.289999961853027,1.0,5.033153837457585,0.00961475044010629,1.282068092326614
2026-07-03,-144.1104062500017,11.800000190734863,1.0,6.84530768519257,0.010832897777809603,1.0657903676574312
2026-07-06,27.483593749999272,11.819999694824219,1.0,6.327979015157557,0.02405487698473263,1.380126526678698
2026-07-07,8.154406249999738,11.649999618530273,1.0,5.359255557856182,0.034748073705825444,1.0283629721573413
2026-07-08,-490.5136406249985,14.680000305175781,0.5,-2.706063634481311,0.015326588966902976,0.8077188845974409
2026-07-09,-392.293640625001,13.359999656677246,1.0,0.14958429906074736,0.01592089475856384,0.9413868982927928
2026-07-10,-131.22082812499866,12.25,1.0,5.395114426504251,0.0260961160295321,1.2498737698896183
2026-07-13,-110.80681249999907,13.279999732971191,1.0,3.1414572580489315,0.011358886658934919,1.4303080412030251
2026-07-14,-252.74284374999843,13.75,0.75,-0.15698951614178544,0.0022299132389824727,1.01196612974367
2026-07-15,-209.79562499999884,13.270000457763672,1.0,0.05337221406581206,-0.007442926244402903,0.9475207516541282
2026-07-16,-201.1128281249985,12.880000114440918,1.0,0.9527590842356649,-0.015084326303850482,0.9700124657499885
2026-07-17,71.22995312499916,13.149999618530273,1.0,5.324984705283729,-0.004943305064642578,1.4233670153822529
2026-07-20,-12.156828125000175,12.979999542236328,1.0,9.084078395232146,0.0016320234075550832,1.2763813065507643
2026-07-21,-50.600796874998196,12.600000381469727,1.0,10.523336868826302,-0.008302079028322584,0.9065377791783488
2026-07-22,-228.69521874999919,13.289999961853027,1.0,5.155457438130607,-0.0015519030535779965,0.8438103151681353
2026-07-23,-340.74760937500105,13.479999542236328,1.0,2.218101540288676,-0.011043523205681582,0.7965833443091233
2026-07-24,-428.35359374999825,14.029999732971191,0.5,-0.912462376127449,-0.014344732465996213,0.8919862705967403
2026-07-27,-189.96118750000096,12.65999984741211,1.0,5.61707623771391,-0.0036273380400133615,1.1059586875514016
2026-07-28,-191.18359375,12.5600004196167,0.6666666666666666,6.959426012675017,0.004009386073900112,0.9896756459462436
2026-07-29,81.98362500000076,12.010000228881836,1.0,9.512257646734106,0.006829842166348632,1.183431074866786
2026-07-30,154.7867968749997,12.15999984741211,1.0,8.691847165509722,0.002838911694348134,1.2576571180973666
2026-07-31,227.57042187499974,11.760000228881836,1.0,9.475147680871592,0.0049789425629391815,1.386611651560709
2026-08-03,622.8191875000011,11.930000305175781,1.0,14.116029920713125,0.014745974405869444,1.398036060414006
2026-08-04,469.8507968749982,12.1899995803833,0.5,7.549479026038006,0.011529619287271142,0.9976235305614384
2026-08-05,485.16879687500114,12.0600004196167,1.0,6.722301021303823,0.025734336898400878,0.9068153088684135
2026-08-06,500.13760937500047,12.15999984741211,1.0,1.1364281083394878,0.02441954016555381,1.0449592402176624
2026-08-07,444.0432031249984,12.15999984741211,1.0,1.1116229977323082,0.012024700548951328,0.8895718140729263
2026-08-10,466.7311875000014,12.25,1.0,1.454964270871889,0.011057452392559064,0.9886921364225932
2026-08-11,363.99843749999854,11.859999656677246,1.0,-2.991392869286639,0.010400498374757206,0.8727580645170291
2026-08-12,338.31043750000026,11.6899995803833,1.0,-3.5384123475981593,0.00915573432190775,0.9173360106648552
2026-08-13,309.9824374999989,11.420000076293945,0.5,-3.440519193489403,0.010087341335770494,0.9200880869137475
2026-08-14,292.68603124999936,11.3100004196167,0.0,-7.724061158309514,-0.004373473452216281,0.9826509787909028
2026-08-17,227.666015625,11.329999923706055,0.0,-8.683322765889603,-0.0033251740003295005,0.99088925688706
2026-08-18,108.1344062499993,11.390000343322754,0.0,-11.286354990273313,-0.0033587288587521025,0.7708748069926896
2026-08-19,42.67718750000131,11.319999694824219,0.0,-12.325199537496347,-0.0009314553271384529,0.8122052928202776
2026-08-20,207.8332187499982,10.760000228881836,0.5,-4.99334507613337,0.010484539111951685,1.122179711485653
2026-08-21,239.770812499999,11.199999809265137,0.0,-4.08546415320003,0.016368441297951453,1.1137021902603643
2026-08-24,219.62398437500087,11.529999732971191,0.5,-2.9790161253454785,0.010298094097261457,0.8289603993792635
2026-08-25,344.0823750000018,11.079999923706055,1.0,-0.0737404661917532,0.012890562857269972,1.1271491057368326
2026-08-26,228.18959375000122,10.569999694824219,1.0,-3.5148785632478003,-0.0027518269297863718,0.905990396667479
2026-08-27,124.26640625000073,11.069999694824219,0.5,-5.6030824608391105,-0.008305260938203052,0.7726243535659525
2026-08-28,219.0591874999991,10.680000305175781,0.6666666666666666,-2.4025220134138157,-0.007527614788800374,0.8894600943980375
2026-08-31,135.0259843749991,11.1899995803833,0.4,-4.329336192793123,-0.024671146025435187,0.906288464738938
2026-09-01,121.95237500000076,11.489999771118164,1.0,-4.8149114304671015,-0.020707197322341497,0.8761334749665511
2026-09-02,-9.285578125000029,11.59000015258789,0.0,-7.394018443109449,-0.022509825518775006,0.8722589132100849
2026-09-03,-42.347578125001746,11.34000015258789,0.0,-6.595105998907731,-0.0246299527984275,0.79530072747286
2026-09-04,-13.435171875000378,10.680000305175781,0.5,-5.941450362742688,-0.01973961081206488,0.9213180412740414
2026-09-07,-124.09000000000015,11.15999984741211,0.0,-9.04300484224402,-0.025749566380666944,0.6922431793363533
2026-09-08,-261.61798437499965,11.229999542236328,0.5,-9.398822143654199,-0.0301877176712676,0.7188599972186709
2026-09-09,-460.44518750000134,11.920000076293945,0.0,-11.508127208444346,-0.03644650820274897,0.7518544096016966
2026-09-10,-407.8740156249987,11.800000190734863,0.0,-9.961194988727192,-0.02932294492245613,0.770582365867316
2026-09-11,-483.8251874999987,12.289999961853027,0.0,-12.877341354413158,-0.027439177008430682,1.0062097324793502
2026-09-14,,,0.0,-10.536006562701672,,
2026-09-15,-759.1607812500006,13.430000305175781,0.0,-13.893096278574099,-0.035487984733833855,0.6736085906044956
2026-09-16,-660.6927812499998,13.170000076293945,0.0,-8.82162422792426,-0.02814420273511531,0.96129565820004
2026-09-17,-606.5871718749986,12.289999961853027,0.5,-4.126783459210756,-0.022548442646789013,0.9874168960306704
2026-09-18,-528.9083906250016,11.390000343322754,0.0,-3.194641012081527,-0.02986964346181087,1.0622476811272965
2026-09-21,-458.09999999999854,11.25,0.0,-1.3410699189757938,-0.02686968286549163,1.2029980632015098
2026-09-22,-546.0155781249996,11.0,0.0,-4.915420842798379,-0.02973830837847591,0.9117503577747734
2026-09-23,-430.87320312500015,10.350000381469727,1.0,0.5237465831649667,-0.028819507893246166,1.0346025010116136
2026-09-24,-818.9779687500013,12.6899995803833,0.0,-7.026025522865033,-0.03494704987399788,0.8068989797994401
2026-09-25,-743.4023750000015,12.15999984741211,0.0,-1.384929973253205,-0.029762502601592078,0.9681655132791516
2026-09-28,-1099.4427812499998,13.640000343322754,0.0,-8.2240336144799,-0.04336197732055436,0.7101637274063244
2026-09-29,-1162.6663593750018,13.40999984741211,0.0,-9.637845684574465,-0.046270103178723265,0.8943953166641457
2026-09-30,-1260.7287499999984,13.489999771118164,0.0,-10.067328287379109,-0.05095444166938545,0.7880489472666171
2026-10-01,-1457.1691406249993,14.460000038146973,0.0,-12.05508678058291,-0.051343571616666694,0.7731736186819544
2026-10-05,,,0.5,-9.863252820476925,,0.9367733285568851
